,lon,lat,A_growth,n_A_end,mean_Temp,tot_mu
1,34.9,29.5,0.046362166,20647488.23,25.22479633,0
2,34.9,29.6,0.046362166,20647488.23,25.22479633,0
3,34.9,29.7,0.046362166,20647488.23,25.22479633,0
4,35,29.7,0.046362166,20647488.23,25.22479633,0
5,34.8,29.8,0.044576411,10731544.74,25.24153751,0
6,34.9,29.8,0.044576411,10731544.74,25.24153751,0
7,35,29.8,0.044576411,10731544.74,25.24153751,0
8,34.8,29.9,0.044576411,10731544.74,25.24153751,0
9,34.9,29.9,0.044576411,10731544.74,25.24153751,0
10,35,29.9,0.044576411,10731544.74,25.24153751,0
11,34.8,30,0.044576411,10731544.74,25.24153751,0
12,34.9,30,0.044576411,10731544.74,25.24153751,0
13,35,30,0.044576411,10731544.74,25.24153751,0
14,34.7,30.1,0.044576411,10731544.74,25.24153751,0
15,34.8,30.1,0.044576411,10731544.74,25.24153751,0
16,34.9,30.1,0.044576411,10731544.74,25.24153751,0
17,35,30.1,0.044576411,10731544.74,25.24153751,0
18,35.1,30.1,0.044576411,10731544.74,25.24153751,0
19,34.7,30.2,0.044576411,10731544.74,25.24153751,0
20,34.8,30.2,0.044576411,10731544.74,25.24153751,0
21,34.9,30.2,0.044576411,10731544.74,25.24153751,0
22,35,30.2,0.044576411,10731544.74,25.24153751,0
23,35.1,30.2,0.044576411,10731544.74,25.24153751,0
24,34.7,30.3,0.040399469,2358491.958,25.73579087,0
25,34.8,30.3,0.040399469,2358491.958,25.73579087,0
26,34.9,30.3,0.040399469,2358491.958,25.73579087,0
27,35,30.3,0.040399469,2358491.958,25.73579087,0
28,35.1,30.3,0.040399469,2358491.958,25.73579087,0
29,34.6,30.4,0.049567222,65378274.19,24.58358244,0
30,34.7,30.4,0.040399469,2358491.958,25.73579087,0
31,34.8,30.4,0.040399469,2358491.958,25.73579087,0
32,34.9,30.4,0.040399469,2358491.958,25.73579087,0
33,35,30.4,0.040399469,2358491.958,25.73579087,0
34,35.1,30.4,0.040399469,2358491.958,25.73579087,0
35,34.6,30.5,0.049567222,65378274.19,24.58358244,0
36,34.7,30.5,0.040399469,2358491.958,25.73579087,0
37,34.8,30.5,0.040399469,2358491.958,25.73579087,0
38,34.9,30.5,0.040399469,2358491.958,25.73579087,0
39,35,30.5,0.040399469,2358491.958,25.73579087,0
40,35.1,30.5,0.040399469,2358491.958,25.73579087,0
41,34.5,30.6,0.049567222,65378274.19,24.58358244,0
42,34.6,30.6,0.049567222,65378274.19,24.58358244,0
43,34.7,30.6,0.040399469,2358491.958,25.73579087,0
44,34.8,30.6,0.040399469,2358491.958,25.73579087,0
45,34.9,30.6,0.040399469,2358491.958,25.73579087,0
46,35,30.6,0.040399469,2358491.958,25.73579087,0
47,35.1,30.6,0.040399469,2358491.958,25.73579087,0
48,35.2,30.6,0.040399469,2358491.958,25.73579087,0
49,34.5,30.7,0.049567222,65378274.19,24.58358244,0
50,34.6,30.7,0.049567222,65378274.19,24.58358244,0
51,34.7,30.7,0.040399469,2358491.958,25.73579087,0
52,34.8,30.7,0.040399469,2358491.958,25.73579087,0
53,34.9,30.7,0.040399469,2358491.958,25.73579087,0
54,35,30.7,0.040399469,2358491.958,25.73579087,0
55,35.1,30.7,0.040399469,2358491.958,25.73579087,0
56,35.2,30.7,0.040399469,2358491.958,25.73579087,0
57,34.5,30.8,0.049136304,57030778.83,25.24598077,0
58,34.6,30.8,0.049136304,57030778.83,25.24598077,0
59,34.7,30.8,0.040183947,2182342.72,25.77874836,0
60,34.8,30.8,0.040183947,2182342.72,25.77874836,0
61,34.9,30.8,0.040183947,2182342.72,25.77874836,0
62,35,30.8,0.040183947,2182342.72,25.77874836,0
63,35.1,30.8,0.040183947,2182342.72,25.77874836,0
64,35.2,30.8,0.040183947,2182342.72,25.77874836,0
65,34.4,30.9,0.049136304,57030778.83,25.24598077,0
66,34.5,30.9,0.049136304,57030778.83,25.24598077,0
67,34.6,30.9,0.049136304,57030778.83,25.24598077,0
68,34.7,30.9,0.040183947,2182342.72,25.77874836,0
69,34.8,30.9,0.040183947,2182342.72,25.77874836,0
71,35,30.9,0.040183947,2182342.72,25.77874836,0
72,35.1,30.9,0.040183947,2182342.72,25.77874836,0
73,35.2,30.9,0.040183947,2182342.72,25.77874836,0
74,35.3,30.9,0.040183947,2182342.72,25.77874836,0
75,34.4,31,0.049136304,57030778.83,25.24598077,0
76,34.5,31,0.049136304,57030778.83,25.24598077,0
77,34.6,31,0.049136304,57030778.83,25.24598077,0
78,34.7,31,0.040183947,2182342.72,25.77874836,0
79,34.8,31,0.040183947,2182342.72,25.77874836,0
80,34.9,31,0.040183947,2182342.72,25.77874836,0
81,35,31,0.040183947,2182342.72,25.77874836,0
82,35.1,31,0.040183947,2182342.72,25.77874836,0
83,35.2,31,0.040183947,2182342.72,25.77874836,0
84,35.3,31,0.040183947,2182342.72,25.77874836,0
85,34.3,31.1,0.049136304,57030778.83,25.24598077,0
86,34.4,31.1,0.049136304,57030778.83,25.24598077,0
87,34.5,31.1,0.049136304,57030778.83,25.24598077,0
88,34.6,31.1,0.049136304,57030778.83,25.24598077,0
89,34.7,31.1,0.040183947,2182342.72,25.77874836,0
90,34.8,31.1,0.040183947,2182342.72,25.77874836,0
91,34.9,31.1,0.040183947,2182342.72,25.77874836,0
92,35,31.1,0.040183947,2182342.72,25.77874836,0
93,35.1,31.1,0.040183947,2182342.72,25.77874836,0
94,35.2,31.1,0.040183947,2182342.72,25.77874836,0
95,35.3,31.1,0.040183947,2182342.72,25.77874836,0
96,35.4,31.1,0.044398812,9783245.441,24.33035983,0
97,34.3,31.2,0.049136304,57030778.83,25.24598077,0
98,34.4,31.2,0.049136304,57030778.83,25.24598077,0
99,34.5,31.2,0.049136304,57030778.83,25.24598077,0
100,34.6,31.2,0.049136304,57030778.83,25.24598077,0
101,34.7,31.2,0.040183947,2182342.72,25.77874836,0
102,34.8,31.2,0.040183947,2182342.72,25.77874836,0
103,34.9,31.2,0.040183947,2182342.72,25.77874836,0
104,35,31.2,0.040183947,2182342.72,25.77874836,0
105,35.1,31.2,0.040183947,2182342.72,25.77874836,0
106,35.2,31.2,0.040183947,2182342.72,25.77874836,0
107,35.3,31.2,0.040183947,2182342.72,25.77874836,0
108,35.4,31.2,0.044398812,9783245.441,24.33035983,0
109,34.4,31.3,0.056824098,940456445.2,24.65258165,0
110,34.5,31.3,0.056824098,940456445.2,24.65258165,0
111,34.6,31.3,0.056824098,940456445.2,24.65258165,0
112,34.7,31.3,0.044766945,11399421.37,24.92471104,0
113,34.8,31.3,0.044766945,11399421.37,24.92471104,0
114,34.9,31.3,0.044766945,11399421.37,24.92471104,0
115,35,31.3,0.044766945,11399421.37,24.92471104,0
116,35.1,31.3,0.044766945,11399421.37,24.92471104,0
117,35.2,31.3,0.044766945,11399421.37,24.92471104,0
118,35.3,31.3,0.044766945,11399421.37,24.92471104,0
119,35.4,31.3,0.031448361,92021.92996,26.98988149,0
120,34.4,31.4,0.056824098,940456445.2,24.65258165,0
121,34.5,31.4,0.056824098,940456445.2,24.65258165,0
122,34.6,31.4,0.056824098,940456445.2,24.65258165,0
123,34.7,31.4,0.044766945,11399421.37,24.92471104,0
124,34.8,31.4,0.044766945,11399421.37,24.92471104,0
125,35.3,31.4,0.044766945,11399421.37,24.92471104,0
126,35.4,31.4,0.031448361,92021.92996,26.98988149,0
127,34.5,31.5,0.056824098,940456445.2,24.65258165,0
128,34.6,31.5,0.056824098,940456445.2,24.65258165,0
129,34.7,31.5,0.044766945,11399421.37,24.92471104,0
130,34.8,31.5,0.044766945,11399421.37,24.92471104,0
131,34.9,31.5,0.044766945,11399421.37,24.92471104,0
132,34.5,31.6,0.056824098,940456445.2,24.65258165,0
133,34.6,31.6,0.056824098,940456445.2,24.65258165,0
134,34.7,31.6,0.044766945,11399421.37,24.92471104,0
135,34.8,31.6,0.044766945,11399421.37,24.92471104,0
136,34.9,31.6,0.044766945,11399421.37,24.92471104,0
138,34.7,31.7,0.044766945,11399421.37,24.92471104,0
139,34.8,31.7,0.044766945,11399421.37,24.92471104,0
140,34.9,31.7,0.044766945,11399421.37,24.92471104,0
141,35,31.7,0.044766945,11399421.37,24.92471104,0
142,34.7,31.8,0.048625151,46301915.74,24.50125455,0
143,34.8,31.8,0.048625151,46301915.74,24.50125455,0
144,34.9,31.8,0.048625151,46301915.74,24.50125455,0
145,35,31.8,0.048625151,46301915.74,24.50125455,0
146,35.1,31.8,0.048625151,46301915.74,24.50125455,0
147,34.7,31.9,0.048625151,46301915.74,24.50125455,0
148,34.8,31.9,0.048625151,46301915.74,24.50125455,0
149,34.9,31.9,0.048625151,46301915.74,24.50125455,0
150,34.8,32,0.048625151,46301915.74,24.50125455,0
151,34.9,32,0.048625151,46301915.74,24.50125455,0
152,34.8,32.1,0.048625151,46301915.74,24.50125455,0
153,34.9,32.1,0.048625151,46301915.74,24.50125455,0
154,34.9,32.2,0.048625151,46301915.74,24.50125455,0
155,34.9,32.3,0.052826956,215491765.5,24.38749125,0
156,35,32.3,0.052826956,215491765.5,24.38749125,0
157,34.9,32.4,0.052826956,215491765.5,24.38749125,0
158,35,32.4,0.052826956,215491765.5,24.38749125,0
159,34.9,32.5,0.052826956,215491765.5,24.38749125,0
160,35,32.5,0.052826956,215491765.5,24.38749125,0
161,35.1,32.5,0.052826956,215491765.5,24.38749125,0
162,35.4,32.5,0.03275716,147182.5742,26.57575513,0
163,35.5,32.5,0.03275716,147182.5742,26.57575513,0
164,35,32.6,0.052826956,215491765.5,24.38749125,0
165,35.1,32.6,0.052826956,215491765.5,24.38749125,0
166,35.2,32.6,0.052826956,215491765.5,24.38749125,0
167,35.3,32.6,0.052826956,215491765.5,24.38749125,0
168,35.4,32.6,0.03275716,147182.5742,26.57575513,0
169,35.5,32.6,0.03275716,147182.5742,26.57575513,0
170,35,32.7,0.052826956,215491765.5,24.38749125,0
171,35.1,32.7,0.052826956,215491765.5,24.38749125,0
172,35.2,32.7,0.052826956,215491765.5,24.38749125,0
173,35.3,32.7,0.052826956,215491765.5,24.38749125,0
174,35.4,32.7,0.03275716,147182.5742,26.57575513,0
175,35.5,32.7,0.03275716,147182.5742,26.57575513,0
176,35.6,32.7,0.03275716,147182.5742,26.57575513,0
177,35,32.8,0.052123761,161730314.8,23.32599068,0
178,35.1,32.8,0.052123761,161730314.8,23.32599068,0
179,35.2,32.8,0.052123761,161730314.8,23.32599068,0
180,35.3,32.8,0.052123761,161730314.8,23.32599068,0
181,35.4,32.8,0.041785218,3798180.306,24.66379733,0
182,35.5,32.8,0.041785218,3798180.306,24.66379733,0
183,35.6,32.8,0.041785218,3798180.306,24.66379733,0
184,35.7,32.8,0.041785218,3798180.306,24.66379733,0
185,35.8,32.8,0.041785218,3798180.306,24.66379733,0
186,35.1,32.9,0.052123761,161730314.8,23.32599068,0
187,35.2,32.9,0.052123761,161730314.8,23.32599068,0
188,35.3,32.9,0.052123761,161730314.8,23.32599068,0
189,35.4,32.9,0.041785218,3798180.306,24.66379733,0
190,35.5,32.9,0.041785218,3798180.306,24.66379733,0
191,35.6,32.9,0.041785218,3798180.306,24.66379733,0
192,35.7,32.9,0.041785218,3798180.306,24.66379733,0
193,35.8,32.9,0.041785218,3798180.306,24.66379733,0
194,35.1,33,0.052123761,161730314.8,23.32599068,0
195,35.2,33,0.052123761,161730314.8,23.32599068,0
196,35.3,33,0.052123761,161730314.8,23.32599068,0
197,35.4,33,0.041785218,3798180.306,24.66379733,0
198,35.5,33,0.041785218,3798180.306,24.66379733,0
199,35.6,33,0.041785218,3798180.306,24.66379733,0
200,35.7,33,0.041785218,3798180.306,24.66379733,0
201,35.8,33,0.041785218,3798180.306,24.66379733,0
202,35.5,33.1,0.041785218,3798180.306,24.66379733,0
203,35.6,33.1,0.041785218,3798180.306,24.66379733,0
204,35.7,33.1,0.041785218,3798180.306,24.66379733,0
205,35.8,33.1,0.041785218,3798180.306,24.66379733,0
206,35.6,33.2,0.041785218,3798180.306,24.66379733,0
207,35.7,33.2,0.041785218,3798180.306,24.66379733,0
208,35.8,33.2,0.041785218,3798180.306,24.66379733,0
209,35.7,33.3,0.039823832,1696687.233,21.50778974,0
210,35.8,33.3,0.039823832,1696687.233,21.50778974,0
701,34.9,30.9,0.040183947,2182342.72,25.77874836,0
1371,34.6,31.7,0.056824098,940456445.2,24.65258165,0
