"","...1","trapID","dist","lure","date","ntrap","ntotalrecap","nmark","nfly","prop.fly","prop.recap","ntrap_ad"
"1",1,"RP",0,"querc","1-Mar",108,14,318,210,0.660377358490566,0.0666666666666667,7.2
"2",2,"1",91,"querc","1-Mar",1,14,318,210,0.660377358490566,0.0666666666666667,1
"3",3,"2",69,"querc","1-Mar",0,14,318,210,0.660377358490566,0.0666666666666667,0
"4",4,"3",48,"querc","1-Mar",0,14,318,210,0.660377358490566,0.0666666666666667,0
"5",5,"4",35,"querc","1-Mar",0,14,318,210,0.660377358490566,0.0666666666666667,0
"6",6,"5",33,"querc","1-Mar",1,14,318,210,0.660377358490566,0.0666666666666667,1
"7",7,"6",47,"querc","1-Mar",0,14,318,210,0.660377358490566,0.0666666666666667,0
"8",8,"7",67,"querc","1-Mar",0,14,318,210,0.660377358490566,0.0666666666666667,0
"9",9,"8",88,"querc","1-Mar",0,14,318,210,0.660377358490566,0.0666666666666667,0
"10",10,"9",85,"querc","1-Mar",0,14,318,210,0.660377358490566,0.0666666666666667,0
"11",11,"10",57,"querc","1-Mar",0,14,318,210,0.660377358490566,0.0666666666666667,0
"12",12,"11",37,"querc","1-Mar",0,14,318,210,0.660377358490566,0.0666666666666667,0
"13",13,"12",17,"querc","1-Mar",9,14,318,210,0.660377358490566,0.0666666666666667,9
"14",14,"13",15,"querc","1-Mar",0,14,318,210,0.660377358490566,0.0666666666666667,0
"15",15,"14",37,"querc","1-Mar",0,14,318,210,0.660377358490566,0.0666666666666667,0
"16",16,"15",67,"querc","1-Mar",0,14,318,210,0.660377358490566,0.0666666666666667,0
"17",17,"16",85,"querc","1-Mar",1,14,318,210,0.660377358490566,0.0666666666666667,1
"18",18,"17",83,"querc","1-Mar",0,14,318,210,0.660377358490566,0.0666666666666667,0
"19",19,"18",61,"querc","1-Mar",0,14,318,210,0.660377358490566,0.0666666666666667,0
"20",20,"19",41,"querc","1-Mar",0,14,318,210,0.660377358490566,0.0666666666666667,0
"21",21,"20",16,"querc","1-Mar",1,14,318,210,0.660377358490566,0.0666666666666667,1
"22",22,"21",16,"querc","1-Mar",0,14,318,210,0.660377358490566,0.0666666666666667,0
"23",23,"22",35,"querc","1-Mar",0,14,318,210,0.660377358490566,0.0666666666666667,0
"24",24,"23",61,"querc","1-Mar",0,14,318,210,0.660377358490566,0.0666666666666667,0
"25",25,"24",86,"querc","1-Mar",0,14,318,210,0.660377358490566,0.0666666666666667,0
"26",26,"25",91,"querc","1-Mar",0,14,318,210,0.660377358490566,0.0666666666666667,0
"27",27,"26",69,"querc","1-Mar",0,14,318,210,0.660377358490566,0.0666666666666667,0
"28",28,"27",49,"querc","1-Mar",0,14,318,210,0.660377358490566,0.0666666666666667,0
"29",29,"28",35,"querc","1-Mar",0,14,318,210,0.660377358490566,0.0666666666666667,0
"30",30,"29",37,"querc","1-Mar",0,14,318,210,0.660377358490566,0.0666666666666667,0
"31",31,"30",46,"querc","1-Mar",0,14,318,210,0.660377358490566,0.0666666666666667,0
"32",32,"31",69,"querc","1-Mar",0,14,318,210,0.660377358490566,0.0666666666666667,0
"33",33,"32",88,"querc","1-Mar",0,14,318,210,0.660377358490566,0.0666666666666667,0
"34",34,"33",61,"querc","1-Mar",0,14,318,210,0.660377358490566,0.0666666666666667,0
"35",35,"34",77,"querc","1-Mar",0,14,318,210,0.660377358490566,0.0666666666666667,0
"36",36,"35",100,"querc","1-Mar",0,14,318,210,0.660377358490566,0.0666666666666667,0
"37",37,"36",125,"querc","1-Mar",0,14,318,210,0.660377358490566,0.0666666666666667,0
"38",38,"37",114,"querc","1-Mar",0,14,318,210,0.660377358490566,0.0666666666666667,0
"39",39,"38",102,"querc","1-Mar",0,14,318,210,0.660377358490566,0.0666666666666667,0
"40",40,"39",97,"querc","1-Mar",0,14,318,210,0.660377358490566,0.0666666666666667,0
"41",41,"40",94,"querc","1-Mar",1,14,318,210,0.660377358490566,0.0666666666666667,1
"42",42,"41",98,"querc","1-Mar",0,14,318,210,0.660377358490566,0.0666666666666667,0
"43",43,"42",103,"querc","1-Mar",0,14,318,210,0.660377358490566,0.0666666666666667,0
"44",44,"43",118,"querc","1-Mar",0,14,318,210,0.660377358490566,0.0666666666666667,0
"45",45,"44",130,"querc","1-Mar",0,14,318,210,0.660377358490566,0.0666666666666667,0
"46",46,"RP",0,"querc","2-Mar",22,10,537,515,0.95903165735568,0.0194174757281553,0.427184466019417
"47",47,"1",91,"querc","2-Mar",0,10,537,515,0.95903165735568,0.0194174757281553,0
"48",48,"2",69,"querc","2-Mar",0,10,537,515,0.95903165735568,0.0194174757281553,0
"49",49,"3",48,"querc","2-Mar",0,10,537,515,0.95903165735568,0.0194174757281553,0
"50",50,"4",35,"querc","2-Mar",1,10,537,515,0.95903165735568,0.0194174757281553,1
"51",51,"5",33,"querc","2-Mar",0,10,537,515,0.95903165735568,0.0194174757281553,0
"52",52,"6",47,"querc","2-Mar",0,10,537,515,0.95903165735568,0.0194174757281553,0
"53",53,"7",67,"querc","2-Mar",0,10,537,515,0.95903165735568,0.0194174757281553,0
"54",54,"8",88,"querc","2-Mar",0,10,537,515,0.95903165735568,0.0194174757281553,0
"55",55,"9",85,"querc","2-Mar",0,10,537,515,0.95903165735568,0.0194174757281553,0
"56",56,"10",57,"querc","2-Mar",0,10,537,515,0.95903165735568,0.0194174757281553,0
"57",57,"11",37,"querc","2-Mar",0,10,537,515,0.95903165735568,0.0194174757281553,0
"58",58,"12",17,"querc","2-Mar",6,10,537,515,0.95903165735568,0.0194174757281553,6
"59",59,"13",15,"querc","2-Mar",0,10,537,515,0.95903165735568,0.0194174757281553,0
"60",60,"14",37,"querc","2-Mar",0,10,537,515,0.95903165735568,0.0194174757281553,0
"61",61,"15",67,"querc","2-Mar",0,10,537,515,0.95903165735568,0.0194174757281553,0
"62",62,"16",85,"querc","2-Mar",0,10,537,515,0.95903165735568,0.0194174757281553,0
"63",63,"17",83,"querc","2-Mar",0,10,537,515,0.95903165735568,0.0194174757281553,0
"64",64,"18",61,"querc","2-Mar",0,10,537,515,0.95903165735568,0.0194174757281553,0
"65",65,"19",41,"querc","2-Mar",0,10,537,515,0.95903165735568,0.0194174757281553,0
"66",66,"20",16,"querc","2-Mar",2,10,537,515,0.95903165735568,0.0194174757281553,2
"67",67,"21",16,"querc","2-Mar",0,10,537,515,0.95903165735568,0.0194174757281553,0
"68",68,"22",35,"querc","2-Mar",0,10,537,515,0.95903165735568,0.0194174757281553,0
"69",69,"23",61,"querc","2-Mar",0,10,537,515,0.95903165735568,0.0194174757281553,0
"70",70,"24",86,"querc","2-Mar",0,10,537,515,0.95903165735568,0.0194174757281553,0
"71",71,"25",91,"querc","2-Mar",0,10,537,515,0.95903165735568,0.0194174757281553,0
"72",72,"26",69,"querc","2-Mar",0,10,537,515,0.95903165735568,0.0194174757281553,0
"73",73,"27",49,"querc","2-Mar",0,10,537,515,0.95903165735568,0.0194174757281553,0
"74",74,"28",35,"querc","2-Mar",0,10,537,515,0.95903165735568,0.0194174757281553,0
"75",75,"29",37,"querc","2-Mar",1,10,537,515,0.95903165735568,0.0194174757281553,1
"76",76,"30",46,"querc","2-Mar",0,10,537,515,0.95903165735568,0.0194174757281553,0
"77",77,"31",69,"querc","2-Mar",0,10,537,515,0.95903165735568,0.0194174757281553,0
"78",78,"32",88,"querc","2-Mar",0,10,537,515,0.95903165735568,0.0194174757281553,0
"79",79,"33",61,"querc","2-Mar",0,10,537,515,0.95903165735568,0.0194174757281553,0
"80",80,"34",77,"querc","2-Mar",0,10,537,515,0.95903165735568,0.0194174757281553,0
"81",81,"35",100,"querc","2-Mar",0,10,537,515,0.95903165735568,0.0194174757281553,0
"82",82,"36",125,"querc","2-Mar",0,10,537,515,0.95903165735568,0.0194174757281553,0
"83",83,"37",114,"querc","2-Mar",0,10,537,515,0.95903165735568,0.0194174757281553,0
"84",84,"38",102,"querc","2-Mar",0,10,537,515,0.95903165735568,0.0194174757281553,0
"85",85,"39",97,"querc","2-Mar",0,10,537,515,0.95903165735568,0.0194174757281553,0
"86",86,"40",94,"querc","2-Mar",0,10,537,515,0.95903165735568,0.0194174757281553,0
"87",87,"41",98,"querc","2-Mar",0,10,537,515,0.95903165735568,0.0194174757281553,0
"88",88,"42",103,"querc","2-Mar",0,10,537,515,0.95903165735568,0.0194174757281553,0
"89",89,"43",118,"querc","2-Mar",0,10,537,515,0.95903165735568,0.0194174757281553,0
"90",90,"44",130,"querc","2-Mar",0,10,537,515,0.95903165735568,0.0194174757281553,0
"91",91,"RP",0,"querc","3-Mar",305,46,747,442,0.591700133868809,0.104072398190045,31.7420814479638
"92",92,"1",91,"querc","3-Mar",0,46,747,442,0.591700133868809,0.104072398190045,0
"93",93,"2",69,"querc","3-Mar",1,46,747,442,0.591700133868809,0.104072398190045,1
"94",94,"3",48,"querc","3-Mar",0,46,747,442,0.591700133868809,0.104072398190045,0
"95",95,"4",35,"querc","3-Mar",5,46,747,442,0.591700133868809,0.104072398190045,5
"96",96,"5",33,"querc","3-Mar",2,46,747,442,0.591700133868809,0.104072398190045,2
"97",97,"6",47,"querc","3-Mar",1,46,747,442,0.591700133868809,0.104072398190045,1
"98",98,"7",67,"querc","3-Mar",1,46,747,442,0.591700133868809,0.104072398190045,1
"99",99,"8",88,"querc","3-Mar",0,46,747,442,0.591700133868809,0.104072398190045,0
"100",100,"9",85,"querc","3-Mar",0,46,747,442,0.591700133868809,0.104072398190045,0
"101",101,"10",57,"querc","3-Mar",0,46,747,442,0.591700133868809,0.104072398190045,0
"102",102,"11",37,"querc","3-Mar",0,46,747,442,0.591700133868809,0.104072398190045,0
"103",103,"12",17,"querc","3-Mar",10,46,747,442,0.591700133868809,0.104072398190045,10
"104",104,"13",15,"querc","3-Mar",11,46,747,442,0.591700133868809,0.104072398190045,11
"105",105,"14",37,"querc","3-Mar",0,46,747,442,0.591700133868809,0.104072398190045,0
"106",106,"15",67,"querc","3-Mar",1,46,747,442,0.591700133868809,0.104072398190045,1
"107",107,"16",85,"querc","3-Mar",0,46,747,442,0.591700133868809,0.104072398190045,0
"108",108,"17",83,"querc","3-Mar",0,46,747,442,0.591700133868809,0.104072398190045,0
"109",109,"18",61,"querc","3-Mar",0,46,747,442,0.591700133868809,0.104072398190045,0
"110",110,"19",41,"querc","3-Mar",1,46,747,442,0.591700133868809,0.104072398190045,1
"111",111,"20",16,"querc","3-Mar",1,46,747,442,0.591700133868809,0.104072398190045,1
"112",112,"21",16,"querc","3-Mar",0,46,747,442,0.591700133868809,0.104072398190045,0
"113",113,"22",35,"querc","3-Mar",0,46,747,442,0.591700133868809,0.104072398190045,0
"114",114,"23",61,"querc","3-Mar",3,46,747,442,0.591700133868809,0.104072398190045,3
"115",115,"24",86,"querc","3-Mar",0,46,747,442,0.591700133868809,0.104072398190045,0
"116",116,"25",91,"querc","3-Mar",0,46,747,442,0.591700133868809,0.104072398190045,0
"117",117,"26",69,"querc","3-Mar",0,46,747,442,0.591700133868809,0.104072398190045,0
"118",118,"27",49,"querc","3-Mar",0,46,747,442,0.591700133868809,0.104072398190045,0
"119",119,"28",35,"querc","3-Mar",2,46,747,442,0.591700133868809,0.104072398190045,2
"120",120,"29",37,"querc","3-Mar",4,46,747,442,0.591700133868809,0.104072398190045,4
"121",121,"30",46,"querc","3-Mar",3,46,747,442,0.591700133868809,0.104072398190045,3
"122",122,"31",69,"querc","3-Mar",0,46,747,442,0.591700133868809,0.104072398190045,0
"123",123,"32",88,"querc","3-Mar",0,46,747,442,0.591700133868809,0.104072398190045,0
"124",124,"33",61,"querc","3-Mar",0,46,747,442,0.591700133868809,0.104072398190045,0
"125",125,"34",77,"querc","3-Mar",0,46,747,442,0.591700133868809,0.104072398190045,0
"126",126,"35",100,"querc","3-Mar",0,46,747,442,0.591700133868809,0.104072398190045,0
"127",127,"36",125,"querc","3-Mar",0,46,747,442,0.591700133868809,0.104072398190045,0
"128",128,"37",114,"querc","3-Mar",0,46,747,442,0.591700133868809,0.104072398190045,0
"129",129,"38",102,"querc","3-Mar",0,46,747,442,0.591700133868809,0.104072398190045,0
"130",130,"39",97,"querc","3-Mar",0,46,747,442,0.591700133868809,0.104072398190045,0
"131",131,"40",94,"querc","3-Mar",0,46,747,442,0.591700133868809,0.104072398190045,0
"132",132,"41",98,"querc","3-Mar",0,46,747,442,0.591700133868809,0.104072398190045,0
"133",133,"42",103,"querc","3-Mar",0,46,747,442,0.591700133868809,0.104072398190045,0
"134",134,"43",118,"querc","3-Mar",0,46,747,442,0.591700133868809,0.104072398190045,0
"135",135,"44",130,"querc","3-Mar",0,46,747,442,0.591700133868809,0.104072398190045,0
"136",136,"RP",0,"querc","8-Mar",628,26,801,173,0.215980024968789,0.15028901734104,94.3815028901734
"137",137,"1",91,"querc","8-Mar",0,26,801,173,0.215980024968789,0.15028901734104,0
"138",138,"2",69,"querc","8-Mar",0,26,801,173,0.215980024968789,0.15028901734104,0
"139",139,"3",48,"querc","8-Mar",0,26,801,173,0.215980024968789,0.15028901734104,0
"140",140,"4",35,"querc","8-Mar",0,26,801,173,0.215980024968789,0.15028901734104,0
"141",141,"5",33,"querc","8-Mar",1,26,801,173,0.215980024968789,0.15028901734104,1
"142",142,"6",47,"querc","8-Mar",0,26,801,173,0.215980024968789,0.15028901734104,0
"143",143,"7",67,"querc","8-Mar",0,26,801,173,0.215980024968789,0.15028901734104,0
"144",144,"8",88,"querc","8-Mar",0,26,801,173,0.215980024968789,0.15028901734104,0
"145",145,"9",85,"querc","8-Mar",0,26,801,173,0.215980024968789,0.15028901734104,0
"146",146,"10",57,"querc","8-Mar",0,26,801,173,0.215980024968789,0.15028901734104,0
"147",147,"11",37,"querc","8-Mar",0,26,801,173,0.215980024968789,0.15028901734104,0
"148",148,"12",17,"querc","8-Mar",10,26,801,173,0.215980024968789,0.15028901734104,10
"149",149,"13",15,"querc","8-Mar",7,26,801,173,0.215980024968789,0.15028901734104,7
"150",150,"14",37,"querc","8-Mar",1,26,801,173,0.215980024968789,0.15028901734104,1
"151",151,"15",67,"querc","8-Mar",0,26,801,173,0.215980024968789,0.15028901734104,0
"152",152,"16",85,"querc","8-Mar",0,26,801,173,0.215980024968789,0.15028901734104,0
"153",153,"17",83,"querc","8-Mar",0,26,801,173,0.215980024968789,0.15028901734104,0
"154",154,"18",61,"querc","8-Mar",0,26,801,173,0.215980024968789,0.15028901734104,0
"155",155,"19",41,"querc","8-Mar",0,26,801,173,0.215980024968789,0.15028901734104,0
"156",156,"20",16,"querc","8-Mar",2,26,801,173,0.215980024968789,0.15028901734104,2
"157",157,"21",16,"querc","8-Mar",1,26,801,173,0.215980024968789,0.15028901734104,1
"158",158,"22",35,"querc","8-Mar",0,26,801,173,0.215980024968789,0.15028901734104,0
"159",159,"23",61,"querc","8-Mar",0,26,801,173,0.215980024968789,0.15028901734104,0
"160",160,"24",86,"querc","8-Mar",1,26,801,173,0.215980024968789,0.15028901734104,1
"161",161,"25",91,"querc","8-Mar",0,26,801,173,0.215980024968789,0.15028901734104,0
"162",162,"26",69,"querc","8-Mar",0,26,801,173,0.215980024968789,0.15028901734104,0
"163",163,"27",49,"querc","8-Mar",1,26,801,173,0.215980024968789,0.15028901734104,1
"164",164,"28",35,"querc","8-Mar",1,26,801,173,0.215980024968789,0.15028901734104,1
"165",165,"29",37,"querc","8-Mar",0,26,801,173,0.215980024968789,0.15028901734104,0
"166",166,"30",46,"querc","8-Mar",0,26,801,173,0.215980024968789,0.15028901734104,0
"167",167,"31",69,"querc","8-Mar",0,26,801,173,0.215980024968789,0.15028901734104,0
"168",168,"32",88,"querc","8-Mar",0,26,801,173,0.215980024968789,0.15028901734104,0
"169",169,"33",61,"querc","8-Mar",0,26,801,173,0.215980024968789,0.15028901734104,0
"170",170,"34",77,"querc","8-Mar",0,26,801,173,0.215980024968789,0.15028901734104,0
"171",171,"35",100,"querc","8-Mar",1,26,801,173,0.215980024968789,0.15028901734104,1
"172",172,"36",125,"querc","8-Mar",0,26,801,173,0.215980024968789,0.15028901734104,0
"173",173,"37",114,"querc","8-Mar",0,26,801,173,0.215980024968789,0.15028901734104,0
"174",174,"38",102,"querc","8-Mar",0,26,801,173,0.215980024968789,0.15028901734104,0
"175",175,"39",97,"querc","8-Mar",0,26,801,173,0.215980024968789,0.15028901734104,0
"176",176,"40",94,"querc","8-Mar",0,26,801,173,0.215980024968789,0.15028901734104,0
"177",177,"41",98,"querc","8-Mar",0,26,801,173,0.215980024968789,0.15028901734104,0
"178",178,"42",103,"querc","8-Mar",0,26,801,173,0.215980024968789,0.15028901734104,0
"179",179,"43",118,"querc","8-Mar",0,26,801,173,0.215980024968789,0.15028901734104,0
"180",180,"44",130,"querc","8-Mar",0,26,801,173,0.215980024968789,0.15028901734104,0
"181",181,"RP",0,"querc","9-Mar",120,109,722,602,0.833795013850416,0.181063122923588,21.7275747508306
"182",182,"1",91,"querc","9-Mar",1,109,722,602,0.833795013850416,0.181063122923588,1
"183",183,"2",69,"querc","9-Mar",0,109,722,602,0.833795013850416,0.181063122923588,0
"184",184,"3",48,"querc","9-Mar",2,109,722,602,0.833795013850416,0.181063122923588,2
"185",185,"4",35,"querc","9-Mar",1,109,722,602,0.833795013850416,0.181063122923588,1
"186",186,"5",33,"querc","9-Mar",5,109,722,602,0.833795013850416,0.181063122923588,5
"187",187,"6",47,"querc","9-Mar",0,109,722,602,0.833795013850416,0.181063122923588,0
"188",188,"7",67,"querc","9-Mar",0,109,722,602,0.833795013850416,0.181063122923588,0
"189",189,"8",88,"querc","9-Mar",0,109,722,602,0.833795013850416,0.181063122923588,0
"190",190,"9",85,"querc","9-Mar",1,109,722,602,0.833795013850416,0.181063122923588,1
"191",191,"10",57,"querc","9-Mar",0,109,722,602,0.833795013850416,0.181063122923588,0
"192",192,"11",37,"querc","9-Mar",4,109,722,602,0.833795013850416,0.181063122923588,4
"193",193,"12",17,"querc","9-Mar",51,109,722,602,0.833795013850416,0.181063122923588,51
"194",194,"13",15,"querc","9-Mar",12,109,722,602,0.833795013850416,0.181063122923588,12
"195",195,"14",37,"querc","9-Mar",2,109,722,602,0.833795013850416,0.181063122923588,2
"196",196,"15",67,"querc","9-Mar",0,109,722,602,0.833795013850416,0.181063122923588,0
"197",197,"16",85,"querc","9-Mar",1,109,722,602,0.833795013850416,0.181063122923588,1
"198",198,"17",83,"querc","9-Mar",0,109,722,602,0.833795013850416,0.181063122923588,0
"199",199,"18",61,"querc","9-Mar",0,109,722,602,0.833795013850416,0.181063122923588,0
"200",200,"19",41,"querc","9-Mar",1,109,722,602,0.833795013850416,0.181063122923588,1
"201",201,"20",16,"querc","9-Mar",11,109,722,602,0.833795013850416,0.181063122923588,11
"202",202,"21",16,"querc","9-Mar",7,109,722,602,0.833795013850416,0.181063122923588,7
"203",203,"22",35,"querc","9-Mar",2,109,722,602,0.833795013850416,0.181063122923588,2
"204",204,"23",61,"querc","9-Mar",0,109,722,602,0.833795013850416,0.181063122923588,0
"205",205,"24",86,"querc","9-Mar",0,109,722,602,0.833795013850416,0.181063122923588,0
"206",206,"25",91,"querc","9-Mar",0,109,722,602,0.833795013850416,0.181063122923588,0
"207",207,"26",69,"querc","9-Mar",0,109,722,602,0.833795013850416,0.181063122923588,0
"208",208,"27",49,"querc","9-Mar",1,109,722,602,0.833795013850416,0.181063122923588,1
"209",209,"28",35,"querc","9-Mar",1,109,722,602,0.833795013850416,0.181063122923588,1
"210",210,"29",37,"querc","9-Mar",3,109,722,602,0.833795013850416,0.181063122923588,3
"211",211,"30",46,"querc","9-Mar",0,109,722,602,0.833795013850416,0.181063122923588,0
"212",212,"31",69,"querc","9-Mar",0,109,722,602,0.833795013850416,0.181063122923588,0
"213",213,"32",88,"querc","9-Mar",1,109,722,602,0.833795013850416,0.181063122923588,1
"214",214,"33",61,"querc","9-Mar",1,109,722,602,0.833795013850416,0.181063122923588,1
"215",215,"34",77,"querc","9-Mar",0,109,722,602,0.833795013850416,0.181063122923588,0
"216",216,"35",100,"querc","9-Mar",0,109,722,602,0.833795013850416,0.181063122923588,0
"217",217,"36",125,"querc","9-Mar",1,109,722,602,0.833795013850416,0.181063122923588,1
"218",218,"37",114,"querc","9-Mar",0,109,722,602,0.833795013850416,0.181063122923588,0
"219",219,"38",102,"querc","9-Mar",0,109,722,602,0.833795013850416,0.181063122923588,0
"220",220,"39",97,"querc","9-Mar",0,109,722,602,0.833795013850416,0.181063122923588,0
"221",221,"40",94,"querc","9-Mar",0,109,722,602,0.833795013850416,0.181063122923588,0
"222",222,"41",98,"querc","9-Mar",0,109,722,602,0.833795013850416,0.181063122923588,0
"223",223,"42",103,"querc","9-Mar",0,109,722,602,0.833795013850416,0.181063122923588,0
"224",224,"43",118,"querc","9-Mar",0,109,722,602,0.833795013850416,0.181063122923588,0
"225",225,"44",130,"querc","9-Mar",0,109,722,602,0.833795013850416,0.181063122923588,0
"226",226,"RP",0,"querc","10-Mar",162,64,612,450,0.735294117647059,0.142222222222222,23.04
"227",227,"1",91,"querc","10-Mar",1,64,612,450,0.735294117647059,0.142222222222222,1
"228",228,"2",69,"querc","10-Mar",0,64,612,450,0.735294117647059,0.142222222222222,0
"229",229,"3",48,"querc","10-Mar",0,64,612,450,0.735294117647059,0.142222222222222,0
"230",230,"4",35,"querc","10-Mar",3,64,612,450,0.735294117647059,0.142222222222222,3
"231",231,"5",33,"querc","10-Mar",0,64,612,450,0.735294117647059,0.142222222222222,0
"232",232,"6",47,"querc","10-Mar",2,64,612,450,0.735294117647059,0.142222222222222,2
"233",233,"7",67,"querc","10-Mar",0,64,612,450,0.735294117647059,0.142222222222222,0
"234",234,"8",88,"querc","10-Mar",0,64,612,450,0.735294117647059,0.142222222222222,0
"235",235,"9",85,"querc","10-Mar",1,64,612,450,0.735294117647059,0.142222222222222,1
"236",236,"10",57,"querc","10-Mar",0,64,612,450,0.735294117647059,0.142222222222222,0
"237",237,"11",37,"querc","10-Mar",0,64,612,450,0.735294117647059,0.142222222222222,0
"238",238,"12",17,"querc","10-Mar",6,64,612,450,0.735294117647059,0.142222222222222,6
"239",239,"13",15,"querc","10-Mar",3,64,612,450,0.735294117647059,0.142222222222222,3
"240",240,"14",37,"querc","10-Mar",1,64,612,450,0.735294117647059,0.142222222222222,1
"241",241,"15",67,"querc","10-Mar",0,64,612,450,0.735294117647059,0.142222222222222,0
"242",242,"16",85,"querc","10-Mar",0,64,612,450,0.735294117647059,0.142222222222222,0
"243",243,"17",83,"querc","10-Mar",0,64,612,450,0.735294117647059,0.142222222222222,0
"244",244,"18",61,"querc","10-Mar",1,64,612,450,0.735294117647059,0.142222222222222,1
"245",245,"19",41,"querc","10-Mar",2,64,612,450,0.735294117647059,0.142222222222222,2
"246",246,"20",16,"querc","10-Mar",10,64,612,450,0.735294117647059,0.142222222222222,10
"247",247,"21",16,"querc","10-Mar",11,64,612,450,0.735294117647059,0.142222222222222,11
"248",248,"22",35,"querc","10-Mar",3,64,612,450,0.735294117647059,0.142222222222222,3
"249",249,"23",61,"querc","10-Mar",1,64,612,450,0.735294117647059,0.142222222222222,1
"250",250,"24",86,"querc","10-Mar",0,64,612,450,0.735294117647059,0.142222222222222,0
"251",251,"25",91,"querc","10-Mar",1,64,612,450,0.735294117647059,0.142222222222222,1
"252",252,"26",69,"querc","10-Mar",0,64,612,450,0.735294117647059,0.142222222222222,0
"253",253,"27",49,"querc","10-Mar",0,64,612,450,0.735294117647059,0.142222222222222,0
"254",254,"28",35,"querc","10-Mar",14,64,612,450,0.735294117647059,0.142222222222222,14
"255",255,"29",37,"querc","10-Mar",3,64,612,450,0.735294117647059,0.142222222222222,3
"256",256,"30",46,"querc","10-Mar",0,64,612,450,0.735294117647059,0.142222222222222,0
"257",257,"31",69,"querc","10-Mar",0,64,612,450,0.735294117647059,0.142222222222222,0
"258",258,"32",88,"querc","10-Mar",1,64,612,450,0.735294117647059,0.142222222222222,1
"259",259,"33",61,"querc","10-Mar",0,64,612,450,0.735294117647059,0.142222222222222,0
"260",260,"34",77,"querc","10-Mar",0,64,612,450,0.735294117647059,0.142222222222222,0
"261",261,"35",100,"querc","10-Mar",0,64,612,450,0.735294117647059,0.142222222222222,0
"262",262,"36",125,"querc","10-Mar",0,64,612,450,0.735294117647059,0.142222222222222,0
"263",263,"37",114,"querc","10-Mar",0,64,612,450,0.735294117647059,0.142222222222222,0
"264",264,"38",102,"querc","10-Mar",0,64,612,450,0.735294117647059,0.142222222222222,0
"265",265,"39",97,"querc","10-Mar",0,64,612,450,0.735294117647059,0.142222222222222,0
"266",266,"40",94,"querc","10-Mar",0,64,612,450,0.735294117647059,0.142222222222222,0
"267",267,"41",98,"querc","10-Mar",0,64,612,450,0.735294117647059,0.142222222222222,0
"268",268,"42",103,"querc","10-Mar",0,64,612,450,0.735294117647059,0.142222222222222,0
"269",269,"43",118,"querc","10-Mar",0,64,612,450,0.735294117647059,0.142222222222222,0
"270",270,"44",130,"querc","10-Mar",0,64,612,450,0.735294117647059,0.142222222222222,0
"271",271,"RP",0,"querc","14-Mar",47,102,520,473,0.909615384615385,0.215644820295983,10.1353065539112
"272",272,"1",91,"querc","14-Mar",2,102,520,473,0.909615384615385,0.215644820295983,2
"273",273,"2",69,"querc","14-Mar",2,102,520,473,0.909615384615385,0.215644820295983,2
"274",274,"3",48,"querc","14-Mar",1,102,520,473,0.909615384615385,0.215644820295983,1
"275",275,"4",35,"querc","14-Mar",3,102,520,473,0.909615384615385,0.215644820295983,3
"276",276,"5",33,"querc","14-Mar",3,102,520,473,0.909615384615385,0.215644820295983,3
"277",277,"6",47,"querc","14-Mar",5,102,520,473,0.909615384615385,0.215644820295983,5
"278",278,"7",67,"querc","14-Mar",1,102,520,473,0.909615384615385,0.215644820295983,1
"279",279,"8",88,"querc","14-Mar",1,102,520,473,0.909615384615385,0.215644820295983,1
"280",280,"9",85,"querc","14-Mar",0,102,520,473,0.909615384615385,0.215644820295983,0
"281",281,"10",57,"querc","14-Mar",0,102,520,473,0.909615384615385,0.215644820295983,0
"282",282,"11",37,"querc","14-Mar",1,102,520,473,0.909615384615385,0.215644820295983,1
"283",283,"12",17,"querc","14-Mar",53,102,520,473,0.909615384615385,0.215644820295983,53
"284",284,"13",15,"querc","14-Mar",1,102,520,473,0.909615384615385,0.215644820295983,1
"285",285,"14",37,"querc","14-Mar",0,102,520,473,0.909615384615385,0.215644820295983,0
"286",286,"15",67,"querc","14-Mar",0,102,520,473,0.909615384615385,0.215644820295983,0
"287",287,"16",85,"querc","14-Mar",0,102,520,473,0.909615384615385,0.215644820295983,0
"288",288,"17",83,"querc","14-Mar",0,102,520,473,0.909615384615385,0.215644820295983,0
"289",289,"18",61,"querc","14-Mar",0,102,520,473,0.909615384615385,0.215644820295983,0
"290",290,"19",41,"querc","14-Mar",4,102,520,473,0.909615384615385,0.215644820295983,4
"291",291,"20",16,"querc","14-Mar",9,102,520,473,0.909615384615385,0.215644820295983,9
"292",292,"21",16,"querc","14-Mar",7,102,520,473,0.909615384615385,0.215644820295983,7
"293",293,"22",35,"querc","14-Mar",5,102,520,473,0.909615384615385,0.215644820295983,5
"294",294,"23",61,"querc","14-Mar",2,102,520,473,0.909615384615385,0.215644820295983,2
"295",295,"24",86,"querc","14-Mar",1,102,520,473,0.909615384615385,0.215644820295983,1
"296",296,"25",91,"querc","14-Mar",0,102,520,473,0.909615384615385,0.215644820295983,0
"297",297,"26",69,"querc","14-Mar",1,102,520,473,0.909615384615385,0.215644820295983,1
"298",298,"27",49,"querc","14-Mar",0,102,520,473,0.909615384615385,0.215644820295983,0
"299",299,"28",35,"querc","14-Mar",0,102,520,473,0.909615384615385,0.215644820295983,0
"300",300,"29",37,"querc","14-Mar",0,102,520,473,0.909615384615385,0.215644820295983,0
"301",301,"30",46,"querc","14-Mar",0,102,520,473,0.909615384615385,0.215644820295983,0
"302",302,"31",69,"querc","14-Mar",0,102,520,473,0.909615384615385,0.215644820295983,0
"303",303,"32",88,"querc","14-Mar",0,102,520,473,0.909615384615385,0.215644820295983,0
"304",304,"33",61,"querc","14-Mar",0,102,520,473,0.909615384615385,0.215644820295983,0
"305",305,"34",77,"querc","14-Mar",0,102,520,473,0.909615384615385,0.215644820295983,0
"306",306,"35",100,"querc","14-Mar",0,102,520,473,0.909615384615385,0.215644820295983,0
"307",307,"36",125,"querc","14-Mar",0,102,520,473,0.909615384615385,0.215644820295983,0
"308",308,"37",114,"querc","14-Mar",0,102,520,473,0.909615384615385,0.215644820295983,0
"309",309,"38",102,"querc","14-Mar",0,102,520,473,0.909615384615385,0.215644820295983,0
"310",310,"39",97,"querc","14-Mar",0,102,520,473,0.909615384615385,0.215644820295983,0
"311",311,"40",94,"querc","14-Mar",0,102,520,473,0.909615384615385,0.215644820295983,0
"312",312,"41",98,"querc","14-Mar",0,102,520,473,0.909615384615385,0.215644820295983,0
"313",313,"42",103,"querc","14-Mar",0,102,520,473,0.909615384615385,0.215644820295983,0
"314",314,"43",118,"querc","14-Mar",0,102,520,473,0.909615384615385,0.215644820295983,0
"315",315,"44",130,"querc","14-Mar",0,102,520,473,0.909615384615385,0.215644820295983,0
"316",316,"RP",0,"querc","15-Mar",29,2,131,102,0.778625954198473,0.0196078431372549,0.568627450980392
"317",317,"1",91,"querc","15-Mar",0,2,131,102,0.778625954198473,0.0196078431372549,0
"318",318,"2",69,"querc","15-Mar",0,2,131,102,0.778625954198473,0.0196078431372549,0
"319",319,"3",48,"querc","15-Mar",0,2,131,102,0.778625954198473,0.0196078431372549,0
"320",320,"4",35,"querc","15-Mar",0,2,131,102,0.778625954198473,0.0196078431372549,0
"321",321,"5",33,"querc","15-Mar",0,2,131,102,0.778625954198473,0.0196078431372549,0
"322",322,"6",47,"querc","15-Mar",0,2,131,102,0.778625954198473,0.0196078431372549,0
"323",323,"7",67,"querc","15-Mar",0,2,131,102,0.778625954198473,0.0196078431372549,0
"324",324,"8",88,"querc","15-Mar",0,2,131,102,0.778625954198473,0.0196078431372549,0
"325",325,"9",85,"querc","15-Mar",0,2,131,102,0.778625954198473,0.0196078431372549,0
"326",326,"10",57,"querc","15-Mar",0,2,131,102,0.778625954198473,0.0196078431372549,0
"327",327,"11",37,"querc","15-Mar",0,2,131,102,0.778625954198473,0.0196078431372549,0
"328",328,"12",17,"querc","15-Mar",1,2,131,102,0.778625954198473,0.0196078431372549,1
"329",329,"13",15,"querc","15-Mar",0,2,131,102,0.778625954198473,0.0196078431372549,0
"330",330,"14",37,"querc","15-Mar",0,2,131,102,0.778625954198473,0.0196078431372549,0
"331",331,"15",67,"querc","15-Mar",0,2,131,102,0.778625954198473,0.0196078431372549,0
"332",332,"16",85,"querc","15-Mar",0,2,131,102,0.778625954198473,0.0196078431372549,0
"333",333,"17",83,"querc","15-Mar",0,2,131,102,0.778625954198473,0.0196078431372549,0
"334",334,"18",61,"querc","15-Mar",0,2,131,102,0.778625954198473,0.0196078431372549,0
"335",335,"19",41,"querc","15-Mar",0,2,131,102,0.778625954198473,0.0196078431372549,0
"336",336,"20",16,"querc","15-Mar",0,2,131,102,0.778625954198473,0.0196078431372549,0
"337",337,"21",16,"querc","15-Mar",0,2,131,102,0.778625954198473,0.0196078431372549,0
"338",338,"22",35,"querc","15-Mar",0,2,131,102,0.778625954198473,0.0196078431372549,0
"339",339,"23",61,"querc","15-Mar",0,2,131,102,0.778625954198473,0.0196078431372549,0
"340",340,"24",86,"querc","15-Mar",0,2,131,102,0.778625954198473,0.0196078431372549,0
"341",341,"25",91,"querc","15-Mar",0,2,131,102,0.778625954198473,0.0196078431372549,0
"342",342,"26",69,"querc","15-Mar",1,2,131,102,0.778625954198473,0.0196078431372549,1
"343",343,"27",49,"querc","15-Mar",0,2,131,102,0.778625954198473,0.0196078431372549,0
"344",344,"28",35,"querc","15-Mar",0,2,131,102,0.778625954198473,0.0196078431372549,0
"345",345,"29",37,"querc","15-Mar",0,2,131,102,0.778625954198473,0.0196078431372549,0
"346",346,"30",46,"querc","15-Mar",0,2,131,102,0.778625954198473,0.0196078431372549,0
"347",347,"31",69,"querc","15-Mar",0,2,131,102,0.778625954198473,0.0196078431372549,0
"348",348,"32",88,"querc","15-Mar",0,2,131,102,0.778625954198473,0.0196078431372549,0
"349",349,"33",61,"querc","15-Mar",0,2,131,102,0.778625954198473,0.0196078431372549,0
"350",350,"34",77,"querc","15-Mar",0,2,131,102,0.778625954198473,0.0196078431372549,0
"351",351,"35",100,"querc","15-Mar",0,2,131,102,0.778625954198473,0.0196078431372549,0
"352",352,"36",125,"querc","15-Mar",0,2,131,102,0.778625954198473,0.0196078431372549,0
"353",353,"37",114,"querc","15-Mar",0,2,131,102,0.778625954198473,0.0196078431372549,0
"354",354,"38",102,"querc","15-Mar",0,2,131,102,0.778625954198473,0.0196078431372549,0
"355",355,"39",97,"querc","15-Mar",0,2,131,102,0.778625954198473,0.0196078431372549,0
"356",356,"40",94,"querc","15-Mar",0,2,131,102,0.778625954198473,0.0196078431372549,0
"357",357,"41",98,"querc","15-Mar",0,2,131,102,0.778625954198473,0.0196078431372549,0
"358",358,"42",103,"querc","15-Mar",0,2,131,102,0.778625954198473,0.0196078431372549,0
"359",359,"43",118,"querc","15-Mar",0,2,131,102,0.778625954198473,0.0196078431372549,0
"360",360,"44",130,"querc","15-Mar",0,2,131,102,0.778625954198473,0.0196078431372549,0
"361",361,"RP",0,"combo","20-Mar",63,92,345,291,0.843478260869565,0.316151202749141,19.9175257731959
"362",362,"1",91,"combo","20-Mar",0,92,345,291,0.843478260869565,0.316151202749141,0
"363",363,"2",69,"combo","20-Mar",0,92,345,291,0.843478260869565,0.316151202749141,0
"364",364,"3",48,"combo","20-Mar",0,92,345,291,0.843478260869565,0.316151202749141,0
"365",365,"4",35,"combo","20-Mar",0,92,345,291,0.843478260869565,0.316151202749141,0
"366",366,"5",33,"combo","20-Mar",1,92,345,291,0.843478260869565,0.316151202749141,1
"367",367,"6",47,"combo","20-Mar",0,92,345,291,0.843478260869565,0.316151202749141,0
"368",368,"7",67,"combo","20-Mar",0,92,345,291,0.843478260869565,0.316151202749141,0
"369",369,"8",88,"combo","20-Mar",0,92,345,291,0.843478260869565,0.316151202749141,0
"370",370,"9",85,"combo","20-Mar",0,92,345,291,0.843478260869565,0.316151202749141,0
"371",371,"10",57,"combo","20-Mar",0,92,345,291,0.843478260869565,0.316151202749141,0
"372",372,"11",37,"combo","20-Mar",2,92,345,291,0.843478260869565,0.316151202749141,2
"373",373,"12",17,"combo","20-Mar",21,92,345,291,0.843478260869565,0.316151202749141,21
"374",374,"13",15,"combo","20-Mar",30,92,345,291,0.843478260869565,0.316151202749141,30
"375",375,"14",37,"combo","20-Mar",3,92,345,291,0.843478260869565,0.316151202749141,3
"376",376,"15",67,"combo","20-Mar",0,92,345,291,0.843478260869565,0.316151202749141,0
"377",377,"16",85,"combo","20-Mar",0,92,345,291,0.843478260869565,0.316151202749141,0
"378",378,"17",83,"combo","20-Mar",0,92,345,291,0.843478260869565,0.316151202749141,0
"379",379,"18",61,"combo","20-Mar",1,92,345,291,0.843478260869565,0.316151202749141,1
"380",380,"19",41,"combo","20-Mar",2,92,345,291,0.843478260869565,0.316151202749141,2
"381",381,"20",16,"combo","20-Mar",22,92,345,291,0.843478260869565,0.316151202749141,22
"382",382,"21",16,"combo","20-Mar",2,92,345,291,0.843478260869565,0.316151202749141,2
"383",383,"22",35,"combo","20-Mar",2,92,345,291,0.843478260869565,0.316151202749141,2
"384",384,"23",61,"combo","20-Mar",0,92,345,291,0.843478260869565,0.316151202749141,0
"385",385,"24",86,"combo","20-Mar",0,92,345,291,0.843478260869565,0.316151202749141,0
"386",386,"25",91,"combo","20-Mar",0,92,345,291,0.843478260869565,0.316151202749141,0
"387",387,"26",69,"combo","20-Mar",0,92,345,291,0.843478260869565,0.316151202749141,0
"388",388,"27",49,"combo","20-Mar",0,92,345,291,0.843478260869565,0.316151202749141,0
"389",389,"28",35,"combo","20-Mar",2,92,345,291,0.843478260869565,0.316151202749141,2
"390",390,"29",37,"combo","20-Mar",3,92,345,291,0.843478260869565,0.316151202749141,3
"391",391,"30",46,"combo","20-Mar",0,92,345,291,0.843478260869565,0.316151202749141,0
"392",392,"31",69,"combo","20-Mar",1,92,345,291,0.843478260869565,0.316151202749141,1
"393",393,"32",88,"combo","20-Mar",0,92,345,291,0.843478260869565,0.316151202749141,0
"394",394,"33",61,"combo","20-Mar",0,92,345,291,0.843478260869565,0.316151202749141,0
"395",395,"34",77,"combo","20-Mar",0,92,345,291,0.843478260869565,0.316151202749141,0
"396",396,"35",100,"combo","20-Mar",0,92,345,291,0.843478260869565,0.316151202749141,0
"397",397,"36",125,"combo","20-Mar",0,92,345,291,0.843478260869565,0.316151202749141,0
"398",398,"37",114,"combo","20-Mar",0,92,345,291,0.843478260869565,0.316151202749141,0
"399",399,"38",102,"combo","20-Mar",0,92,345,291,0.843478260869565,0.316151202749141,0
"400",400,"39",97,"combo","20-Mar",0,92,345,291,0.843478260869565,0.316151202749141,0
"401",401,"40",94,"combo","20-Mar",0,92,345,291,0.843478260869565,0.316151202749141,0
"402",402,"41",98,"combo","20-Mar",0,92,345,291,0.843478260869565,0.316151202749141,0
"403",403,"42",103,"combo","20-Mar",0,92,345,291,0.843478260869565,0.316151202749141,0
"404",404,"43",118,"combo","20-Mar",0,92,345,291,0.843478260869565,0.316151202749141,0
"405",405,"44",130,"combo","20-Mar",0,92,345,291,0.843478260869565,0.316151202749141,0
"406",406,"RP",0,"combo","23-Mar",12,126,354,342,0.966101694915254,0.368421052631579,4.42105263157895
"407",407,"1",91,"combo","23-Mar",0,126,354,342,0.966101694915254,0.368421052631579,0
"408",408,"2",69,"combo","23-Mar",0,126,354,342,0.966101694915254,0.368421052631579,0
"409",409,"3",48,"combo","23-Mar",0,126,354,342,0.966101694915254,0.368421052631579,0
"410",410,"4",35,"combo","23-Mar",1,126,354,342,0.966101694915254,0.368421052631579,1
"411",411,"5",33,"combo","23-Mar",1,126,354,342,0.966101694915254,0.368421052631579,1
"412",412,"6",47,"combo","23-Mar",0,126,354,342,0.966101694915254,0.368421052631579,0
"413",413,"7",67,"combo","23-Mar",1,126,354,342,0.966101694915254,0.368421052631579,1
"414",414,"8",88,"combo","23-Mar",0,126,354,342,0.966101694915254,0.368421052631579,0
"415",415,"9",85,"combo","23-Mar",0,126,354,342,0.966101694915254,0.368421052631579,0
"416",416,"10",57,"combo","23-Mar",0,126,354,342,0.966101694915254,0.368421052631579,0
"417",417,"11",37,"combo","23-Mar",5,126,354,342,0.966101694915254,0.368421052631579,5
"418",418,"12",17,"combo","23-Mar",28,126,354,342,0.966101694915254,0.368421052631579,28
"419",419,"13",15,"combo","23-Mar",41,126,354,342,0.966101694915254,0.368421052631579,41
"420",420,"14",37,"combo","23-Mar",3,126,354,342,0.966101694915254,0.368421052631579,3
"421",421,"15",67,"combo","23-Mar",1,126,354,342,0.966101694915254,0.368421052631579,1
"422",422,"16",85,"combo","23-Mar",0,126,354,342,0.966101694915254,0.368421052631579,0
"423",423,"17",83,"combo","23-Mar",0,126,354,342,0.966101694915254,0.368421052631579,0
"424",424,"18",61,"combo","23-Mar",0,126,354,342,0.966101694915254,0.368421052631579,0
"425",425,"19",41,"combo","23-Mar",2,126,354,342,0.966101694915254,0.368421052631579,2
"426",426,"20",16,"combo","23-Mar",15,126,354,342,0.966101694915254,0.368421052631579,15
"427",427,"21",16,"combo","23-Mar",7,126,354,342,0.966101694915254,0.368421052631579,7
"428",428,"22",35,"combo","23-Mar",6,126,354,342,0.966101694915254,0.368421052631579,6
"429",429,"23",61,"combo","23-Mar",1,126,354,342,0.966101694915254,0.368421052631579,1
"430",430,"24",86,"combo","23-Mar",0,126,354,342,0.966101694915254,0.368421052631579,0
"431",431,"25",91,"combo","23-Mar",0,126,354,342,0.966101694915254,0.368421052631579,0
"432",432,"26",69,"combo","23-Mar",0,126,354,342,0.966101694915254,0.368421052631579,0
"433",433,"27",49,"combo","23-Mar",0,126,354,342,0.966101694915254,0.368421052631579,0
"434",434,"28",35,"combo","23-Mar",4,126,354,342,0.966101694915254,0.368421052631579,4
"435",435,"29",37,"combo","23-Mar",7,126,354,342,0.966101694915254,0.368421052631579,7
"436",436,"30",46,"combo","23-Mar",0,126,354,342,0.966101694915254,0.368421052631579,0
"437",437,"31",69,"combo","23-Mar",1,126,354,342,0.966101694915254,0.368421052631579,1
"438",438,"32",88,"combo","23-Mar",0,126,354,342,0.966101694915254,0.368421052631579,0
"439",439,"33",61,"combo","23-Mar",1,126,354,342,0.966101694915254,0.368421052631579,1
"440",440,"34",77,"combo","23-Mar",0,126,354,342,0.966101694915254,0.368421052631579,0
"441",441,"35",100,"combo","23-Mar",1,126,354,342,0.966101694915254,0.368421052631579,1
"442",442,"36",125,"combo","23-Mar",0,126,354,342,0.966101694915254,0.368421052631579,0
"443",443,"37",114,"combo","23-Mar",0,126,354,342,0.966101694915254,0.368421052631579,0
"444",444,"38",102,"combo","23-Mar",0,126,354,342,0.966101694915254,0.368421052631579,0
"445",445,"39",97,"combo","23-Mar",0,126,354,342,0.966101694915254,0.368421052631579,0
"446",446,"40",94,"combo","23-Mar",0,126,354,342,0.966101694915254,0.368421052631579,0
"447",447,"41",98,"combo","23-Mar",0,126,354,342,0.966101694915254,0.368421052631579,0
"448",448,"42",103,"combo","23-Mar",0,126,354,342,0.966101694915254,0.368421052631579,0
"449",449,"43",118,"combo","23-Mar",0,126,354,342,0.966101694915254,0.368421052631579,0
"450",450,"44",130,"combo","23-Mar",0,126,354,342,0.966101694915254,0.368421052631579,0
"451",451,"RP",0,"combo","24-Mar",74,46,410,336,0.819512195121951,0.136904761904762,10.1309523809524
"452",452,"1",91,"combo","24-Mar",0,46,410,336,0.819512195121951,0.136904761904762,0
"453",453,"2",69,"combo","24-Mar",0,46,410,336,0.819512195121951,0.136904761904762,0
"454",454,"3",48,"combo","24-Mar",0,46,410,336,0.819512195121951,0.136904761904762,0
"455",455,"4",35,"combo","24-Mar",0,46,410,336,0.819512195121951,0.136904761904762,0
"456",456,"5",33,"combo","24-Mar",0,46,410,336,0.819512195121951,0.136904761904762,0
"457",457,"6",47,"combo","24-Mar",0,46,410,336,0.819512195121951,0.136904761904762,0
"458",458,"7",67,"combo","24-Mar",0,46,410,336,0.819512195121951,0.136904761904762,0
"459",459,"8",88,"combo","24-Mar",0,46,410,336,0.819512195121951,0.136904761904762,0
"460",460,"9",85,"combo","24-Mar",1,46,410,336,0.819512195121951,0.136904761904762,1
"461",461,"10",57,"combo","24-Mar",0,46,410,336,0.819512195121951,0.136904761904762,0
"462",462,"11",37,"combo","24-Mar",0,46,410,336,0.819512195121951,0.136904761904762,0
"463",463,"12",17,"combo","24-Mar",2,46,410,336,0.819512195121951,0.136904761904762,2
"464",464,"13",15,"combo","24-Mar",6,46,410,336,0.819512195121951,0.136904761904762,6
"465",465,"14",37,"combo","24-Mar",0,46,410,336,0.819512195121951,0.136904761904762,0
"466",466,"15",67,"combo","24-Mar",0,46,410,336,0.819512195121951,0.136904761904762,0
"467",467,"16",85,"combo","24-Mar",0,46,410,336,0.819512195121951,0.136904761904762,0
"468",468,"17",83,"combo","24-Mar",0,46,410,336,0.819512195121951,0.136904761904762,0
"469",469,"18",61,"combo","24-Mar",1,46,410,336,0.819512195121951,0.136904761904762,1
"470",470,"19",41,"combo","24-Mar",2,46,410,336,0.819512195121951,0.136904761904762,2
"471",471,"20",16,"combo","24-Mar",22,46,410,336,0.819512195121951,0.136904761904762,22
"472",472,"21",16,"combo","24-Mar",1,46,410,336,0.819512195121951,0.136904761904762,1
"473",473,"22",35,"combo","24-Mar",3,46,410,336,0.819512195121951,0.136904761904762,3
"474",474,"23",61,"combo","24-Mar",1,46,410,336,0.819512195121951,0.136904761904762,1
"475",475,"24",86,"combo","24-Mar",0,46,410,336,0.819512195121951,0.136904761904762,0
"476",476,"25",91,"combo","24-Mar",0,46,410,336,0.819512195121951,0.136904761904762,0
"477",477,"26",69,"combo","24-Mar",0,46,410,336,0.819512195121951,0.136904761904762,0
"478",478,"27",49,"combo","24-Mar",1,46,410,336,0.819512195121951,0.136904761904762,1
"479",479,"28",35,"combo","24-Mar",1,46,410,336,0.819512195121951,0.136904761904762,1
"480",480,"29",37,"combo","24-Mar",3,46,410,336,0.819512195121951,0.136904761904762,3
"481",481,"30",46,"combo","24-Mar",1,46,410,336,0.819512195121951,0.136904761904762,1
"482",482,"31",69,"combo","24-Mar",0,46,410,336,0.819512195121951,0.136904761904762,0
"483",483,"32",88,"combo","24-Mar",0,46,410,336,0.819512195121951,0.136904761904762,0
"484",484,"33",61,"combo","24-Mar",0,46,410,336,0.819512195121951,0.136904761904762,0
"485",485,"34",77,"combo","24-Mar",1,46,410,336,0.819512195121951,0.136904761904762,1
"486",486,"35",100,"combo","24-Mar",0,46,410,336,0.819512195121951,0.136904761904762,0
"487",487,"36",125,"combo","24-Mar",0,46,410,336,0.819512195121951,0.136904761904762,0
"488",488,"37",114,"combo","24-Mar",0,46,410,336,0.819512195121951,0.136904761904762,0
"489",489,"38",102,"combo","24-Mar",0,46,410,336,0.819512195121951,0.136904761904762,0
"490",490,"39",97,"combo","24-Mar",0,46,410,336,0.819512195121951,0.136904761904762,0
"491",491,"40",94,"combo","24-Mar",0,46,410,336,0.819512195121951,0.136904761904762,0
"492",492,"41",98,"combo","24-Mar",0,46,410,336,0.819512195121951,0.136904761904762,0
"493",493,"42",103,"combo","24-Mar",0,46,410,336,0.819512195121951,0.136904761904762,0
"494",494,"43",118,"combo","24-Mar",0,46,410,336,0.819512195121951,0.136904761904762,0
"495",495,"44",130,"combo","24-Mar",0,46,410,336,0.819512195121951,0.136904761904762,0
"496",496,"RP",0,"combo","28-Mar",15,105,328,313,0.954268292682927,0.335463258785943,5.03194888178914
"497",497,"1",91,"combo","28-Mar",0,105,328,313,0.954268292682927,0.335463258785943,0
"498",498,"2",69,"combo","28-Mar",4,105,328,313,0.954268292682927,0.335463258785943,4
"499",499,"3",48,"combo","28-Mar",1,105,328,313,0.954268292682927,0.335463258785943,1
"500",500,"4",35,"combo","28-Mar",7,105,328,313,0.954268292682927,0.335463258785943,7
"501",501,"5",33,"combo","28-Mar",1,105,328,313,0.954268292682927,0.335463258785943,1
"502",502,"6",47,"combo","28-Mar",2,105,328,313,0.954268292682927,0.335463258785943,2
"503",503,"7",67,"combo","28-Mar",1,105,328,313,0.954268292682927,0.335463258785943,1
"504",504,"8",88,"combo","28-Mar",0,105,328,313,0.954268292682927,0.335463258785943,0
"505",505,"9",85,"combo","28-Mar",0,105,328,313,0.954268292682927,0.335463258785943,0
"506",506,"10",57,"combo","28-Mar",1,105,328,313,0.954268292682927,0.335463258785943,1
"507",507,"11",37,"combo","28-Mar",5,105,328,313,0.954268292682927,0.335463258785943,5
"508",508,"12",17,"combo","28-Mar",16,105,328,313,0.954268292682927,0.335463258785943,16
"509",509,"13",15,"combo","28-Mar",14,105,328,313,0.954268292682927,0.335463258785943,14
"510",510,"14",37,"combo","28-Mar",3,105,328,313,0.954268292682927,0.335463258785943,3
"511",511,"15",67,"combo","28-Mar",0,105,328,313,0.954268292682927,0.335463258785943,0
"512",512,"16",85,"combo","28-Mar",0,105,328,313,0.954268292682927,0.335463258785943,0
"513",513,"17",83,"combo","28-Mar",0,105,328,313,0.954268292682927,0.335463258785943,0
"514",514,"18",61,"combo","28-Mar",0,105,328,313,0.954268292682927,0.335463258785943,0
"515",515,"19",41,"combo","28-Mar",1,105,328,313,0.954268292682927,0.335463258785943,1
"516",516,"20",16,"combo","28-Mar",18,105,328,313,0.954268292682927,0.335463258785943,18
"517",517,"21",16,"combo","28-Mar",14,105,328,313,0.954268292682927,0.335463258785943,14
"518",518,"22",35,"combo","28-Mar",3,105,328,313,0.954268292682927,0.335463258785943,3
"519",519,"23",61,"combo","28-Mar",2,105,328,313,0.954268292682927,0.335463258785943,2
"520",520,"24",86,"combo","28-Mar",0,105,328,313,0.954268292682927,0.335463258785943,0
"521",521,"25",91,"combo","28-Mar",1,105,328,313,0.954268292682927,0.335463258785943,1
"522",522,"26",69,"combo","28-Mar",0,105,328,313,0.954268292682927,0.335463258785943,0
"523",523,"27",49,"combo","28-Mar",0,105,328,313,0.954268292682927,0.335463258785943,0
"524",524,"28",35,"combo","28-Mar",5,105,328,313,0.954268292682927,0.335463258785943,5
"525",525,"29",37,"combo","28-Mar",4,105,328,313,0.954268292682927,0.335463258785943,4
"526",526,"30",46,"combo","28-Mar",1,105,328,313,0.954268292682927,0.335463258785943,1
"527",527,"31",69,"combo","28-Mar",0,105,328,313,0.954268292682927,0.335463258785943,0
"528",528,"32",88,"combo","28-Mar",0,105,328,313,0.954268292682927,0.335463258785943,0
"529",529,"33",61,"combo","28-Mar",0,105,328,313,0.954268292682927,0.335463258785943,0
"530",530,"34",77,"combo","28-Mar",1,105,328,313,0.954268292682927,0.335463258785943,1
"531",531,"35",100,"combo","28-Mar",0,105,328,313,0.954268292682927,0.335463258785943,0
"532",532,"36",125,"combo","28-Mar",0,105,328,313,0.954268292682927,0.335463258785943,0
"533",533,"37",114,"combo","28-Mar",0,105,328,313,0.954268292682927,0.335463258785943,0
"534",534,"38",102,"combo","28-Mar",0,105,328,313,0.954268292682927,0.335463258785943,0
"535",535,"39",97,"combo","28-Mar",0,105,328,313,0.954268292682927,0.335463258785943,0
"536",536,"40",94,"combo","28-Mar",0,105,328,313,0.954268292682927,0.335463258785943,0
"537",537,"41",98,"combo","28-Mar",0,105,328,313,0.954268292682927,0.335463258785943,0
"538",538,"42",103,"combo","28-Mar",0,105,328,313,0.954268292682927,0.335463258785943,0
"539",539,"43",118,"combo","28-Mar",0,105,328,313,0.954268292682927,0.335463258785943,0
"540",540,"44",130,"combo","28-Mar",0,105,328,313,0.954268292682927,0.335463258785943,0
"541",541,"RP",0,"combo","29-Mar",12,80,258,246,0.953488372093023,0.32520325203252,3.90243902439024
"542",542,"1",91,"combo","29-Mar",0,80,258,246,0.953488372093023,0.32520325203252,0
"543",543,"2",69,"combo","29-Mar",1,80,258,246,0.953488372093023,0.32520325203252,1
"544",544,"3",48,"combo","29-Mar",2,80,258,246,0.953488372093023,0.32520325203252,2
"545",545,"4",35,"combo","29-Mar",4,80,258,246,0.953488372093023,0.32520325203252,4
"546",546,"5",33,"combo","29-Mar",1,80,258,246,0.953488372093023,0.32520325203252,1
"547",547,"6",47,"combo","29-Mar",1,80,258,246,0.953488372093023,0.32520325203252,1
"548",548,"7",67,"combo","29-Mar",0,80,258,246,0.953488372093023,0.32520325203252,0
"549",549,"8",88,"combo","29-Mar",0,80,258,246,0.953488372093023,0.32520325203252,0
"550",550,"9",85,"combo","29-Mar",1,80,258,246,0.953488372093023,0.32520325203252,1
"551",551,"10",57,"combo","29-Mar",2,80,258,246,0.953488372093023,0.32520325203252,2
"552",552,"11",37,"combo","29-Mar",3,80,258,246,0.953488372093023,0.32520325203252,3
"553",553,"12",17,"combo","29-Mar",18,80,258,246,0.953488372093023,0.32520325203252,18
"554",554,"13",15,"combo","29-Mar",4,80,258,246,0.953488372093023,0.32520325203252,4
"555",555,"14",37,"combo","29-Mar",0,80,258,246,0.953488372093023,0.32520325203252,0
"556",556,"15",67,"combo","29-Mar",1,80,258,246,0.953488372093023,0.32520325203252,1
"557",557,"16",85,"combo","29-Mar",0,80,258,246,0.953488372093023,0.32520325203252,0
"558",558,"17",83,"combo","29-Mar",2,80,258,246,0.953488372093023,0.32520325203252,2
"559",559,"18",61,"combo","29-Mar",2,80,258,246,0.953488372093023,0.32520325203252,2
"560",560,"19",41,"combo","29-Mar",1,80,258,246,0.953488372093023,0.32520325203252,1
"561",561,"20",16,"combo","29-Mar",21,80,258,246,0.953488372093023,0.32520325203252,21
"562",562,"21",16,"combo","29-Mar",7,80,258,246,0.953488372093023,0.32520325203252,7
"563",563,"22",35,"combo","29-Mar",1,80,258,246,0.953488372093023,0.32520325203252,1
"564",564,"23",61,"combo","29-Mar",1,80,258,246,0.953488372093023,0.32520325203252,1
"565",565,"24",86,"combo","29-Mar",0,80,258,246,0.953488372093023,0.32520325203252,0
"566",566,"25",91,"combo","29-Mar",0,80,258,246,0.953488372093023,0.32520325203252,0
"567",567,"26",69,"combo","29-Mar",1,80,258,246,0.953488372093023,0.32520325203252,1
"568",568,"27",49,"combo","29-Mar",0,80,258,246,0.953488372093023,0.32520325203252,0
"569",569,"28",35,"combo","29-Mar",4,80,258,246,0.953488372093023,0.32520325203252,4
"570",570,"29",37,"combo","29-Mar",2,80,258,246,0.953488372093023,0.32520325203252,2
"571",571,"30",46,"combo","29-Mar",0,80,258,246,0.953488372093023,0.32520325203252,0
"572",572,"31",69,"combo","29-Mar",0,80,258,246,0.953488372093023,0.32520325203252,0
"573",573,"32",88,"combo","29-Mar",0,80,258,246,0.953488372093023,0.32520325203252,0
"574",574,"33",61,"combo","29-Mar",0,80,258,246,0.953488372093023,0.32520325203252,0
"575",575,"34",77,"combo","29-Mar",0,80,258,246,0.953488372093023,0.32520325203252,0
"576",576,"35",100,"combo","29-Mar",0,80,258,246,0.953488372093023,0.32520325203252,0
"577",577,"36",125,"combo","29-Mar",0,80,258,246,0.953488372093023,0.32520325203252,0
"578",578,"37",114,"combo","29-Mar",0,80,258,246,0.953488372093023,0.32520325203252,0
"579",579,"38",102,"combo","29-Mar",0,80,258,246,0.953488372093023,0.32520325203252,0
"580",580,"39",97,"combo","29-Mar",0,80,258,246,0.953488372093023,0.32520325203252,0
"581",581,"40",94,"combo","29-Mar",0,80,258,246,0.953488372093023,0.32520325203252,0
"582",582,"41",98,"combo","29-Mar",0,80,258,246,0.953488372093023,0.32520325203252,0
"583",583,"42",103,"combo","29-Mar",0,80,258,246,0.953488372093023,0.32520325203252,0
"584",584,"43",118,"combo","29-Mar",0,80,258,246,0.953488372093023,0.32520325203252,0
"585",585,"44",130,"combo","29-Mar",0,80,258,246,0.953488372093023,0.32520325203252,0
"586",586,"RP",0,"combo","30-Mar",133,52,271,134,0.494464944649447,0.388059701492537,51.6119402985075
"587",587,"1",91,"combo","30-Mar",1,52,271,134,0.494464944649447,0.388059701492537,1
"588",588,"2",69,"combo","30-Mar",2,52,271,134,0.494464944649447,0.388059701492537,2
"589",589,"3",48,"combo","30-Mar",0,52,271,134,0.494464944649447,0.388059701492537,0
"590",590,"4",35,"combo","30-Mar",1,52,271,134,0.494464944649447,0.388059701492537,1
"591",591,"5",33,"combo","30-Mar",1,52,271,134,0.494464944649447,0.388059701492537,1
"592",592,"6",47,"combo","30-Mar",1,52,271,134,0.494464944649447,0.388059701492537,1
"593",593,"7",67,"combo","30-Mar",0,52,271,134,0.494464944649447,0.388059701492537,0
"594",594,"8",88,"combo","30-Mar",0,52,271,134,0.494464944649447,0.388059701492537,0
"595",595,"9",85,"combo","30-Mar",0,52,271,134,0.494464944649447,0.388059701492537,0
"596",596,"10",57,"combo","30-Mar",2,52,271,134,0.494464944649447,0.388059701492537,2
"597",597,"11",37,"combo","30-Mar",4,52,271,134,0.494464944649447,0.388059701492537,4
"598",598,"12",17,"combo","30-Mar",21,52,271,134,0.494464944649447,0.388059701492537,21
"599",599,"13",15,"combo","30-Mar",0,52,271,134,0.494464944649447,0.388059701492537,0
"600",600,"14",37,"combo","30-Mar",1,52,271,134,0.494464944649447,0.388059701492537,1
"601",601,"15",67,"combo","30-Mar",0,52,271,134,0.494464944649447,0.388059701492537,0
"602",602,"16",85,"combo","30-Mar",0,52,271,134,0.494464944649447,0.388059701492537,0
"603",603,"17",83,"combo","30-Mar",0,52,271,134,0.494464944649447,0.388059701492537,0
"604",604,"18",61,"combo","30-Mar",0,52,271,134,0.494464944649447,0.388059701492537,0
"605",605,"19",41,"combo","30-Mar",3,52,271,134,0.494464944649447,0.388059701492537,3
"606",606,"20",16,"combo","30-Mar",10,52,271,134,0.494464944649447,0.388059701492537,10
"607",607,"21",16,"combo","30-Mar",1,52,271,134,0.494464944649447,0.388059701492537,1
"608",608,"22",35,"combo","30-Mar",1,52,271,134,0.494464944649447,0.388059701492537,1
"609",609,"23",61,"combo","30-Mar",0,52,271,134,0.494464944649447,0.388059701492537,0
"610",610,"24",86,"combo","30-Mar",0,52,271,134,0.494464944649447,0.388059701492537,0
"611",611,"25",91,"combo","30-Mar",0,52,271,134,0.494464944649447,0.388059701492537,0
"612",612,"26",69,"combo","30-Mar",0,52,271,134,0.494464944649447,0.388059701492537,0
"613",613,"27",49,"combo","30-Mar",0,52,271,134,0.494464944649447,0.388059701492537,0
"614",614,"28",35,"combo","30-Mar",3,52,271,134,0.494464944649447,0.388059701492537,3
"615",615,"29",37,"combo","30-Mar",0,52,271,134,0.494464944649447,0.388059701492537,0
"616",616,"30",46,"combo","30-Mar",0,52,271,134,0.494464944649447,0.388059701492537,0
"617",617,"31",69,"combo","30-Mar",0,52,271,134,0.494464944649447,0.388059701492537,0
"618",618,"32",88,"combo","30-Mar",0,52,271,134,0.494464944649447,0.388059701492537,0
"619",619,"33",61,"combo","30-Mar",0,52,271,134,0.494464944649447,0.388059701492537,0
"620",620,"34",77,"combo","30-Mar",0,52,271,134,0.494464944649447,0.388059701492537,0
"621",621,"35",100,"combo","30-Mar",0,52,271,134,0.494464944649447,0.388059701492537,0
"622",622,"36",125,"combo","30-Mar",0,52,271,134,0.494464944649447,0.388059701492537,0
"623",623,"37",114,"combo","30-Mar",0,52,271,134,0.494464944649447,0.388059701492537,0
"624",624,"38",102,"combo","30-Mar",0,52,271,134,0.494464944649447,0.388059701492537,0
"625",625,"39",97,"combo","30-Mar",0,52,271,134,0.494464944649447,0.388059701492537,0
"626",626,"40",94,"combo","30-Mar",0,52,271,134,0.494464944649447,0.388059701492537,0
"627",627,"41",98,"combo","30-Mar",0,52,271,134,0.494464944649447,0.388059701492537,0
"628",628,"42",103,"combo","30-Mar",0,52,271,134,0.494464944649447,0.388059701492537,0
"629",629,"43",118,"combo","30-Mar",0,52,271,134,0.494464944649447,0.388059701492537,0
"630",630,"44",130,"combo","30-Mar",0,52,271,134,0.494464944649447,0.388059701492537,0
"631",631,"RP",0,"combo","3-Apr",50,46,489,333,0.680981595092024,0.138138138138138,6.90690690690691
"632",632,"1",91,"combo","3-Apr",0,46,489,333,0.680981595092024,0.138138138138138,0
"633",633,"2",69,"combo","3-Apr",1,46,489,333,0.680981595092024,0.138138138138138,1
"634",634,"3",48,"combo","3-Apr",0,46,489,333,0.680981595092024,0.138138138138138,0
"635",635,"4",35,"combo","3-Apr",1,46,489,333,0.680981595092024,0.138138138138138,1
"636",636,"5",33,"combo","3-Apr",8,46,489,333,0.680981595092024,0.138138138138138,8
"637",637,"6",47,"combo","3-Apr",2,46,489,333,0.680981595092024,0.138138138138138,2
"638",638,"7",67,"combo","3-Apr",0,46,489,333,0.680981595092024,0.138138138138138,0
"639",639,"8",88,"combo","3-Apr",0,46,489,333,0.680981595092024,0.138138138138138,0
"640",640,"9",85,"combo","3-Apr",1,46,489,333,0.680981595092024,0.138138138138138,1
"641",641,"10",57,"combo","3-Apr",0,46,489,333,0.680981595092024,0.138138138138138,0
"642",642,"11",37,"combo","3-Apr",6,46,489,333,0.680981595092024,0.138138138138138,6
"643",643,"12",17,"combo","3-Apr",0,46,489,333,0.680981595092024,0.138138138138138,0
"644",644,"13",15,"combo","3-Apr",0,46,489,333,0.680981595092024,0.138138138138138,0
"645",645,"14",37,"combo","3-Apr",2,46,489,333,0.680981595092024,0.138138138138138,2
"646",646,"15",67,"combo","3-Apr",0,46,489,333,0.680981595092024,0.138138138138138,0
"647",647,"16",85,"combo","3-Apr",0,46,489,333,0.680981595092024,0.138138138138138,0
"648",648,"17",83,"combo","3-Apr",1,46,489,333,0.680981595092024,0.138138138138138,1
"649",649,"18",61,"combo","3-Apr",1,46,489,333,0.680981595092024,0.138138138138138,1
"650",650,"19",41,"combo","3-Apr",5,46,489,333,0.680981595092024,0.138138138138138,5
"651",651,"20",16,"combo","3-Apr",0,46,489,333,0.680981595092024,0.138138138138138,0
"652",652,"21",16,"combo","3-Apr",0,46,489,333,0.680981595092024,0.138138138138138,0
"653",653,"22",35,"combo","3-Apr",7,46,489,333,0.680981595092024,0.138138138138138,7
"654",654,"23",61,"combo","3-Apr",0,46,489,333,0.680981595092024,0.138138138138138,0
"655",655,"24",86,"combo","3-Apr",0,46,489,333,0.680981595092024,0.138138138138138,0
"656",656,"25",91,"combo","3-Apr",0,46,489,333,0.680981595092024,0.138138138138138,0
"657",657,"26",69,"combo","3-Apr",0,46,489,333,0.680981595092024,0.138138138138138,0
"658",658,"27",49,"combo","3-Apr",1,46,489,333,0.680981595092024,0.138138138138138,1
"659",659,"28",35,"combo","3-Apr",9,46,489,333,0.680981595092024,0.138138138138138,9
"660",660,"29",37,"combo","3-Apr",1,46,489,333,0.680981595092024,0.138138138138138,1
"661",661,"30",46,"combo","3-Apr",0,46,489,333,0.680981595092024,0.138138138138138,0
"662",662,"31",69,"combo","3-Apr",0,46,489,333,0.680981595092024,0.138138138138138,0
"663",663,"32",88,"combo","3-Apr",0,46,489,333,0.680981595092024,0.138138138138138,0
"664",664,"33",61,"combo","3-Apr",0,46,489,333,0.680981595092024,0.138138138138138,0
"665",665,"34",77,"combo","3-Apr",0,46,489,333,0.680981595092024,0.138138138138138,0
"666",666,"35",100,"combo","3-Apr",0,46,489,333,0.680981595092024,0.138138138138138,0
"667",667,"36",125,"combo","3-Apr",0,46,489,333,0.680981595092024,0.138138138138138,0
"668",668,"37",114,"combo","3-Apr",0,46,489,333,0.680981595092024,0.138138138138138,0
"669",669,"38",102,"combo","3-Apr",0,46,489,333,0.680981595092024,0.138138138138138,0
"670",670,"39",97,"combo","3-Apr",0,46,489,333,0.680981595092024,0.138138138138138,0
"671",671,"40",94,"combo","3-Apr",0,46,489,333,0.680981595092024,0.138138138138138,0
"672",672,"41",98,"combo","3-Apr",0,46,489,333,0.680981595092024,0.138138138138138,0
"673",673,"42",103,"combo","3-Apr",0,46,489,333,0.680981595092024,0.138138138138138,0
"674",674,"43",118,"combo","3-Apr",0,46,489,333,0.680981595092024,0.138138138138138,0
"675",675,"44",130,"combo","3-Apr",0,46,489,333,0.680981595092024,0.138138138138138,0
"676",676,"RP",0,"combo","4-Apr",60,57,315,265,0.841269841269841,0.215094339622642,12.9056603773585
"677",677,"1",91,"combo","4-Apr",0,57,315,265,0.841269841269841,0.215094339622642,0
"678",678,"2",69,"combo","4-Apr",1,57,315,265,0.841269841269841,0.215094339622642,1
"679",679,"3",48,"combo","4-Apr",2,57,315,265,0.841269841269841,0.215094339622642,2
"680",680,"4",35,"combo","4-Apr",3,57,315,265,0.841269841269841,0.215094339622642,3
"681",681,"5",33,"combo","4-Apr",12,57,315,265,0.841269841269841,0.215094339622642,12
"682",682,"6",47,"combo","4-Apr",0,57,315,265,0.841269841269841,0.215094339622642,0
"683",683,"7",67,"combo","4-Apr",0,57,315,265,0.841269841269841,0.215094339622642,0
"684",684,"8",88,"combo","4-Apr",0,57,315,265,0.841269841269841,0.215094339622642,0
"685",685,"9",85,"combo","4-Apr",3,57,315,265,0.841269841269841,0.215094339622642,3
"686",686,"10",57,"combo","4-Apr",1,57,315,265,0.841269841269841,0.215094339622642,1
"687",687,"11",37,"combo","4-Apr",6,57,315,265,0.841269841269841,0.215094339622642,6
"688",688,"12",17,"combo","4-Apr",0,57,315,265,0.841269841269841,0.215094339622642,0
"689",689,"13",15,"combo","4-Apr",0,57,315,265,0.841269841269841,0.215094339622642,0
"690",690,"14",37,"combo","4-Apr",0,57,315,265,0.841269841269841,0.215094339622642,0
"691",691,"15",67,"combo","4-Apr",0,57,315,265,0.841269841269841,0.215094339622642,0
"692",692,"16",85,"combo","4-Apr",0,57,315,265,0.841269841269841,0.215094339622642,0
"693",693,"17",83,"combo","4-Apr",1,57,315,265,0.841269841269841,0.215094339622642,1
"694",694,"18",61,"combo","4-Apr",2,57,315,265,0.841269841269841,0.215094339622642,2
"695",695,"19",41,"combo","4-Apr",8,57,315,265,0.841269841269841,0.215094339622642,8
"696",696,"20",16,"combo","4-Apr",0,57,315,265,0.841269841269841,0.215094339622642,0
"697",697,"21",16,"combo","4-Apr",0,57,315,265,0.841269841269841,0.215094339622642,0
"698",698,"22",35,"combo","4-Apr",3,57,315,265,0.841269841269841,0.215094339622642,3
"699",699,"23",61,"combo","4-Apr",1,57,315,265,0.841269841269841,0.215094339622642,1
"700",700,"24",86,"combo","4-Apr",0,57,315,265,0.841269841269841,0.215094339622642,0
"701",701,"25",91,"combo","4-Apr",0,57,315,265,0.841269841269841,0.215094339622642,0
"702",702,"26",69,"combo","4-Apr",0,57,315,265,0.841269841269841,0.215094339622642,0
"703",703,"27",49,"combo","4-Apr",1,57,315,265,0.841269841269841,0.215094339622642,1
"704",704,"28",35,"combo","4-Apr",7,57,315,265,0.841269841269841,0.215094339622642,7
"705",705,"29",37,"combo","4-Apr",6,57,315,265,0.841269841269841,0.215094339622642,6
"706",706,"30",46,"combo","4-Apr",0,57,315,265,0.841269841269841,0.215094339622642,0
"707",707,"31",69,"combo","4-Apr",0,57,315,265,0.841269841269841,0.215094339622642,0
"708",708,"32",88,"combo","4-Apr",0,57,315,265,0.841269841269841,0.215094339622642,0
"709",709,"33",61,"combo","4-Apr",0,57,315,265,0.841269841269841,0.215094339622642,0
"710",710,"34",77,"combo","4-Apr",0,57,315,265,0.841269841269841,0.215094339622642,0
"711",711,"35",100,"combo","4-Apr",0,57,315,265,0.841269841269841,0.215094339622642,0
"712",712,"36",125,"combo","4-Apr",0,57,315,265,0.841269841269841,0.215094339622642,0
"713",713,"37",114,"combo","4-Apr",0,57,315,265,0.841269841269841,0.215094339622642,0
"714",714,"38",102,"combo","4-Apr",0,57,315,265,0.841269841269841,0.215094339622642,0
"715",715,"39",97,"combo","4-Apr",0,57,315,265,0.841269841269841,0.215094339622642,0
"716",716,"40",94,"combo","4-Apr",0,57,315,265,0.841269841269841,0.215094339622642,0
"717",717,"41",98,"combo","4-Apr",0,57,315,265,0.841269841269841,0.215094339622642,0
"718",718,"42",103,"combo","4-Apr",0,57,315,265,0.841269841269841,0.215094339622642,0
"719",719,"43",118,"combo","4-Apr",0,57,315,265,0.841269841269841,0.215094339622642,0
"720",720,"44",130,"combo","4-Apr",0,57,315,265,0.841269841269841,0.215094339622642,0
"721",721,"RP",0,"cop","5-Apr",46,10,270,224,0.82962962962963,0.0446428571428571,2.05357142857143
"722",722,"1",91,"cop","5-Apr",0,10,270,224,0.82962962962963,0.0446428571428571,0
"723",723,"2",69,"cop","5-Apr",0,10,270,224,0.82962962962963,0.0446428571428571,0
"724",724,"3",48,"cop","5-Apr",0,10,270,224,0.82962962962963,0.0446428571428571,0
"725",725,"4",35,"cop","5-Apr",0,10,270,224,0.82962962962963,0.0446428571428571,0
"726",726,"5",33,"cop","5-Apr",0,10,270,224,0.82962962962963,0.0446428571428571,0
"727",727,"6",47,"cop","5-Apr",0,10,270,224,0.82962962962963,0.0446428571428571,0
"728",728,"7",67,"cop","5-Apr",0,10,270,224,0.82962962962963,0.0446428571428571,0
"729",729,"8",88,"cop","5-Apr",0,10,270,224,0.82962962962963,0.0446428571428571,0
"730",730,"9",85,"cop","5-Apr",0,10,270,224,0.82962962962963,0.0446428571428571,0
"731",731,"10",57,"cop","5-Apr",0,10,270,224,0.82962962962963,0.0446428571428571,0
"732",732,"11",37,"cop","5-Apr",0,10,270,224,0.82962962962963,0.0446428571428571,0
"733",733,"12",17,"cop","5-Apr",6,10,270,224,0.82962962962963,0.0446428571428571,6
"734",734,"13",15,"cop","5-Apr",0,10,270,224,0.82962962962963,0.0446428571428571,0
"735",735,"14",37,"cop","5-Apr",0,10,270,224,0.82962962962963,0.0446428571428571,0
"736",736,"15",67,"cop","5-Apr",0,10,270,224,0.82962962962963,0.0446428571428571,0
"737",737,"16",85,"cop","5-Apr",0,10,270,224,0.82962962962963,0.0446428571428571,0
"738",738,"17",83,"cop","5-Apr",0,10,270,224,0.82962962962963,0.0446428571428571,0
"739",739,"18",61,"cop","5-Apr",0,10,270,224,0.82962962962963,0.0446428571428571,0
"740",740,"19",41,"cop","5-Apr",0,10,270,224,0.82962962962963,0.0446428571428571,0
"741",741,"20",16,"cop","5-Apr",2,10,270,224,0.82962962962963,0.0446428571428571,2
"742",742,"21",16,"cop","5-Apr",0,10,270,224,0.82962962962963,0.0446428571428571,0
"743",743,"22",35,"cop","5-Apr",0,10,270,224,0.82962962962963,0.0446428571428571,0
"744",744,"23",61,"cop","5-Apr",0,10,270,224,0.82962962962963,0.0446428571428571,0
"745",745,"24",86,"cop","5-Apr",0,10,270,224,0.82962962962963,0.0446428571428571,0
"746",746,"25",91,"cop","5-Apr",0,10,270,224,0.82962962962963,0.0446428571428571,0
"747",747,"26",69,"cop","5-Apr",0,10,270,224,0.82962962962963,0.0446428571428571,0
"748",748,"27",49,"cop","5-Apr",1,10,270,224,0.82962962962963,0.0446428571428571,1
"749",749,"28",35,"cop","5-Apr",0,10,270,224,0.82962962962963,0.0446428571428571,0
"750",750,"29",37,"cop","5-Apr",0,10,270,224,0.82962962962963,0.0446428571428571,0
"751",751,"30",46,"cop","5-Apr",0,10,270,224,0.82962962962963,0.0446428571428571,0
"752",752,"31",69,"cop","5-Apr",0,10,270,224,0.82962962962963,0.0446428571428571,0
"753",753,"32",88,"cop","5-Apr",1,10,270,224,0.82962962962963,0.0446428571428571,1
"754",754,"33",61,"cop","5-Apr",0,10,270,224,0.82962962962963,0.0446428571428571,0
"755",755,"34",77,"cop","5-Apr",0,10,270,224,0.82962962962963,0.0446428571428571,0
"756",756,"35",100,"cop","5-Apr",0,10,270,224,0.82962962962963,0.0446428571428571,0
"757",757,"36",125,"cop","5-Apr",0,10,270,224,0.82962962962963,0.0446428571428571,0
"758",758,"37",114,"cop","5-Apr",0,10,270,224,0.82962962962963,0.0446428571428571,0
"759",759,"38",102,"cop","5-Apr",0,10,270,224,0.82962962962963,0.0446428571428571,0
"760",760,"39",97,"cop","5-Apr",0,10,270,224,0.82962962962963,0.0446428571428571,0
"761",761,"40",94,"cop","5-Apr",0,10,270,224,0.82962962962963,0.0446428571428571,0
"762",762,"41",98,"cop","5-Apr",0,10,270,224,0.82962962962963,0.0446428571428571,0
"763",763,"42",103,"cop","5-Apr",0,10,270,224,0.82962962962963,0.0446428571428571,0
"764",764,"43",118,"cop","5-Apr",0,10,270,224,0.82962962962963,0.0446428571428571,0
"765",765,"44",130,"cop","5-Apr",0,10,270,224,0.82962962962963,0.0446428571428571,0
"766",766,"RP",0,"cop","6-Apr",131,24,357,226,0.633053221288515,0.106194690265487,13.9115044247788
"767",767,"1",91,"cop","6-Apr",0,24,357,226,0.633053221288515,0.106194690265487,0
"768",768,"2",69,"cop","6-Apr",0,24,357,226,0.633053221288515,0.106194690265487,0
"769",769,"3",48,"cop","6-Apr",2,24,357,226,0.633053221288515,0.106194690265487,2
"770",770,"4",35,"cop","6-Apr",0,24,357,226,0.633053221288515,0.106194690265487,0
"771",771,"5",33,"cop","6-Apr",2,24,357,226,0.633053221288515,0.106194690265487,2
"772",772,"6",47,"cop","6-Apr",0,24,357,226,0.633053221288515,0.106194690265487,0
"773",773,"7",67,"cop","6-Apr",0,24,357,226,0.633053221288515,0.106194690265487,0
"774",774,"8",88,"cop","6-Apr",0,24,357,226,0.633053221288515,0.106194690265487,0
"775",775,"9",85,"cop","6-Apr",0,24,357,226,0.633053221288515,0.106194690265487,0
"776",776,"10",57,"cop","6-Apr",0,24,357,226,0.633053221288515,0.106194690265487,0
"777",777,"11",37,"cop","6-Apr",1,24,357,226,0.633053221288515,0.106194690265487,1
"778",778,"12",17,"cop","6-Apr",3,24,357,226,0.633053221288515,0.106194690265487,3
"779",779,"13",15,"cop","6-Apr",2,24,357,226,0.633053221288515,0.106194690265487,2
"780",780,"14",37,"cop","6-Apr",1,24,357,226,0.633053221288515,0.106194690265487,1
"781",781,"15",67,"cop","6-Apr",1,24,357,226,0.633053221288515,0.106194690265487,1
"782",782,"16",85,"cop","6-Apr",0,24,357,226,0.633053221288515,0.106194690265487,0
"783",783,"17",83,"cop","6-Apr",0,24,357,226,0.633053221288515,0.106194690265487,0
"784",784,"18",61,"cop","6-Apr",1,24,357,226,0.633053221288515,0.106194690265487,1
"785",785,"19",41,"cop","6-Apr",1,24,357,226,0.633053221288515,0.106194690265487,1
"786",786,"20",16,"cop","6-Apr",8,24,357,226,0.633053221288515,0.106194690265487,8
"787",787,"21",16,"cop","6-Apr",1,24,357,226,0.633053221288515,0.106194690265487,1
"788",788,"22",35,"cop","6-Apr",0,24,357,226,0.633053221288515,0.106194690265487,0
"789",789,"23",61,"cop","6-Apr",1,24,357,226,0.633053221288515,0.106194690265487,1
"790",790,"24",86,"cop","6-Apr",0,24,357,226,0.633053221288515,0.106194690265487,0
"791",791,"25",91,"cop","6-Apr",0,24,357,226,0.633053221288515,0.106194690265487,0
"792",792,"26",69,"cop","6-Apr",0,24,357,226,0.633053221288515,0.106194690265487,0
"793",793,"27",49,"cop","6-Apr",0,24,357,226,0.633053221288515,0.106194690265487,0
"794",794,"28",35,"cop","6-Apr",0,24,357,226,0.633053221288515,0.106194690265487,0
"795",795,"29",37,"cop","6-Apr",0,24,357,226,0.633053221288515,0.106194690265487,0
"796",796,"30",46,"cop","6-Apr",0,24,357,226,0.633053221288515,0.106194690265487,0
"797",797,"31",69,"cop","6-Apr",0,24,357,226,0.633053221288515,0.106194690265487,0
"798",798,"32",88,"cop","6-Apr",0,24,357,226,0.633053221288515,0.106194690265487,0
"799",799,"33",61,"cop","6-Apr",0,24,357,226,0.633053221288515,0.106194690265487,0
"800",800,"34",77,"cop","6-Apr",0,24,357,226,0.633053221288515,0.106194690265487,0
"801",801,"35",100,"cop","6-Apr",0,24,357,226,0.633053221288515,0.106194690265487,0
"802",802,"36",125,"cop","6-Apr",0,24,357,226,0.633053221288515,0.106194690265487,0
"803",803,"37",114,"cop","6-Apr",0,24,357,226,0.633053221288515,0.106194690265487,0
"804",804,"38",102,"cop","6-Apr",0,24,357,226,0.633053221288515,0.106194690265487,0
"805",805,"39",97,"cop","6-Apr",0,24,357,226,0.633053221288515,0.106194690265487,0
"806",806,"40",94,"cop","6-Apr",0,24,357,226,0.633053221288515,0.106194690265487,0
"807",807,"41",98,"cop","6-Apr",0,24,357,226,0.633053221288515,0.106194690265487,0
"808",808,"42",103,"cop","6-Apr",0,24,357,226,0.633053221288515,0.106194690265487,0
"809",809,"43",118,"cop","6-Apr",0,24,357,226,0.633053221288515,0.106194690265487,0
"810",810,"44",130,"cop","6-Apr",0,24,357,226,0.633053221288515,0.106194690265487,0
"811",811,"RP",0,"cop","7-Apr",89,9,265,152,0.573584905660377,0.0592105263157895,5.26973684210526
"812",812,"1",91,"cop","7-Apr",0,9,265,152,0.573584905660377,0.0592105263157895,0
"813",813,"2",69,"cop","7-Apr",0,9,265,152,0.573584905660377,0.0592105263157895,0
"814",814,"3",48,"cop","7-Apr",0,9,265,152,0.573584905660377,0.0592105263157895,0
"815",815,"4",35,"cop","7-Apr",0,9,265,152,0.573584905660377,0.0592105263157895,0
"816",816,"5",33,"cop","7-Apr",0,9,265,152,0.573584905660377,0.0592105263157895,0
"817",817,"6",47,"cop","7-Apr",0,9,265,152,0.573584905660377,0.0592105263157895,0
"818",818,"7",67,"cop","7-Apr",0,9,265,152,0.573584905660377,0.0592105263157895,0
"819",819,"8",88,"cop","7-Apr",0,9,265,152,0.573584905660377,0.0592105263157895,0
"820",820,"9",85,"cop","7-Apr",0,9,265,152,0.573584905660377,0.0592105263157895,0
"821",821,"10",57,"cop","7-Apr",0,9,265,152,0.573584905660377,0.0592105263157895,0
"822",822,"11",37,"cop","7-Apr",0,9,265,152,0.573584905660377,0.0592105263157895,0
"823",823,"12",17,"cop","7-Apr",1,9,265,152,0.573584905660377,0.0592105263157895,1
"824",824,"13",15,"cop","7-Apr",1,9,265,152,0.573584905660377,0.0592105263157895,1
"825",825,"14",37,"cop","7-Apr",2,9,265,152,0.573584905660377,0.0592105263157895,2
"826",826,"15",67,"cop","7-Apr",0,9,265,152,0.573584905660377,0.0592105263157895,0
"827",827,"16",85,"cop","7-Apr",0,9,265,152,0.573584905660377,0.0592105263157895,0
"828",828,"17",83,"cop","7-Apr",0,9,265,152,0.573584905660377,0.0592105263157895,0
"829",829,"18",61,"cop","7-Apr",0,9,265,152,0.573584905660377,0.0592105263157895,0
"830",830,"19",41,"cop","7-Apr",1,9,265,152,0.573584905660377,0.0592105263157895,1
"831",831,"20",16,"cop","7-Apr",0,9,265,152,0.573584905660377,0.0592105263157895,0
"832",832,"21",16,"cop","7-Apr",2,9,265,152,0.573584905660377,0.0592105263157895,2
"833",833,"22",35,"cop","7-Apr",1,9,265,152,0.573584905660377,0.0592105263157895,1
"834",834,"23",61,"cop","7-Apr",0,9,265,152,0.573584905660377,0.0592105263157895,0
"835",835,"24",86,"cop","7-Apr",0,9,265,152,0.573584905660377,0.0592105263157895,0
"836",836,"25",91,"cop","7-Apr",0,9,265,152,0.573584905660377,0.0592105263157895,0
"837",837,"26",69,"cop","7-Apr",0,9,265,152,0.573584905660377,0.0592105263157895,0
"838",838,"27",49,"cop","7-Apr",0,9,265,152,0.573584905660377,0.0592105263157895,0
"839",839,"28",35,"cop","7-Apr",0,9,265,152,0.573584905660377,0.0592105263157895,0
"840",840,"29",37,"cop","7-Apr",1,9,265,152,0.573584905660377,0.0592105263157895,1
"841",841,"30",46,"cop","7-Apr",0,9,265,152,0.573584905660377,0.0592105263157895,0
"842",842,"31",69,"cop","7-Apr",0,9,265,152,0.573584905660377,0.0592105263157895,0
"843",843,"32",88,"cop","7-Apr",0,9,265,152,0.573584905660377,0.0592105263157895,0
"844",844,"33",61,"cop","7-Apr",0,9,265,152,0.573584905660377,0.0592105263157895,0
"845",845,"34",77,"cop","7-Apr",0,9,265,152,0.573584905660377,0.0592105263157895,0
"846",846,"35",100,"cop","7-Apr",0,9,265,152,0.573584905660377,0.0592105263157895,0
"847",847,"36",125,"cop","7-Apr",0,9,265,152,0.573584905660377,0.0592105263157895,0
"848",848,"37",114,"cop","7-Apr",0,9,265,152,0.573584905660377,0.0592105263157895,0
"849",849,"38",102,"cop","7-Apr",0,9,265,152,0.573584905660377,0.0592105263157895,0
"850",850,"39",97,"cop","7-Apr",0,9,265,152,0.573584905660377,0.0592105263157895,0
"851",851,"40",94,"cop","7-Apr",0,9,265,152,0.573584905660377,0.0592105263157895,0
"852",852,"41",98,"cop","7-Apr",0,9,265,152,0.573584905660377,0.0592105263157895,0
"853",853,"42",103,"cop","7-Apr",0,9,265,152,0.573584905660377,0.0592105263157895,0
"854",854,"43",118,"cop","7-Apr",0,9,265,152,0.573584905660377,0.0592105263157895,0
"855",855,"44",130,"cop","7-Apr",0,9,265,152,0.573584905660377,0.0592105263157895,0
"856",856,"RP",0,"cop","12-Apr",1,24,170,148,0.870588235294118,0.162162162162162,0.162162162162162
"857",857,"1",91,"cop","12-Apr",0,24,170,148,0.870588235294118,0.162162162162162,0
"858",858,"2",69,"cop","12-Apr",0,24,170,148,0.870588235294118,0.162162162162162,0
"859",859,"3",48,"cop","12-Apr",0,24,170,148,0.870588235294118,0.162162162162162,0
"860",860,"4",35,"cop","12-Apr",0,24,170,148,0.870588235294118,0.162162162162162,0
"861",861,"5",33,"cop","12-Apr",0,24,170,148,0.870588235294118,0.162162162162162,0
"862",862,"6",47,"cop","12-Apr",0,24,170,148,0.870588235294118,0.162162162162162,0
"863",863,"7",67,"cop","12-Apr",0,24,170,148,0.870588235294118,0.162162162162162,0
"864",864,"8",88,"cop","12-Apr",0,24,170,148,0.870588235294118,0.162162162162162,0
"865",865,"9",85,"cop","12-Apr",0,24,170,148,0.870588235294118,0.162162162162162,0
"866",866,"10",57,"cop","12-Apr",0,24,170,148,0.870588235294118,0.162162162162162,0
"867",867,"11",37,"cop","12-Apr",0,24,170,148,0.870588235294118,0.162162162162162,0
"868",868,"12",17,"cop","12-Apr",0,24,170,148,0.870588235294118,0.162162162162162,0
"869",869,"13",15,"cop","12-Apr",2,24,170,148,0.870588235294118,0.162162162162162,2
"870",870,"14",37,"cop","12-Apr",1,24,170,148,0.870588235294118,0.162162162162162,1
"871",871,"15",67,"cop","12-Apr",0,24,170,148,0.870588235294118,0.162162162162162,0
"872",872,"16",85,"cop","12-Apr",1,24,170,148,0.870588235294118,0.162162162162162,1
"873",873,"17",83,"cop","12-Apr",0,24,170,148,0.870588235294118,0.162162162162162,0
"874",874,"18",61,"cop","12-Apr",2,24,170,148,0.870588235294118,0.162162162162162,2
"875",875,"19",41,"cop","12-Apr",1,24,170,148,0.870588235294118,0.162162162162162,1
"876",876,"20",16,"cop","12-Apr",5,24,170,148,0.870588235294118,0.162162162162162,5
"877",877,"21",16,"cop","12-Apr",1,24,170,148,0.870588235294118,0.162162162162162,1
"878",878,"22",35,"cop","12-Apr",1,24,170,148,0.870588235294118,0.162162162162162,1
"879",879,"23",61,"cop","12-Apr",0,24,170,148,0.870588235294118,0.162162162162162,0
"880",880,"24",86,"cop","12-Apr",0,24,170,148,0.870588235294118,0.162162162162162,0
"881",881,"25",91,"cop","12-Apr",0,24,170,148,0.870588235294118,0.162162162162162,0
"882",882,"26",69,"cop","12-Apr",1,24,170,148,0.870588235294118,0.162162162162162,1
"883",883,"27",49,"cop","12-Apr",1,24,170,148,0.870588235294118,0.162162162162162,1
"884",884,"28",35,"cop","12-Apr",7,24,170,148,0.870588235294118,0.162162162162162,7
"885",885,"29",37,"cop","12-Apr",1,24,170,148,0.870588235294118,0.162162162162162,1
"886",886,"30",46,"cop","12-Apr",0,24,170,148,0.870588235294118,0.162162162162162,0
"887",887,"31",69,"cop","12-Apr",0,24,170,148,0.870588235294118,0.162162162162162,0
"888",888,"32",88,"cop","12-Apr",0,24,170,148,0.870588235294118,0.162162162162162,0
"889",889,"33",61,"cop","12-Apr",0,24,170,148,0.870588235294118,0.162162162162162,0
"890",890,"34",77,"cop","12-Apr",0,24,170,148,0.870588235294118,0.162162162162162,0
"891",891,"35",100,"cop","12-Apr",0,24,170,148,0.870588235294118,0.162162162162162,0
"892",892,"36",125,"cop","12-Apr",0,24,170,148,0.870588235294118,0.162162162162162,0
"893",893,"37",114,"cop","12-Apr",0,24,170,148,0.870588235294118,0.162162162162162,0
"894",894,"38",102,"cop","12-Apr",0,24,170,148,0.870588235294118,0.162162162162162,0
"895",895,"39",97,"cop","12-Apr",0,24,170,148,0.870588235294118,0.162162162162162,0
"896",896,"40",94,"cop","12-Apr",0,24,170,148,0.870588235294118,0.162162162162162,0
"897",897,"41",98,"cop","12-Apr",0,24,170,148,0.870588235294118,0.162162162162162,0
"898",898,"42",103,"cop","12-Apr",0,24,170,148,0.870588235294118,0.162162162162162,0
"899",899,"43",118,"cop","12-Apr",0,24,170,148,0.870588235294118,0.162162162162162,0
"900",900,"44",130,"cop","12-Apr",0,24,170,148,0.870588235294118,0.162162162162162,0
"901",901,"RP",0,"cop","11-Apr",11,27,341,330,0.967741935483871,0.0818181818181818,0.9
"902",902,"1",91,"cop","11-Apr",0,27,341,330,0.967741935483871,0.0818181818181818,0
"903",903,"2",69,"cop","11-Apr",0,27,341,330,0.967741935483871,0.0818181818181818,0
"904",904,"3",48,"cop","11-Apr",0,27,341,330,0.967741935483871,0.0818181818181818,0
"905",905,"4",35,"cop","11-Apr",0,27,341,330,0.967741935483871,0.0818181818181818,0
"906",906,"5",33,"cop","11-Apr",0,27,341,330,0.967741935483871,0.0818181818181818,0
"907",907,"6",47,"cop","11-Apr",0,27,341,330,0.967741935483871,0.0818181818181818,0
"908",908,"7",67,"cop","11-Apr",0,27,341,330,0.967741935483871,0.0818181818181818,0
"909",909,"8",88,"cop","11-Apr",0,27,341,330,0.967741935483871,0.0818181818181818,0
"910",910,"9",85,"cop","11-Apr",0,27,341,330,0.967741935483871,0.0818181818181818,0
"911",911,"10",57,"cop","11-Apr",0,27,341,330,0.967741935483871,0.0818181818181818,0
"912",912,"11",37,"cop","11-Apr",0,27,341,330,0.967741935483871,0.0818181818181818,0
"913",913,"12",17,"cop","11-Apr",0,27,341,330,0.967741935483871,0.0818181818181818,0
"914",914,"13",15,"cop","11-Apr",3,27,341,330,0.967741935483871,0.0818181818181818,3
"915",915,"14",37,"cop","11-Apr",1,27,341,330,0.967741935483871,0.0818181818181818,1
"916",916,"15",67,"cop","11-Apr",0,27,341,330,0.967741935483871,0.0818181818181818,0
"917",917,"16",85,"cop","11-Apr",0,27,341,330,0.967741935483871,0.0818181818181818,0
"918",918,"17",83,"cop","11-Apr",0,27,341,330,0.967741935483871,0.0818181818181818,0
"919",919,"18",61,"cop","11-Apr",0,27,341,330,0.967741935483871,0.0818181818181818,0
"920",920,"19",41,"cop","11-Apr",1,27,341,330,0.967741935483871,0.0818181818181818,1
"921",921,"20",16,"cop","11-Apr",6,27,341,330,0.967741935483871,0.0818181818181818,6
"922",922,"21",16,"cop","11-Apr",1,27,341,330,0.967741935483871,0.0818181818181818,1
"923",923,"22",35,"cop","11-Apr",0,27,341,330,0.967741935483871,0.0818181818181818,0
"924",924,"23",61,"cop","11-Apr",1,27,341,330,0.967741935483871,0.0818181818181818,1
"925",925,"24",86,"cop","11-Apr",0,27,341,330,0.967741935483871,0.0818181818181818,0
"926",926,"25",91,"cop","11-Apr",0,27,341,330,0.967741935483871,0.0818181818181818,0
"927",927,"26",69,"cop","11-Apr",1,27,341,330,0.967741935483871,0.0818181818181818,1
"928",928,"27",49,"cop","11-Apr",3,27,341,330,0.967741935483871,0.0818181818181818,3
"929",929,"28",35,"cop","11-Apr",6,27,341,330,0.967741935483871,0.0818181818181818,6
"930",930,"29",37,"cop","11-Apr",2,27,341,330,0.967741935483871,0.0818181818181818,2
"931",931,"30",46,"cop","11-Apr",1,27,341,330,0.967741935483871,0.0818181818181818,1
"932",932,"31",69,"cop","11-Apr",0,27,341,330,0.967741935483871,0.0818181818181818,0
"933",933,"32",88,"cop","11-Apr",0,27,341,330,0.967741935483871,0.0818181818181818,0
"934",934,"33",61,"cop","11-Apr",1,27,341,330,0.967741935483871,0.0818181818181818,1
"935",935,"34",77,"cop","11-Apr",0,27,341,330,0.967741935483871,0.0818181818181818,0
"936",936,"35",100,"cop","11-Apr",0,27,341,330,0.967741935483871,0.0818181818181818,0
"937",937,"36",125,"cop","11-Apr",0,27,341,330,0.967741935483871,0.0818181818181818,0
"938",938,"37",114,"cop","11-Apr",0,27,341,330,0.967741935483871,0.0818181818181818,0
"939",939,"38",102,"cop","11-Apr",0,27,341,330,0.967741935483871,0.0818181818181818,0
"940",940,"39",97,"cop","11-Apr",0,27,341,330,0.967741935483871,0.0818181818181818,0
"941",941,"40",94,"cop","11-Apr",0,27,341,330,0.967741935483871,0.0818181818181818,0
"942",942,"41",98,"cop","11-Apr",0,27,341,330,0.967741935483871,0.0818181818181818,0
"943",943,"42",103,"cop","11-Apr",0,27,341,330,0.967741935483871,0.0818181818181818,0
"944",944,"43",118,"cop","11-Apr",0,27,341,330,0.967741935483871,0.0818181818181818,0
"945",945,"44",130,"cop","11-Apr",0,27,341,330,0.967741935483871,0.0818181818181818,0
"946",946,"RP",0,"cop","14-Mar",4,17,179,171,0.955307262569832,0.0994152046783626,0.39766081871345
"947",947,"1",91,"cop","14-Mar",0,17,179,171,0.955307262569832,0.0994152046783626,0
"948",948,"2",69,"cop","14-Mar",0,17,179,171,0.955307262569832,0.0994152046783626,0
"949",949,"3",48,"cop","14-Mar",0,17,179,171,0.955307262569832,0.0994152046783626,0
"950",950,"4",35,"cop","14-Mar",0,17,179,171,0.955307262569832,0.0994152046783626,0
"951",951,"5",33,"cop","14-Mar",0,17,179,171,0.955307262569832,0.0994152046783626,0
"952",952,"6",47,"cop","14-Mar",0,17,179,171,0.955307262569832,0.0994152046783626,0
"953",953,"7",67,"cop","14-Mar",0,17,179,171,0.955307262569832,0.0994152046783626,0
"954",954,"8",88,"cop","14-Mar",0,17,179,171,0.955307262569832,0.0994152046783626,0
"955",955,"9",85,"cop","14-Mar",0,17,179,171,0.955307262569832,0.0994152046783626,0
"956",956,"10",57,"cop","14-Mar",0,17,179,171,0.955307262569832,0.0994152046783626,0
"957",957,"11",37,"cop","14-Mar",0,17,179,171,0.955307262569832,0.0994152046783626,0
"958",958,"12",17,"cop","14-Mar",3,17,179,171,0.955307262569832,0.0994152046783626,3
"959",959,"13",15,"cop","14-Mar",3,17,179,171,0.955307262569832,0.0994152046783626,3
"960",960,"14",37,"cop","14-Mar",1,17,179,171,0.955307262569832,0.0994152046783626,1
"961",961,"15",67,"cop","14-Mar",1,17,179,171,0.955307262569832,0.0994152046783626,1
"962",962,"16",85,"cop","14-Mar",0,17,179,171,0.955307262569832,0.0994152046783626,0
"963",963,"17",83,"cop","14-Mar",1,17,179,171,0.955307262569832,0.0994152046783626,1
"964",964,"18",61,"cop","14-Mar",0,17,179,171,0.955307262569832,0.0994152046783626,0
"965",965,"19",41,"cop","14-Mar",0,17,179,171,0.955307262569832,0.0994152046783626,0
"966",966,"20",16,"cop","14-Mar",3,17,179,171,0.955307262569832,0.0994152046783626,3
"967",967,"21",16,"cop","14-Mar",1,17,179,171,0.955307262569832,0.0994152046783626,1
"968",968,"22",35,"cop","14-Mar",1,17,179,171,0.955307262569832,0.0994152046783626,1
"969",969,"23",61,"cop","14-Mar",0,17,179,171,0.955307262569832,0.0994152046783626,0
"970",970,"24",86,"cop","14-Mar",0,17,179,171,0.955307262569832,0.0994152046783626,0
"971",971,"25",91,"cop","14-Mar",0,17,179,171,0.955307262569832,0.0994152046783626,0
"972",972,"26",69,"cop","14-Mar",0,17,179,171,0.955307262569832,0.0994152046783626,0
"973",973,"27",49,"cop","14-Mar",2,17,179,171,0.955307262569832,0.0994152046783626,2
"974",974,"28",35,"cop","14-Mar",0,17,179,171,0.955307262569832,0.0994152046783626,0
"975",975,"29",37,"cop","14-Mar",0,17,179,171,0.955307262569832,0.0994152046783626,0
"976",976,"30",46,"cop","14-Mar",0,17,179,171,0.955307262569832,0.0994152046783626,0
"977",977,"31",69,"cop","14-Mar",0,17,179,171,0.955307262569832,0.0994152046783626,0
"978",978,"32",88,"cop","14-Mar",0,17,179,171,0.955307262569832,0.0994152046783626,0
"979",979,"33",61,"cop","14-Mar",1,17,179,171,0.955307262569832,0.0994152046783626,1
"980",980,"34",77,"cop","14-Mar",0,17,179,171,0.955307262569832,0.0994152046783626,0
"981",981,"35",100,"cop","14-Mar",0,17,179,171,0.955307262569832,0.0994152046783626,0
"982",982,"36",125,"cop","14-Mar",0,17,179,171,0.955307262569832,0.0994152046783626,0
"983",983,"37",114,"cop","14-Mar",0,17,179,171,0.955307262569832,0.0994152046783626,0
"984",984,"38",102,"cop","14-Mar",0,17,179,171,0.955307262569832,0.0994152046783626,0
"985",985,"39",97,"cop","14-Mar",0,17,179,171,0.955307262569832,0.0994152046783626,0
"986",986,"40",94,"cop","14-Mar",0,17,179,171,0.955307262569832,0.0994152046783626,0
"987",987,"41",98,"cop","14-Mar",0,17,179,171,0.955307262569832,0.0994152046783626,0
"988",988,"42",103,"cop","14-Mar",0,17,179,171,0.955307262569832,0.0994152046783626,0
"989",989,"43",118,"cop","14-Mar",0,17,179,171,0.955307262569832,0.0994152046783626,0
"990",990,"44",130,"cop","14-Mar",0,17,179,171,0.955307262569832,0.0994152046783626,0
"991",991,"RP",0,"cop","17-Apr",27,18,276,235,0.851449275362319,0.0765957446808511,2.06808510638298
"992",992,"1",91,"cop","17-Apr",0,18,276,235,0.851449275362319,0.0765957446808511,0
"993",993,"2",69,"cop","17-Apr",0,18,276,235,0.851449275362319,0.0765957446808511,0
"994",994,"3",48,"cop","17-Apr",0,18,276,235,0.851449275362319,0.0765957446808511,0
"995",995,"4",35,"cop","17-Apr",0,18,276,235,0.851449275362319,0.0765957446808511,0
"996",996,"5",33,"cop","17-Apr",0,18,276,235,0.851449275362319,0.0765957446808511,0
"997",997,"6",47,"cop","17-Apr",0,18,276,235,0.851449275362319,0.0765957446808511,0
"998",998,"7",67,"cop","17-Apr",0,18,276,235,0.851449275362319,0.0765957446808511,0
"999",999,"8",88,"cop","17-Apr",0,18,276,235,0.851449275362319,0.0765957446808511,0
"1000",1000,"9",85,"cop","17-Apr",0,18,276,235,0.851449275362319,0.0765957446808511,0
"1001",1001,"10",57,"cop","17-Apr",0,18,276,235,0.851449275362319,0.0765957446808511,0
"1002",1002,"11",37,"cop","17-Apr",0,18,276,235,0.851449275362319,0.0765957446808511,0
"1003",1003,"12",17,"cop","17-Apr",3,18,276,235,0.851449275362319,0.0765957446808511,3
"1004",1004,"13",15,"cop","17-Apr",6,18,276,235,0.851449275362319,0.0765957446808511,6
"1005",1005,"14",37,"cop","17-Apr",0,18,276,235,0.851449275362319,0.0765957446808511,0
"1006",1006,"15",67,"cop","17-Apr",0,18,276,235,0.851449275362319,0.0765957446808511,0
"1007",1007,"16",85,"cop","17-Apr",0,18,276,235,0.851449275362319,0.0765957446808511,0
"1008",1008,"17",83,"cop","17-Apr",0,18,276,235,0.851449275362319,0.0765957446808511,0
"1009",1009,"18",61,"cop","17-Apr",0,18,276,235,0.851449275362319,0.0765957446808511,0
"1010",1010,"19",41,"cop","17-Apr",0,18,276,235,0.851449275362319,0.0765957446808511,0
"1011",1011,"20",16,"cop","17-Apr",5,18,276,235,0.851449275362319,0.0765957446808511,5
"1012",1012,"21",16,"cop","17-Apr",0,18,276,235,0.851449275362319,0.0765957446808511,0
"1013",1013,"22",35,"cop","17-Apr",1,18,276,235,0.851449275362319,0.0765957446808511,1
"1014",1014,"23",61,"cop","17-Apr",0,18,276,235,0.851449275362319,0.0765957446808511,0
"1015",1015,"24",86,"cop","17-Apr",0,18,276,235,0.851449275362319,0.0765957446808511,0
"1016",1016,"25",91,"cop","17-Apr",0,18,276,235,0.851449275362319,0.0765957446808511,0
"1017",1017,"26",69,"cop","17-Apr",1,18,276,235,0.851449275362319,0.0765957446808511,1
"1018",1018,"27",49,"cop","17-Apr",2,18,276,235,0.851449275362319,0.0765957446808511,2
"1019",1019,"28",35,"cop","17-Apr",0,18,276,235,0.851449275362319,0.0765957446808511,0
"1020",1020,"29",37,"cop","17-Apr",0,18,276,235,0.851449275362319,0.0765957446808511,0
"1021",1021,"30",46,"cop","17-Apr",0,18,276,235,0.851449275362319,0.0765957446808511,0
"1022",1022,"31",69,"cop","17-Apr",0,18,276,235,0.851449275362319,0.0765957446808511,0
"1023",1023,"32",88,"cop","17-Apr",0,18,276,235,0.851449275362319,0.0765957446808511,0
"1024",1024,"33",61,"cop","17-Apr",0,18,276,235,0.851449275362319,0.0765957446808511,0
"1025",1025,"34",77,"cop","17-Apr",0,18,276,235,0.851449275362319,0.0765957446808511,0
"1026",1026,"35",100,"cop","17-Apr",0,18,276,235,0.851449275362319,0.0765957446808511,0
"1027",1027,"36",125,"cop","17-Apr",0,18,276,235,0.851449275362319,0.0765957446808511,0
"1028",1028,"37",114,"cop","17-Apr",0,18,276,235,0.851449275362319,0.0765957446808511,0
"1029",1029,"38",102,"cop","17-Apr",0,18,276,235,0.851449275362319,0.0765957446808511,0
"1030",1030,"39",97,"cop","17-Apr",0,18,276,235,0.851449275362319,0.0765957446808511,0
"1031",1031,"40",94,"cop","17-Apr",0,18,276,235,0.851449275362319,0.0765957446808511,0
"1032",1032,"41",98,"cop","17-Apr",0,18,276,235,0.851449275362319,0.0765957446808511,0
"1033",1033,"42",103,"cop","17-Apr",0,18,276,235,0.851449275362319,0.0765957446808511,0
"1034",1034,"43",118,"cop","17-Apr",0,18,276,235,0.851449275362319,0.0765957446808511,0
"1035",1035,"44",130,"cop","17-Apr",0,18,276,235,0.851449275362319,0.0765957446808511,0
"1036",1036,"RP",0,"cop","19-Apr",36,15,275,125,0.454545454545455,0.12,4.32
"1037",1037,"1",91,"cop","19-Apr",0,15,275,125,0.454545454545455,0.12,0
"1038",1038,"2",69,"cop","19-Apr",0,15,275,125,0.454545454545455,0.12,0
"1039",1039,"3",48,"cop","19-Apr",0,15,275,125,0.454545454545455,0.12,0
"1040",1040,"4",35,"cop","19-Apr",0,15,275,125,0.454545454545455,0.12,0
"1041",1041,"5",33,"cop","19-Apr",0,15,275,125,0.454545454545455,0.12,0
"1042",1042,"6",47,"cop","19-Apr",0,15,275,125,0.454545454545455,0.12,0
"1043",1043,"7",67,"cop","19-Apr",0,15,275,125,0.454545454545455,0.12,0
"1044",1044,"8",88,"cop","19-Apr",0,15,275,125,0.454545454545455,0.12,0
"1045",1045,"9",85,"cop","19-Apr",0,15,275,125,0.454545454545455,0.12,0
"1046",1046,"10",57,"cop","19-Apr",0,15,275,125,0.454545454545455,0.12,0
"1047",1047,"11",37,"cop","19-Apr",0,15,275,125,0.454545454545455,0.12,0
"1048",1048,"12",17,"cop","19-Apr",1,15,275,125,0.454545454545455,0.12,1
"1049",1049,"13",15,"cop","19-Apr",4,15,275,125,0.454545454545455,0.12,4
"1050",1050,"14",37,"cop","19-Apr",0,15,275,125,0.454545454545455,0.12,0
"1051",1051,"15",67,"cop","19-Apr",0,15,275,125,0.454545454545455,0.12,0
"1052",1052,"16",85,"cop","19-Apr",0,15,275,125,0.454545454545455,0.12,0
"1053",1053,"17",83,"cop","19-Apr",0,15,275,125,0.454545454545455,0.12,0
"1054",1054,"18",61,"cop","19-Apr",0,15,275,125,0.454545454545455,0.12,0
"1055",1055,"19",41,"cop","19-Apr",0,15,275,125,0.454545454545455,0.12,0
"1056",1056,"20",16,"cop","19-Apr",8,15,275,125,0.454545454545455,0.12,8
"1057",1057,"21",16,"cop","19-Apr",0,15,275,125,0.454545454545455,0.12,0
"1058",1058,"22",35,"cop","19-Apr",0,15,275,125,0.454545454545455,0.12,0
"1059",1059,"23",61,"cop","19-Apr",0,15,275,125,0.454545454545455,0.12,0
"1060",1060,"24",86,"cop","19-Apr",1,15,275,125,0.454545454545455,0.12,1
"1061",1061,"25",91,"cop","19-Apr",0,15,275,125,0.454545454545455,0.12,0
"1062",1062,"26",69,"cop","19-Apr",0,15,275,125,0.454545454545455,0.12,0
"1063",1063,"27",49,"cop","19-Apr",0,15,275,125,0.454545454545455,0.12,0
"1064",1064,"28",35,"cop","19-Apr",1,15,275,125,0.454545454545455,0.12,1
"1065",1065,"29",37,"cop","19-Apr",0,15,275,125,0.454545454545455,0.12,0
"1066",1066,"30",46,"cop","19-Apr",0,15,275,125,0.454545454545455,0.12,0
"1067",1067,"31",69,"cop","19-Apr",0,15,275,125,0.454545454545455,0.12,0
"1068",1068,"32",88,"cop","19-Apr",0,15,275,125,0.454545454545455,0.12,0
"1069",1069,"33",61,"cop","19-Apr",0,15,275,125,0.454545454545455,0.12,0
"1070",1070,"34",77,"cop","19-Apr",0,15,275,125,0.454545454545455,0.12,0
"1071",1071,"35",100,"cop","19-Apr",0,15,275,125,0.454545454545455,0.12,0
"1072",1072,"36",125,"cop","19-Apr",0,15,275,125,0.454545454545455,0.12,0
"1073",1073,"37",114,"cop","19-Apr",0,15,275,125,0.454545454545455,0.12,0
"1074",1074,"38",102,"cop","19-Apr",0,15,275,125,0.454545454545455,0.12,0
"1075",1075,"39",97,"cop","19-Apr",0,15,275,125,0.454545454545455,0.12,0
"1076",1076,"40",94,"cop","19-Apr",0,15,275,125,0.454545454545455,0.12,0
"1077",1077,"41",98,"cop","19-Apr",0,15,275,125,0.454545454545455,0.12,0
"1078",1078,"42",103,"cop","19-Apr",0,15,275,125,0.454545454545455,0.12,0
"1079",1079,"43",118,"cop","19-Apr",0,15,275,125,0.454545454545455,0.12,0
"1080",1080,"44",130,"cop","19-Apr",0,15,275,125,0.454545454545455,0.12,0
"1081",1081,"RP",0,"cop","20-Apr",8,9,197,169,0.857868020304569,0.0532544378698225,0.42603550295858
"1082",1082,"1",91,"cop","20-Apr",0,9,197,169,0.857868020304569,0.0532544378698225,0
"1083",1083,"2",69,"cop","20-Apr",0,9,197,169,0.857868020304569,0.0532544378698225,0
"1084",1084,"3",48,"cop","20-Apr",0,9,197,169,0.857868020304569,0.0532544378698225,0
"1085",1085,"4",35,"cop","20-Apr",0,9,197,169,0.857868020304569,0.0532544378698225,0
"1086",1086,"5",33,"cop","20-Apr",0,9,197,169,0.857868020304569,0.0532544378698225,0
"1087",1087,"6",47,"cop","20-Apr",0,9,197,169,0.857868020304569,0.0532544378698225,0
"1088",1088,"7",67,"cop","20-Apr",0,9,197,169,0.857868020304569,0.0532544378698225,0
"1089",1089,"8",88,"cop","20-Apr",0,9,197,169,0.857868020304569,0.0532544378698225,0
"1090",1090,"9",85,"cop","20-Apr",0,9,197,169,0.857868020304569,0.0532544378698225,0
"1091",1091,"10",57,"cop","20-Apr",0,9,197,169,0.857868020304569,0.0532544378698225,0
"1092",1092,"11",37,"cop","20-Apr",0,9,197,169,0.857868020304569,0.0532544378698225,0
"1093",1093,"12",17,"cop","20-Apr",0,9,197,169,0.857868020304569,0.0532544378698225,0
"1094",1094,"13",15,"cop","20-Apr",0,9,197,169,0.857868020304569,0.0532544378698225,0
"1095",1095,"14",37,"cop","20-Apr",1,9,197,169,0.857868020304569,0.0532544378698225,1
"1096",1096,"15",67,"cop","20-Apr",0,9,197,169,0.857868020304569,0.0532544378698225,0
"1097",1097,"16",85,"cop","20-Apr",0,9,197,169,0.857868020304569,0.0532544378698225,0
"1098",1098,"17",83,"cop","20-Apr",0,9,197,169,0.857868020304569,0.0532544378698225,0
"1099",1099,"18",61,"cop","20-Apr",0,9,197,169,0.857868020304569,0.0532544378698225,0
"1100",1100,"19",41,"cop","20-Apr",0,9,197,169,0.857868020304569,0.0532544378698225,0
"1101",1101,"20",16,"cop","20-Apr",4,9,197,169,0.857868020304569,0.0532544378698225,4
"1102",1102,"21",16,"cop","20-Apr",0,9,197,169,0.857868020304569,0.0532544378698225,0
"1103",1103,"22",35,"cop","20-Apr",1,9,197,169,0.857868020304569,0.0532544378698225,1
"1104",1104,"23",61,"cop","20-Apr",0,9,197,169,0.857868020304569,0.0532544378698225,0
"1105",1105,"24",86,"cop","20-Apr",0,9,197,169,0.857868020304569,0.0532544378698225,0
"1106",1106,"25",91,"cop","20-Apr",1,9,197,169,0.857868020304569,0.0532544378698225,1
"1107",1107,"26",69,"cop","20-Apr",0,9,197,169,0.857868020304569,0.0532544378698225,0
"1108",1108,"27",49,"cop","20-Apr",1,9,197,169,0.857868020304569,0.0532544378698225,1
"1109",1109,"28",35,"cop","20-Apr",1,9,197,169,0.857868020304569,0.0532544378698225,1
"1110",1110,"29",37,"cop","20-Apr",0,9,197,169,0.857868020304569,0.0532544378698225,0
"1111",1111,"30",46,"cop","20-Apr",0,9,197,169,0.857868020304569,0.0532544378698225,0
"1112",1112,"31",69,"cop","20-Apr",0,9,197,169,0.857868020304569,0.0532544378698225,0
"1113",1113,"32",88,"cop","20-Apr",0,9,197,169,0.857868020304569,0.0532544378698225,0
"1114",1114,"33",61,"cop","20-Apr",0,9,197,169,0.857868020304569,0.0532544378698225,0
"1115",1115,"34",77,"cop","20-Apr",0,9,197,169,0.857868020304569,0.0532544378698225,0
"1116",1116,"35",100,"cop","20-Apr",0,9,197,169,0.857868020304569,0.0532544378698225,0
"1117",1117,"36",125,"cop","20-Apr",0,9,197,169,0.857868020304569,0.0532544378698225,0
"1118",1118,"37",114,"cop","20-Apr",0,9,197,169,0.857868020304569,0.0532544378698225,0
"1119",1119,"38",102,"cop","20-Apr",0,9,197,169,0.857868020304569,0.0532544378698225,0
"1120",1120,"39",97,"cop","20-Apr",0,9,197,169,0.857868020304569,0.0532544378698225,0
"1121",1121,"40",94,"cop","20-Apr",0,9,197,169,0.857868020304569,0.0532544378698225,0
"1122",1122,"41",98,"cop","20-Apr",0,9,197,169,0.857868020304569,0.0532544378698225,0
"1123",1123,"42",103,"cop","20-Apr",0,9,197,169,0.857868020304569,0.0532544378698225,0
"1124",1124,"43",118,"cop","20-Apr",0,9,197,169,0.857868020304569,0.0532544378698225,0
"1125",1125,"44",130,"cop","20-Apr",0,9,197,169,0.857868020304569,0.0532544378698225,0
