"","DOY","mean_d","mean_u","air_tmax","air_tmin","meanDaily","meanAnnTemp","ma30","ma60","ma90","ma120","rainfall","rh_tmax"
"1",1,35.4056458333333,35.6433125,30.1909090909091,17.7727272727273,23.9818181818182,19.1473487677371,23.3875,22.0149166666667,20.5873888888889,19.3815,0,35.2909090909091
"2",2,36.3781458333333,36.6148333333333,30.3636363636364,17.8272727272727,24.0954545454545,19.1473487677371,23.4166666666667,22.0925,20.6670555555556,19.4604583333333,0.0181818181818182,37
"3",3,34.9505625,35.2329166666667,30.1272727272727,17.4,23.7636363636364,19.1473487677371,23.4913333333333,22.1615,20.7498888888889,19.5361666666667,0.227272727272727,33.7090909090909
"4",4,33.5351875,33.8306041666667,31.4181818181818,16.5818181818182,24,19.1473487677371,23.5903333333333,22.2360833333333,20.8513333333333,19.61275,0.00909090909090909,27.5
"5",5,31.4109166666667,31.7352083333333,33.0818181818182,17.1727272727273,25.1272727272727,19.1473487677371,23.7006666666667,22.3335,20.9520555555556,19.6925833333333,0,31.9
"6",6,32.8222291666667,33.1090416666667,32.8181818181818,18.8272727272727,25.8227272727273,19.1473487677371,23.8303333333333,22.4348333333333,21.0445,19.772375,0.00909090909090909,29.7454545454545
"7",7,34.4403958333333,34.7025416666667,32.5818181818182,18.3818181818182,25.4818181818182,19.1473487677371,23.9041666666667,22.5123333333333,21.1301111111111,19.8424583333333,0.481818181818182,31.3909090909091
"8",8,35.869625,36.1081041666667,32.8454545454545,18.8545454545455,25.85,19.1473487677371,23.9715,22.5724166666667,21.2231666666667,19.916,0.00909090909090909,29.6909090909091
"9",9,32.3379375,32.6877291666667,31.0909090909091,18.2727272727273,24.6818181818182,19.1473487677371,24.012,22.6520833333333,21.3078888888889,19.994,0.00909090909090909,32.5909090909091
"10",10,34.3728958333333,34.6646666666667,29.6818181818182,18.1909090909091,23.9363636363636,19.1473487677371,24.0136666666667,22.7359166666667,21.3822222222222,20.0718333333333,0,37.3181818181818
"11",11,35.3695625,35.6128958333333,31.2363636363636,17.7363636363636,24.4863636363636,19.1473487677371,24.058,22.82325,21.4607222222222,20.1528333333333,0.00909090909090909,32.3181818181818
"12",12,35.5483541666667,35.7861458333333,31.1818181818182,17.9545454545455,24.5681818181818,19.1473487677371,24.1208333333333,22.8745833333333,21.5356111111111,20.227,0.0363636363636364,31.4090909090909
"13",13,36.359,36.593625,30.1181818181818,17.9727272727273,24.0454545454545,19.1473487677371,24.1561666666667,22.8964166666667,21.6065555555556,20.2979583333333,0.0181818181818182,36.4272727272727
"14",14,32.8733333333333,33.1544375,32.2272727272727,17.6090909090909,24.9181818181818,19.1473487677371,24.1893333333333,22.92575,21.69,20.3762916666667,0.0727272727272727,31.5545454545455
"15",15,30.0212083333333,30.257875,30.5636363636364,18.2636363636364,24.4136363636364,19.1473487677371,24.2183333333333,22.9356666666667,21.7595555555556,20.4497083333333,0.509090909090909,35.8727272727273
"16",16,27.8040625,28.0763333333333,29.7090909090909,18.4727272727273,24.0909090909091,19.1473487677371,24.293,23.0034166666667,21.8286666666667,20.5232916666667,10.3636363636364,38.9181818181818
"17",17,31.2507916666667,31.4649791666667,30.2181818181818,17.8272727272727,24.0227272727273,19.1473487677371,24.3688333333333,23.0810833333333,21.9008888888889,20.6012916666667,0.145454545454545,37.1090909090909
"18",18,31.2802708333333,31.5166458333333,31.8090909090909,17.9454545454545,24.8772727272727,19.1473487677371,24.4586666666667,23.19575,21.9856666666667,20.680375,0.190909090909091,34.0272727272727
"19",19,23.7265833333333,24.0962291666667,32.8545454545455,18.7545454545455,25.8045454545455,19.1473487677371,24.5326666666667,23.31475,22.0717777777778,20.7605833333333,0.0181818181818182,28.9909090909091
"20",20,27.3090833333333,27.6084583333333,34.0272727272727,18.1454545454545,26.0863636363636,19.1473487677371,24.5663333333333,23.414,22.1522777777778,20.8486666666667,0.0727272727272727,30.1818181818182
"21",21,29.0156875,29.304375,33.0818181818182,19.6181818181818,26.35,19.1473487677371,24.6006666666667,23.4833333333333,22.2427222222222,20.9370416666667,0,33.2818181818182
"22",22,30.5663333333333,30.8080833333333,31.5818181818182,19.5636363636364,25.5727272727273,19.1473487677371,24.5843333333333,23.5515,22.3201111111111,21.0072083333333,0,35.9090909090909
"23",23,28.5405625,28.8738333333333,30.5090909090909,18.4363636363636,24.4727272727273,19.1473487677371,24.5665,23.5986666666667,22.3912222222222,21.082125,0.0181818181818182,39.6272727272727
"24",24,28.1408541666667,28.4565208333333,30.1,17.4636363636364,23.7818181818182,19.1473487677371,24.5241666666667,23.6403333333333,22.4545555555556,21.154,0.272727272727273,38.2181818181818
"25",25,30.0893333333333,30.3863541666667,31.3909090909091,17.8181818181818,24.6045454545455,19.1473487677371,24.545,23.67775,22.5231111111111,21.2294583333333,0.281818181818182,33.1545454545455
"26",26,31.9285,32.1461041666667,32.6,18.2545454545455,25.4272727272727,19.1473487677371,24.6055,23.73,22.5945,21.307625,0.0272727272727273,32.1
"27",27,31.6320833333333,31.9111458333333,31.7545454545455,18.9818181818182,25.3681818181818,19.1473487677371,24.6556666666667,23.7925,22.6632777777778,21.377625,0,34.9454545454545
"28",28,28.39825,28.7638125,33.5,17.5545454545455,25.5272727272727,19.1473487677371,24.7061666666667,23.8776666666667,22.7321666666667,21.44975,0,27.3454545454545
"29",29,28.2443125,28.5749166666667,32.9,18.5727272727273,25.7363636363636,19.1473487677371,24.7655,23.9790833333333,22.8203333333333,21.517875,0.554545454545455,32.8363636363636
"30",30,29.7885,30.0440208333333,30.6636363636364,19.4545454545455,25.0590909090909,19.1473487677371,24.8651515151515,24.0699166666667,22.8990555555556,21.5870416666667,1.17272727272727,34.4818181818182
"31",31,31.6227916666667,31.8401458333333,30.4363636363636,18.2,24.3181818181818,19.1473487677371,24.8763636363636,24.11525,22.9576111111111,21.6512916666667,2.4,37.0363636363636
"32",32,32.7574166666667,32.963125,31.6,17.5181818181818,24.5590909090909,19.1473487677371,24.8918181818182,24.135,23.0127777777778,21.713625,0.190909090909091,29.7909090909091
"33",33,31.8914375,32.1728125,32.4363636363636,17.9454545454545,25.1909090909091,19.1473487677371,24.9393939393939,24.1894166666667,23.0701666666667,21.7842916666667,0.790909090909091,29.6363636363636
"34",34,32.0572083333333,32.3360208333333,34.4818181818182,18.9181818181818,26.7,19.1473487677371,25.0293939393939,24.2784166666667,23.1462222222222,21.880125,0.881818181818182,28.0636363636364
"35",35,32.2280833333333,32.5195625,33.5272727272727,19.7272727272727,26.6272727272727,19.1473487677371,25.0793939393939,24.3615,23.2297777777778,21.969625,0.154545454545455,29.5454545454545
"36",36,32.5304166666667,32.8035208333333,32.7090909090909,18.4636363636364,25.5863636363636,19.1473487677371,25.0715151515152,24.42825,23.2986111111111,22.0399166666667,0,32.0636363636364
"37",37,32.9144166666667,33.1947083333333,29.8181818181818,18.7909090909091,24.3045454545455,19.1473487677371,25.0322727272727,24.4564166666667,23.3444444444444,22.09975,0,41.3636363636364
"38",38,33.7423541666667,34.0238541666667,29.6272727272727,18.6090909090909,24.1181818181818,19.1473487677371,24.9745454545455,24.4733333333333,23.3733333333333,22.1611666666667,2.13636363636364,41.7
"39",39,34.85025,35.1061875,31.2181818181818,17.5,24.3590909090909,19.1473487677371,24.9637878787879,24.48575,23.4212222222222,22.2207916666667,1.63636363636364,35.4545454545455
"40",40,35.342625,35.5989583333333,30.2909090909091,17.3545454545455,23.8227272727273,19.1473487677371,24.96,24.472,23.4673888888889,22.26925,0.245454545454545,36.7818181818182
"41",41,32.6962916666667,32.9505,31.9181818181818,17.6090909090909,24.7636363636364,19.1473487677371,24.9692424242424,24.4881666666667,23.5216111111111,22.325125,9.53636363636364,32.6
"42",42,31.3813541666667,31.634125,31.4818181818182,17.6545454545455,24.5681818181818,19.1473487677371,24.9692424242424,24.51375,23.5519444444444,22.378375,1.73636363636364,35.4636363636364
"43",43,32.6694583333333,32.8788541666667,31.2272727272727,18.9454545454545,25.0863636363636,19.1473487677371,25.0039393939394,24.5378333333333,23.5707777777778,22.4347916666667,0,36.6
"44",44,33.1569166666667,33.3975208333333,32.7181818181818,19,25.8590909090909,19.1473487677371,25.035303030303,24.57075,23.6012222222222,22.5055416666667,0,35.3727272727273
"45",45,31.6788541666667,31.9652291666667,31.4818181818182,20.0363636363636,25.7590909090909,19.1473487677371,25.0801515151515,24.616,23.6283333333333,22.5730833333333,0.0272727272727273,39.6909090909091
"46",46,34.0144791666667,34.2361666666667,31.7363636363636,18.7,25.2181818181818,19.1473487677371,25.1177272727273,24.6705833333333,23.685,22.6335416666667,0,38.7727272727273
"47",47,35.2285833333333,35.42125,31.9363636363636,18.8181818181818,25.3772727272727,19.1473487677371,25.1628787878788,24.7255833333333,23.7481666666667,22.69625,0,36.7272727272727
"48",48,35.585125,35.7969166666667,30.5818181818182,18.5454545454545,24.5636363636364,19.1473487677371,25.1524242424242,24.76225,23.8191111111111,22.7557083333333,0,37.4636363636364
"49",49,33.3586666666667,33.6091875,32.1909090909091,17.6636363636364,24.9272727272727,19.1473487677371,25.1231818181818,24.7883333333333,23.8911666666667,22.8148333333333,0.0909090909090909,31.0454545454545
"50",50,30.8515833333333,31.0928541666667,33.0090909090909,18.8,25.9045454545455,19.1473487677371,25.1171212121212,24.8003333333333,23.9541111111111,22.8727916666667,0,28.5454545454545
"51",51,33.1998958333333,33.4369791666667,32.9909090909091,19.4909090909091,26.2409090909091,19.1473487677371,25.1134848484848,24.8055,23.9923333333333,22.934625,0,30.7181818181818
"52",52,29.8654166666667,30.236,30.4727272727273,19.0181818181818,24.7454545454545,19.1473487677371,25.0859090909091,24.772,24.0208888888889,22.98,0.281818181818182,39.4090909090909
"53",53,31.3801666666667,31.6984791666667,29.4181818181818,18.3363636363636,23.8772727272727,19.1473487677371,25.0660606060606,24.7503333333333,24.0438333333333,23.0269583333333,0.1,43.0818181818182
"54",54,30.5735208333333,30.922125,30.5909090909091,17.2363636363636,23.9136363636364,19.1473487677371,25.0704545454545,24.7350833333333,24.0755555555556,23.0774166666667,0.0545454545454545,35.9545454545455
"55",55,26.1603125,26.486875,31.6818181818182,16.9454545454545,24.3136363636364,19.1473487677371,25.0607575757576,24.7454166666667,24.1004444444444,23.1287916666667,0,32.0272727272727
"56",56,29.207875,29.4708541666667,33.1818181818182,18.9545454545455,26.0681818181818,19.1473487677371,25.0821212121212,24.7841666666667,24.1409444444444,23.1865833333333,0.0363636363636364,32.8272727272727
"57",57,30.87825,31.1121041666667,32.0818181818182,19.4181818181818,25.75,19.1473487677371,25.0948484848485,24.81225,24.1846111111111,23.2396666666667,1.09090909090909,36.9636363636364
"58",58,30.8314375,31.1227916666667,31.4272727272727,19.0272727272727,25.2272727272727,19.1473487677371,25.0848484848485,24.8265833333333,24.2341111111111,23.285875,0.472727272727273,36.4363636363636
"59",59,31.7055625,31.9929791666667,31.7090909090909,19.1545454545455,25.4318181818182,19.1473487677371,25.074696969697,24.8473333333333,24.2957777777778,23.3475416666667,0.845454545454546,36.6818181818182
"60",60,32.8075,33.0641666666667,30.3,18.7636363636364,24.5318181818182,19.1473487677371,25.0571212121212,24.9611363636364,24.3475,23.3999583333333,1.03636363636364,40.9
"61",61,33.1303541666667,33.3944375,29.0454545454545,17.7909090909091,23.4181818181818,19.1473487677371,25.0271212121212,24.9517424242424,24.3708333333333,23.4387083333333,2.40909090909091,41.7636363636364
"62",62,33.8582916666667,34.1162916666667,30.2,16.3636363636364,23.2818181818182,19.1473487677371,24.9845454545455,24.9381818181818,24.3723888888889,23.471375,0.554545454545455,38.1545454545455
"63",63,33.4930208333333,33.7690208333333,30.9454545454545,17.8727272727273,24.4090909090909,19.1473487677371,24.9584848484849,24.9489393939394,24.405,23.5116666666667,0.345454545454545,38.3363636363636
"64",64,33.7125,33.977125,30.8818181818182,17.8090909090909,24.3454545454545,19.1473487677371,24.88,24.954696969697,24.4425555555556,23.552375,0.0636363636363636,35.9818181818182
"65",65,33.8791666666667,34.1320416666667,31.6545454545455,18.2909090909091,24.9727272727273,19.1473487677371,24.8248484848485,24.9521212121212,24.4797777777778,23.6014166666667,0.0454545454545455,34.3545454545455
"66",66,34.0596875,34.3346875,31.0909090909091,19.1272727272727,25.1090909090909,19.1473487677371,24.8089393939394,24.9402272727273,24.5181111111111,23.6484166666667,0.154545454545455,41.7727272727273
"67",67,32.41825,32.7146041666667,30.8272727272727,18.9272727272727,24.8772727272727,19.1473487677371,24.8280303030303,24.9301515151515,24.5405,23.6855,0.181818181818182,40.0636363636364
"68",68,31.721625,32.0228333333333,30.7818181818182,18.6,24.6909090909091,19.1473487677371,24.8471212121212,24.9108333333333,24.5538888888889,23.70875,0.0363636363636364,41.2090909090909
"69",69,32.8931666666667,33.1671041666667,31.5363636363636,19.1363636363636,25.3363636363636,19.1473487677371,24.879696969697,24.9217424242424,24.5724444444444,23.752375,0.2,36.6454545454545
"70",70,32.52075,32.7893333333333,31.6,18.2727272727273,24.9363636363636,19.1473487677371,24.9168181818182,24.9384090909091,24.5826666666667,23.8015416666667,1.12727272727273,37.8636363636364
"71",71,32.079625,32.3650833333333,30.9636363636364,18.2818181818182,24.6227272727273,19.1473487677371,24.9121212121212,24.9406818181818,24.6038333333333,23.85,0.336363636363636,36.0727272727273
"72",72,32.3944166666667,32.681625,29.5272727272727,18.5454545454545,24.0363636363636,19.1473487677371,24.8943939393939,24.9318181818182,24.6247777777778,23.8756666666667,0.536363636363636,41.9636363636364
"73",73,32.3159166666667,32.6039791666667,29.4636363636364,18.0363636363636,23.75,19.1473487677371,24.8498484848485,24.9268939393939,24.6382777777778,23.887875,0.727272727272727,40.9636363636364
"74",74,32.0562291666667,32.3452708333333,28.9181818181818,18.4727272727273,23.6954545454545,19.1473487677371,24.7777272727273,24.9065151515152,24.6417222222222,23.8968333333333,2.56363636363636,43.7454545454545
"75",75,33.5962291666667,33.8575833333333,27.9454545454545,17.5909090909091,22.7681818181818,19.1473487677371,24.6780303030303,24.8790909090909,24.6363888888889,23.8905416666667,0.936363636363636,48.1636363636364
"76",76,34.4913958333333,34.7442291666667,27.6545454545455,16.7636363636364,22.2090909090909,19.1473487677371,24.5777272727273,24.8477272727273,24.6376666666667,23.9067083333333,0.0181818181818182,45.6454545454545
"77",77,33.4371875,33.7142916666667,27.6090909090909,16.9909090909091,22.3,19.1473487677371,24.4751515151515,24.8190151515152,24.6392777777778,23.9277916666667,0.772727272727273,47.7454545454545
"78",78,34.3475208333333,34.6257916666667,29.8909090909091,16.5181818181818,23.2045454545455,19.1473487677371,24.4298484848485,24.7911363636364,24.647,23.9684583333333,1.43636363636364,36.9909090909091
"79",79,33.5967083333333,33.9029375,29.9181818181818,17.5818181818182,23.75,19.1473487677371,24.3906060606061,24.7568939393939,24.6497222222222,24.0115,0,35.3727272727273
"80",80,33.6058541666667,33.9135208333333,29.6181818181818,18.6909090909091,24.1545454545455,19.1473487677371,24.3322727272727,24.724696969697,24.6424444444444,24.04725,0.0909090909090909,38.1818181818182
"81",81,33.0726875,33.4068958333333,28.1090909090909,17.3181818181818,22.7136363636364,19.1473487677371,24.214696969697,24.6640909090909,24.6157222222222,24.0532916666667,0.209090909090909,45.0545454545455
"82",82,32.1464166666667,32.4736666666667,27.7363636363636,16.2272727272727,21.9818181818182,19.1473487677371,24.1225757575758,24.6042424242424,24.5745,24.0605416666667,0.0545454545454545,39.0181818181818
"83",83,31.0661666666667,31.4096875,27.3818181818182,15.9363636363636,21.6590909090909,19.1473487677371,24.0486363636364,24.5573484848485,24.5384444444444,24.0615416666667,0,39.5727272727273
"84",84,27.9700625,28.39775,28.5181818181818,16.7363636363636,22.6272727272727,19.1473487677371,24.0057575757576,24.5381060606061,24.5137222222222,24.0744166666667,0.109090909090909,38.8
"85",85,27.044125,27.465625,28.5363636363636,17.6090909090909,23.0727272727273,19.1473487677371,23.9643939393939,24.5125757575758,24.5097222222222,24.0849166666667,2.25454545454545,41.6909090909091
"86",86,27.951625,28.3465833333333,26.6818181818182,15.5181818181818,21.1,19.1473487677371,23.7987878787879,24.4404545454545,24.4874444444444,24.0792083333333,1.08181818181818,46.1454545454545
"87",87,26.2311041666667,26.6100416666667,26.8272727272727,14.5454545454545,20.6863636363636,19.1473487677371,23.63,24.3624242424242,24.4570555555556,24.075125,0.863636363636364,43.7272727272727
"88",88,23.4169583333333,23.7878333333333,28.3090909090909,15.4454545454545,21.8772727272727,19.1473487677371,23.5183333333333,24.3015909090909,24.4334444444444,24.087375,0.363636363636364,37.3636363636364
"89",89,23.9555833333333,24.2830833333333,27.7727272727273,15.8,21.7863636363636,19.1473487677371,23.3968181818182,24.2357575757576,24.4103333333333,24.1059166666667,0.227272727272727,39.8090909090909
"90",90,23.0256875,23.3794166666667,27.4818181818182,15.6727272727273,21.5772727272727,19.1473487677371,23.2983333333333,24.1777272727273,24.4068686868687,24.122,3.82727272727273,43.4636363636364
"91",91,24.1545625,24.525875,27.9363636363636,16.5909090909091,22.2636363636364,19.1473487677371,23.2598484848485,24.1434848484848,24.3877777777778,24.127875,0.109090909090909,41.7272727272727
"92",92,25.3337708333333,25.6725416666667,28.7636363636364,16.3545454545455,22.5590909090909,19.1473487677371,23.2357575757576,24.1101515151515,24.3707070707071,24.1215,0.00909090909090909,37.1454545454545
"93",93,24.3063541666667,24.6466458333333,29.4090909090909,16.6272727272727,23.0181818181818,19.1473487677371,23.1893939393939,24.0739393939394,24.3624242424242,24.1306666666667,0.00909090909090909,38.9818181818182
"94",94,24.8125833333333,25.1417083333333,28.2636363636364,16.0454545454545,22.1545454545455,19.1473487677371,23.1163636363636,23.9981818181818,24.3419191919192,24.1339166666667,0.136363636363636,40.9545454545455
"95",95,25.1928333333333,25.5124375,26.7545454545455,14.1,20.4272727272727,19.1473487677371,22.9648484848485,23.8948484848485,24.289696969697,24.1205833333333,0.0272727272727273,42.8909090909091
"96",96,25.730125,26.037,26.0818181818182,14.0454545454545,20.0636363636364,19.1473487677371,22.7966666666667,23.802803030303,24.2257070707071,24.1045,0.145454545454545,44.2545454545455
"97",97,24.97775,25.2846041666667,26.0909090909091,15.2272727272727,20.6590909090909,19.1473487677371,22.6560606060606,23.7420454545455,24.1721212121212,24.0835833333333,0.863636363636364,43.7272727272727
"98",98,24.1529791666667,24.477,27.2454545454545,15.2,21.2227272727273,19.1473487677371,22.5404545454545,23.6937878787879,24.1207070707071,24.0612083333333,1.13636363636364,41.6454545454545
"99",99,25.231,25.510875,27.8,15.6454545454545,21.7227272727273,19.1473487677371,22.42,23.6498484848485,24.0878282828283,24.0442083333333,0.781818181818182,38.9272727272727
"100",100,26.2412291666667,26.4758541666667,27.7090909090909,15.7818181818182,21.7454545454545,19.1473487677371,22.3136363636364,23.6152272727273,24.0634848484849,24.019375,1.20909090909091,44.2
"101",101,23.9258125,24.2474375,27.0363636363636,16.2272727272727,21.6318181818182,19.1473487677371,22.2139393939394,23.5630303030303,24.0317676767677,23.9998333333333,5.38181818181818,44.2
"102",102,24.9167708333333,25.2187708333333,25.8818181818182,16.2,21.0409090909091,19.1473487677371,22.1140909090909,23.5042424242424,23.9925757575758,23.9875416666667,2.80909090909091,52.0636363636364
"103",103,24.684375,25.0458958333333,25.4818181818182,15.5181818181818,20.5,19.1473487677371,22.0057575757576,23.427803030303,23.9531818181818,23.9655,0.881818181818182,53.7090909090909
"104",104,21.0617916666667,21.451125,24.6727272727273,14.6272727272727,19.65,19.1473487677371,21.8709090909091,23.3243181818182,23.8946464646465,23.9295416666667,1.22727272727273,52.6090909090909
"105",105,17.2663333333333,17.6871666666667,25.0181818181818,13.9636363636364,19.4909090909091,19.1473487677371,21.7616666666667,23.2198484848485,23.8399494949495,23.8962083333333,0.609090909090909,51.9454545454545
"106",106,18.191,18.5989166666667,25.4090909090909,15.2,20.3045454545455,19.1473487677371,21.6981818181818,23.1379545454545,23.7978787878788,23.8810833333333,0.827272727272727,48.7
"107",107,19.7944791666667,20.1677083333333,24.9090909090909,13.8818181818182,19.3954545454545,19.1473487677371,21.6013636363636,23.0382575757576,23.7464646464646,23.8566666666667,0.281818181818182,47.1
"108",108,21.1330625,21.4635208333333,25.0909090909091,13.6272727272727,19.3590909090909,19.1473487677371,21.4731818181818,22.9515151515152,23.6851515151515,23.8295,0.681818181818182,46.6545454545455
"109",109,20.8246041666667,21.1783333333333,23.6545454545455,13.2,18.4272727272727,19.1473487677371,21.2957575757576,22.8431818181818,23.6031818181818,23.7827083333333,2.04545454545455,51.2181818181818
"110",110,20.0947708333333,20.4783541666667,24.2454545454545,12.9909090909091,18.6181818181818,19.1473487677371,21.1112121212121,22.7217424242424,23.520202020202,23.7274166666667,3.54545454545455,49.1363636363636
"111",111,21.1080833333333,21.4636875,25.4454545454545,11.9454545454545,18.6954545454545,19.1473487677371,20.9772727272727,22.5959848484848,23.4351515151515,23.6717916666667,0.0545454545454545,40.1090909090909
"112",112,22.133875,22.4771666666667,25.5727272727273,13.0363636363636,19.3045454545455,19.1473487677371,20.8880303030303,22.505303030303,23.3655050505051,23.616125,1.57272727272727,42.9454545454545
"113",113,23.7515833333333,24.061875,26.2727272727273,13.3727272727273,19.8227272727273,19.1473487677371,20.8268181818182,22.4377272727273,23.3138383838384,23.573875,0.363636363636364,39.5727272727273
"114",114,25.1833333333333,25.4796875,25.7,13.8818181818182,19.7909090909091,19.1473487677371,20.7322727272727,22.3690151515151,23.269494949495,23.5287083333333,0.245454545454545,40.6818181818182
"115",115,24.689,25.0174166666667,25.1818181818182,13.6363636363636,19.4090909090909,19.1473487677371,20.6101515151515,22.2872727272727,23.2117676767677,23.4880416666667,0.3,43.4
"116",116,21.207,21.6002916666667,24.6727272727273,14,19.3363636363636,19.1473487677371,20.5513636363636,22.1750757575758,23.1440909090909,23.45125,2.6,50.7636363636364
"117",117,21.78475,22.165125,24.6727272727273,14.2090909090909,19.4409090909091,19.1473487677371,20.5098484848485,22.0699242424242,23.0782323232323,23.4162083333333,3.19090909090909,48.6545454545455
"118",118,22.6851875,23.0404166666667,24.0818181818182,12.3454545454545,18.2136363636364,19.1473487677371,20.3877272727273,21.9530303030303,22.9969696969697,23.36675,1.78181818181818,45.3181818181818
"119",119,20.0070833333333,20.4079791666667,23.5090909090909,11.9909090909091,17.75,19.1473487677371,20.2531818181818,21.825,22.9082323232323,23.313875,0.563636363636364,44.7090909090909
"120",120,18.9610208333333,19.3894791666667,23.8272727272727,11.8090909090909,17.8181818181818,19.1473487677371,20.1278787878788,21.7131060606061,22.8277777777778,23.3371212121212,1.64545454545455,41.1636363636364
"121",121,21.2103125,21.5865833333333,22.1181818181818,10.9454545454545,16.5318181818182,19.1473487677371,19.9368181818182,21.5983333333333,22.7412626262626,23.2750378787879,0.372727272727273,43.8727272727273
"122",122,22.4791666666667,22.8076875,22.3818181818182,10.5272727272727,16.4545454545455,19.1473487677371,19.7333333333333,21.4845454545455,22.6512121212121,23.2113636363636,1.20909090909091,42.0727272727273
"123",123,22.7390416666667,23.0718541666667,24.4272727272727,11.2090909090909,17.8181818181818,19.1473487677371,19.56,21.374696969697,22.5692929292929,23.1618181818182,0.6,37.7818181818182
"124",124,22.5597083333333,22.8999791666667,22.7454545454545,11.9727272727273,17.3590909090909,19.1473487677371,19.4001515151515,21.2582575757576,22.4655050505051,23.1064772727273,0.681818181818182,49.2454545454545
"125",125,22.4513125,22.8121041666667,22.9181818181818,12.5090909090909,17.7136363636364,19.1473487677371,19.309696969697,21.1372727272727,22.3664646464646,23.044696969697,3.81818181818182,52.6727272727273
"126",126,22.1525,22.5065416666667,22.0454545454545,12.9181818181818,17.4818181818182,19.1473487677371,19.2236363636364,21.0101515151515,22.2764141414141,22.9751893939394,2.37272727272727,57.3
"127",127,21.1893541666667,21.5533333333333,22.3727272727273,11.4909090909091,16.9318181818182,19.1473487677371,19.0993939393939,20.8777272727273,22.194494949495,22.9039393939394,1.73636363636364,52.2454545454545
"128",128,21.7700416666667,22.1179375,22.0909090909091,11.3363636363636,16.7136363636364,19.1473487677371,18.9490909090909,20.7447727272727,22.1122222222222,22.827803030303,9.80909090909091,49.5545454545455
"129",129,21.1971458333333,21.5577708333333,22.0181818181818,11.5090909090909,16.7636363636364,19.1473487677371,18.7837878787879,20.6018939393939,22.0278282828283,22.7618181818182,3.13636363636364,50.4
"130",130,19.8875,20.2850625,22.1363636363636,10.4454545454545,16.2909090909091,19.1473487677371,18.6019696969697,20.457803030303,21.9441414141414,22.6981060606061,1.26363636363636,48.3454545454545
"131",131,22.3388333333333,22.6693541666667,23.6,10.8454545454545,17.2227272727273,19.1473487677371,18.455,20.3344696969697,21.8603535353535,22.6375757575758,0.754545454545455,44.5545454545455
"132",132,21.3518333333333,21.6981041666667,23.1909090909091,10.7636363636364,16.9772727272727,19.1473487677371,18.3195454545455,20.2168181818182,21.7760101010101,22.5743181818182,0.954545454545455,45.9
"133",133,21.8340208333333,22.16175,22.2818181818182,10.7090909090909,16.4954545454545,19.1473487677371,18.1860606060606,20.0959090909091,21.6805555555556,22.5114015151515,1.3,49.7454545454545
"134",134,18.6892916666667,19.0981458333333,23.4727272727273,11.8363636363636,17.6545454545455,19.1473487677371,18.1195454545455,19.9952272727273,21.5893939393939,22.4508712121212,0.145454545454545,43.5818181818182
"135",135,17.396125,17.8096458333333,23.3363636363636,12.6272727272727,17.9818181818182,19.1473487677371,18.0692424242424,19.9154545454545,21.5029797979798,22.3972727272727,0.781818181818182,44.3454545454545
"136",136,19.8056458333333,20.1591875,22.2,11.5363636363636,16.8681818181818,19.1473487677371,17.954696969697,19.8264393939394,21.410202020202,22.3370833333333,1.28181818181818,49.7818181818182
"137",137,21.0217291666667,21.3723541666667,22.1363636363636,11,16.5681818181818,19.1473487677371,17.8604545454545,19.7309090909091,21.3123232323232,22.2749621212121,3.81818181818182,48.2818181818182
"138",138,20.3678541666667,20.7264583333333,22.1818181818182,11.2363636363636,16.7090909090909,19.1473487677371,17.7721212121212,19.6226515151515,21.2250505050505,22.2068939393939,4.45454545454545,51.9181818181818
"139",139,19.25225,19.6321041666667,21.9636363636364,10.5454545454545,16.2545454545455,19.1473487677371,17.699696969697,19.4977272727273,21.1286868686869,22.1273106060606,1.50909090909091,52.6636363636364
"140",140,17.2779166666667,17.6844375,20.8545454545455,10.9818181818182,15.9181818181818,19.1473487677371,17.609696969697,19.3604545454545,21.0177272727273,22.0425757575758,2.29090909090909,55.3
"141",141,16.9372291666667,17.33825,21.5272727272727,10.5181818181818,16.0227272727273,19.1473487677371,17.5206060606061,19.2489393939394,20.9041919191919,21.9565151515151,2.7,51.7909090909091
"142",142,17.6555416666667,18.051125,21.8272727272727,10.4818181818182,16.1545454545455,19.1473487677371,17.4156060606061,19.1518181818182,20.8087373737374,21.8780303030303,3.23636363636364,50.6
"143",143,16.7901875,17.1917083333333,21.6181818181818,10.6363636363636,16.1272727272727,19.1473487677371,17.2924242424242,19.0596212121212,20.7226262626263,21.8084848484848,6.92727272727273,50.7363636363636
"144",144,17.4643125,17.8391666666667,21.4454545454545,10.7818181818182,16.1136363636364,19.1473487677371,17.1698484848485,18.9510606060606,20.6359595959596,21.7445833333333,5.52727272727273,51.4090909090909
"145",145,18.8236458333333,19.1905833333333,20.6727272727273,10.7272727272727,15.7,19.1473487677371,17.0462121212121,18.8281818181818,20.5402525252525,21.6703787878788,5.95454545454546,50.8727272727273
"146",146,17.2250208333333,17.627375,20.2272727272727,10.4636363636364,15.3454545454545,19.1473487677371,16.9131818181818,18.7322727272727,20.4211111111111,21.5863636363636,4.79090909090909,54.5545454545455
"147",147,16.7054791666667,17.0960833333333,20.8181818181818,10.8818181818182,15.85,19.1473487677371,16.7934848484848,18.6516666666667,20.3111111111111,21.5070454545455,1.31818181818182,52.8727272727273
"148",148,17.1358541666667,17.5240625,20.7363636363636,9.62727272727273,15.1818181818182,19.1473487677371,16.6924242424242,18.5400757575758,20.199494949495,21.4208333333333,1.49090909090909,50.2363636363636
"149",149,18.0433333333333,18.4141666666667,20.6545454545455,9.88181818181818,15.2681818181818,19.1473487677371,16.609696969697,18.4314393939394,20.0865656565657,21.3335984848485,1.48181818181818,51.5363636363636
"150",150,17.9184166666667,18.2854791666667,20.6181818181818,10.5727272727273,15.5954545454545,19.1473487677371,16.5356060606061,18.3317424242424,19.9872727272727,21.2547348484848,4.76363636363636,49.5363636363636
"151",151,18.4182916666667,18.7646458333333,20.0727272727273,9.47272727272727,14.7727272727273,19.1473487677371,16.4769696969697,18.2068939393939,19.8912121212121,21.1751893939394,2.03636363636364,50.3363636363636
"152",152,20.2348125,20.5538541666667,20.4363636363636,8.53636363636364,14.4863636363636,19.1473487677371,16.4113636363636,18.0723484848485,19.7934848484849,21.09125,1.90909090909091,50.6545454545455
"153",153,18.2488333333333,18.6285416666667,20.6,9.22727272727273,14.9136363636364,19.1473487677371,16.3145454545455,17.9372727272727,19.6879797979798,21.0056060606061,1.18181818181818,49.9909090909091
"154",154,16.4911041666667,16.8972708333333,21.1727272727273,9.42727272727273,15.3,19.1473487677371,16.2459090909091,17.8230303030303,19.5874747474748,20.9106060606061,0.272727272727273,47.8909090909091
"155",155,17.1049583333333,17.49175,21.6727272727273,9.60909090909091,15.6409090909091,19.1473487677371,16.1768181818182,17.7432575757576,19.4837878787879,20.819053030303,0.245454545454545,47.0090909090909
"156",156,19.1362291666667,19.5121458333333,21.0272727272727,10.4090909090909,15.7181818181818,19.1473487677371,16.1180303030303,17.6708333333333,19.3794444444444,20.7368181818182,7.41818181818182,52.3727272727273
"157",157,17.817625,18.2217083333333,20.5,10.9909090909091,15.7454545454545,19.1473487677371,16.0784848484848,17.5889393939394,19.2779797979798,20.6654924242424,2.67272727272727,47.0909090909091
"158",158,16.4544375,16.8666875,19.5,9.43636363636364,14.4681818181818,19.1473487677371,16.0036363636364,17.4763636363636,19.1643939393939,20.5850757575758,6.62727272727273,52.7909090909091
"159",159,15.3435625,15.7590416666667,19.2181818181818,10.0909090909091,14.6545454545455,19.1473487677371,15.9333333333333,17.3585606060606,19.0457070707071,20.5042045454545,3.17272727272727,52.4545454545455
"160",160,15.6542083333333,16.0592083333333,20.6636363636364,10.4090909090909,15.5363636363636,19.1473487677371,15.9081818181818,17.2550757575758,18.9412626262626,20.4351515151515,3.68181818181818,48.4
"161",161,17.2036666666667,17.5706041666667,20.3636363636364,11.4090909090909,15.8863636363636,19.1473487677371,15.8636363636364,17.1593181818182,18.8441919191919,20.3611742424242,7.57272727272727,57.1545454545455
"162",162,19.2290833333333,19.5693958333333,19.8909090909091,10.7545454545455,15.3227272727273,19.1473487677371,15.8084848484849,17.0640151515152,18.7473737373737,20.2841287878788,4.30909090909091,51.4909090909091
"163",163,16.8359375,17.2276666666667,19.9545454545455,10.9090909090909,15.4318181818182,19.1473487677371,15.7730303030303,16.9795454545455,18.6549494949495,20.2036742424242,2.96363636363636,56.2545454545455
"164",164,15.3861875,15.7910208333333,19.5909090909091,9.71818181818182,14.6545454545455,19.1473487677371,15.6730303030303,16.8962878787879,18.554494949495,20.110303030303,3,51.3181818181818
"165",165,16.0604375,16.4428333333333,18.9454545454545,9.65454545454545,14.3,19.1473487677371,15.550303030303,16.8097727272727,18.460404040404,20.0148106060606,5.43636363636364,56.8636363636364
"166",166,16.4402083333333,16.8229791666667,19.2363636363636,9.31818181818182,14.2772727272727,19.1473487677371,15.4639393939394,16.7093181818182,18.3722727272727,19.9236363636364,1.60909090909091,57.4
"167",167,17.1112708333333,17.4636666666667,20.1363636363636,9.19090909090909,14.6636363636364,19.1473487677371,15.4004545454545,16.6304545454545,18.2874242424242,19.8343560606061,0.490909090909091,53.0454545454545
"168",168,17.6536458333333,18.04125,19.4909090909091,9.57272727272727,14.5318181818182,19.1473487677371,15.3278787878788,16.55,18.1910606060606,19.7507575757576,1.31818181818182,53.2727272727273
"169",169,17.4696458333333,17.8660416666667,19.0636363636364,9.36363636363636,14.2136363636364,19.1473487677371,15.2598484848485,16.4797727272727,18.085101010101,19.6614772727273,5.54545454545454,49.3818181818182
"170",170,12.3455,12.7700416666667,19.6818181818182,8.52727272727273,14.1045454545455,19.1473487677371,15.1993939393939,16.4045454545455,17.9734343434343,19.5631439393939,3.62727272727273,51.8272727272727
"171",171,14.1207916666667,14.5218333333333,19.4181818181818,9.63636363636364,14.5272727272727,19.1473487677371,15.1495454545455,16.3350757575758,17.8824747474747,19.4655303030303,5.98181818181818,59.4454545454545
"172",172,14.7522916666667,15.1222083333333,19.0272727272727,10.2545454545455,14.6409090909091,19.1473487677371,15.0990909090909,16.2573484848485,17.8009090909091,19.3813257575758,6.82727272727273,57.3363636363636
"173",173,12.0790416666667,12.4869166666667,18.7272727272727,9.09090909090909,13.9090909090909,19.1473487677371,15.0251515151515,16.1587878787879,17.714797979798,19.2982575757576,7.8,58.0454545454545
"174",174,12.4149791666667,12.8175,18.7636363636364,8.94545454545455,13.8545454545455,19.1473487677371,14.9498484848485,16.0598484848485,17.6173232323232,19.2144318181818,6.95454545454545,54.5181818181818
"175",175,13.25525,13.6614583333333,18.8363636363636,9.01818181818182,13.9272727272727,19.1473487677371,14.8907575757576,15.9684848484848,17.5157070707071,19.1278787878788,2.77272727272727,57.0636363636364
"176",176,12.8314583333333,13.2240416666667,18.7909090909091,8.7,13.7454545454545,19.1473487677371,14.8374242424242,15.875303030303,17.4339898989899,19.0251893939394,1.05454545454545,51.9090909090909
"177",177,13.8268333333333,14.2031875,19.1636363636364,7.17272727272727,13.1681818181818,19.1473487677371,14.7480303030303,15.7707575757576,17.3504545454545,18.9203409090909,1.28181818181818,49.8454545454545
"178",178,11.5143333333333,11.9199791666667,18.4818181818182,8.29090909090909,13.3863636363636,19.1473487677371,14.6881818181818,15.690303030303,17.2561111111111,18.8216666666667,4.03636363636364,53.6909090909091
"179",179,8.04691304347826,8.48852173913044,18.3090909090909,7.85454545454545,13.0818181818182,19.1473487677371,14.615303030303,15.6125,17.1593939393939,18.71875,3.06363636363636,55.1181818181818
"180",221,16.29084375,16.66928125,17.3909090909091,9.1,13.2454545454545,19.1473487677371,14.034696969697,13.9938636363636,14.6171212121212,15.5765909090909,11.6545454545455,56.1272727272727
"181",222,14.0922083333333,14.516125,17.3181818181818,8.57272727272727,12.9454545454545,19.1473487677371,14.0316666666667,13.9542424242424,14.5723232323232,15.5091287878788,4.93636363636364,57.7363636363636
"182",223,14.7388125,15.1507291666667,19.0727272727273,9.25454545454545,14.1636363636364,19.1473487677371,14.0454545454545,13.9331060606061,14.5464141414141,15.4563257575758,4.21818181818182,52.6090909090909
"183",224,16.574375,16.9671458333333,19.6,10.0363636363636,14.8181818181818,19.1473487677371,14.0724242424242,13.9358333333333,14.514898989899,15.4160606060606,2.39090909090909,51.6636363636364
"184",225,19.6830416666667,20.0414583333333,19.0818181818182,10.8363636363636,14.9590909090909,19.1473487677371,14.1101515151515,13.9468181818182,14.4813131313131,15.3782954545455,1.63636363636364,53.7
"185",226,23.2064583333333,23.5160208333333,19.4,9.57272727272727,14.4863636363636,19.1473487677371,14.1156060606061,13.950303030303,14.4548484848485,15.3298106060606,4.38181818181818,54.3636363636364
"186",227,24.3178958333333,24.6270625,20.3727272727273,9.31818181818182,14.8454545454545,19.1473487677371,14.1290909090909,13.9533333333333,14.4357070707071,15.2918939393939,3.23636363636364,49.4454545454545
"187",228,23.8193541666667,24.15075,19.7727272727273,10.1454545454545,14.9590909090909,19.1473487677371,14.1515151515152,13.9604545454545,14.4162626262626,15.2552272727273,5.66363636363636,49.9909090909091
"188",229,23.4095416666667,23.753625,19.2363636363636,10.3363636363636,14.7863636363636,19.1473487677371,14.1540909090909,13.97,14.3999494949495,15.2248863636364,6.19090909090909,56.6909090909091
"189",230,18.0631041666667,18.4580208333333,18.7545454545455,9.06363636363636,13.9090909090909,19.1473487677371,14.1593939393939,13.9667424242424,14.3776262626263,15.1856439393939,4.00909090909091,56.4636363636364
"190",231,17.5225416666667,17.9082291666667,19.2636363636364,9.31818181818182,14.2909090909091,19.1473487677371,14.1912121212121,13.962803030303,14.3583838383838,15.1489393939394,5.23636363636364,56.7090909090909
"191",232,19.4522083333333,19.8017291666667,19.4909090909091,9.3,14.3954545454545,19.1473487677371,14.2065151515152,13.9587121212121,14.3388383838384,15.1080303030303,3.08181818181818,54.1090909090909
"192",233,19.8570208333333,20.2051458333333,19.1727272727273,9.85454545454546,14.5136363636364,19.1473487677371,14.2362121212121,13.9687878787879,14.3209090909091,15.0637878787879,1.99090909090909,57.9
"193",234,20.3635625,20.6945625,19.0818181818182,8.57272727272727,13.8272727272727,19.1473487677371,14.2227272727273,13.9683333333333,14.2955050505051,15.0140909090909,3.3,50.1181818181818
"194",235,16.6957916666667,17.1001666666667,19.0636363636364,7.63636363636364,13.35,19.1473487677371,14.1983333333333,13.9587121212121,14.2693939393939,14.9635984848485,2.61818181818182,46.9090909090909
"195",236,16.1390625,16.5359583333333,20.2,7.56363636363636,13.8818181818182,19.1473487677371,14.1936363636364,13.9609848484848,14.2531313131313,14.9181439393939,0.145454545454545,43.4272727272727
"196",237,18.2347708333333,18.608375,21.2818181818182,8.52727272727273,14.9045454545455,19.1473487677371,14.2122727272727,13.9899242424242,14.2426262626263,14.8803409090909,0.00909090909090909,42.2090909090909
"197",238,19.2274791666667,19.5714375,20.4454545454545,9.55454545454545,15,19.1473487677371,14.2124242424242,14.0168181818182,14.2406060606061,14.8535606060606,0.890909090909091,51.2
"198",239,21.5601666666667,21.8737708333333,21.0454545454545,9.84545454545455,15.4454545454545,19.1473487677371,14.224696969697,14.0562121212121,14.2425757575758,14.8343560606061,1.03636363636364,48.2272727272727
"199",240,19.2405416666667,19.6069583333333,21.3727272727273,10.7818181818182,16.0772727272727,19.1473487677371,14.2595454545455,14.1037121212121,14.2479292929293,14.8198484848485,6.81818181818182,53.1545454545455
"200",241,18.5190208333333,18.8745625,19.5,10.7909090909091,15.1454545454545,19.1473487677371,14.2566666666667,14.1283333333333,14.2520707070707,14.8082954545455,2.76363636363636,60.1454545454545
"201",242,19.8823125,20.2167916666667,19.0454545454545,11.3,15.1727272727273,19.1473487677371,14.2871212121212,14.1402272727273,14.259696969697,14.7976136363636,10.3909090909091,57.4818181818182
"202",243,21.6324166666667,21.951,20.0727272727273,9.76363636363636,14.9181818181818,19.1473487677371,14.3262121212121,14.1557575757576,14.2597474747475,14.773446969697,1.95454545454545,53.4454545454545
"203",244,21.2881666666667,21.6196875,19.3090909090909,10.6,14.9545454545455,19.1473487677371,14.4027272727273,14.1787878787879,14.2559090909091,14.7534090909091,2.06363636363636,55.9727272727273
"204",245,20.4750416666667,20.8306458333333,18.6,9.49090909090909,14.0454545454545,19.1473487677371,14.44,14.1861363636364,14.2381818181818,14.7228409090909,3.97272727272727,50.9
"205",246,12.8890208333333,13.266,18.4636363636364,9.36363636363636,13.9136363636364,19.1473487677371,14.4751515151515,14.2006060606061,14.2181313131313,14.6931060606061,2.64545454545455,54.4272727272727
"206",247,16.5115208333333,16.8407291666667,19.1454545454545,9.01818181818182,14.0818181818182,19.1473487677371,14.494696969697,14.2106060606061,14.1996464646465,14.6693560606061,2.04545454545455,53.3272727272727
"207",248,18.3955208333333,18.7154791666667,20.2,10.3727272727273,15.2863636363636,19.1473487677371,14.5339393939394,14.2376515151515,14.2087373737374,14.6574621212121,2.77272727272727,47.8181818181818
"208",249,17.4979791666667,17.8347291666667,20.6818181818182,9.14545454545454,14.9136363636364,19.1473487677371,14.5316666666667,14.2627272727273,14.2116161616162,14.6420454545455,2.83636363636364,46.7090909090909
"209",250,16.8363541666667,17.1636458333333,21.1545454545455,9.68181818181818,15.4181818181818,19.1473487677371,14.5551515151515,14.2929545454545,14.210303030303,14.6347727272727,1.62727272727273,48.2181818181818
"210",251,18.396125,18.6902916666667,21.6727272727273,10.4818181818182,16.0772727272727,19.1473487677371,14.6495454545455,14.3421212121212,14.2124242424242,14.6252272727273,4.00909090909091,46.9
"211",252,19.14175,19.4592083333333,22.5090909090909,10.9909090909091,16.75,19.1473487677371,14.7763636363636,14.4040151515152,14.2282828282828,14.6233333333333,1.81818181818182,48.5727272727273
"212",253,20.4193125,20.7102291666667,21.5636363636364,11.0545454545455,16.3090909090909,19.1473487677371,14.8478787878788,14.4466666666667,14.2380303030303,14.6217803030303,1.07272727272727,55.9636363636364
"213",254,20.195375,20.4703333333333,20.4454545454545,11.4545454545455,15.95,19.1473487677371,14.8856060606061,14.4790151515152,14.2524242424242,14.6075757575758,3.57272727272727,57.9818181818182
"214",255,21.919375,22.1763958333333,20.0272727272727,10.6727272727273,15.35,19.1473487677371,14.8986363636364,14.5043939393939,14.2640909090909,14.5856439393939,3.38181818181818,54.5727272727273
"215",256,21.8762708333333,22.1607083333333,20.0181818181818,9.73636363636364,14.8772727272727,19.1473487677371,14.9116666666667,14.5136363636364,14.2707575757576,14.569053030303,1.77272727272727,51.7090909090909
"216",257,19.4285625,19.7469375,20.3,9.74545454545455,15.0227272727273,19.1473487677371,14.9175757575758,14.5233333333333,14.2747474747475,14.5561742424242,4.84545454545455,48.3181818181818
"217",258,18.9403541666667,19.2507916666667,21.1,10.3363636363636,15.7181818181818,19.1473487677371,14.9428787878788,14.547196969697,14.2879292929293,14.5479166666667,1.60909090909091,44.5090909090909
"218",259,19.7669791666667,20.0633958333333,21.5454545454545,9.79090909090909,15.6681818181818,19.1473487677371,14.9722727272727,14.5631818181818,14.3040909090909,14.5430303030303,1.14545454545455,46.8545454545455
"219",260,20.6838333333333,20.96925,20.3454545454545,9.89090909090909,15.1181818181818,19.1473487677371,15.0125757575758,14.5859848484848,14.3153535353535,14.5363636363636,2.32727272727273,48.7090909090909
"220",261,23.1218958333333,23.3655208333333,21.0090909090909,9.26363636363636,15.1363636363636,19.1473487677371,15.0407575757576,14.6159848484848,14.3221212121212,14.5289772727273,0.1,47.2363636363636
"221",262,22.0291041666667,22.3392916666667,19.9272727272727,10.4909090909091,15.2090909090909,19.1473487677371,15.0678787878788,14.637196969697,14.3284343434343,14.5210984848485,1.9,55.1090909090909
"222",263,17.9878125,18.3245,21.4636363636364,10.0090909090909,15.7363636363636,19.1473487677371,15.1086363636364,14.6724242424242,14.3487373737374,14.5178409090909,3.09090909090909,45.0636363636364
"223",264,21.319875,21.6049791666667,21.5727272727273,10.6272727272727,16.1,19.1473487677371,15.1843939393939,14.7035606060606,14.3736868686869,14.5177272727273,1.08181818181818,46.5454545454545
"224",265,23.4778958333333,23.7126875,22.3454545454545,10.0363636363636,16.1909090909091,19.1473487677371,15.2790909090909,14.7387121212121,14.3988383838384,14.5218181818182,5.45454545454545,41.6363636363636
"225",266,25.6329583333333,25.8410625,21.7272727272727,10.2090909090909,15.9681818181818,19.1473487677371,15.3486363636364,14.7711363636364,14.4235353535354,14.5270075757576,1.64545454545455,49.2
"226",267,27.0149583333333,27.2310208333333,21.9363636363636,11.2909090909091,16.6136363636364,19.1473487677371,15.4056060606061,14.8089393939394,14.4618181818182,14.5333712121212,2.09090909090909,45.4545454545455
"227",268,23.19225,23.4825,21.2909090909091,10.0090909090909,15.65,19.1473487677371,15.4272727272727,14.8198484848485,14.4869696969697,14.5372727272727,0.981818181818182,48.3727272727273
"228",269,20.9138541666667,21.2481041666667,21.3636363636364,9.99090909090909,15.6772727272727,19.1473487677371,15.435,14.8298484848485,14.5158080808081,14.5406818181818,3.12727272727273,49.9545454545455
"229",270,20.8565,21.1708333333333,22.1,10.1272727272727,16.1136363636364,19.1473487677371,15.4362121212121,14.8478787878788,14.5478787878788,14.545,1.10909090909091,48.9909090909091
"230",271,23.2610833333333,23.5471875,22.4727272727273,11.3909090909091,16.9318181818182,19.1473487677371,15.4957575757576,14.8762121212121,14.5841414141414,14.5629924242424,1.08181818181818,48.9454545454545
"231",272,22.6293333333333,22.966125,22.0363636363636,11.7272727272727,16.8818181818182,19.1473487677371,15.5527272727273,14.9199242424242,14.6110606060606,14.5829545454545,1.95454545454545,51.5727272727273
"232",273,18.9820833333333,19.31575,21.8909090909091,11.3,16.5954545454545,19.1473487677371,15.6086363636364,14.9674242424242,14.6400505050505,14.5969696969697,1.87272727272727,49.7090909090909
"233",274,20.4823541666667,20.8219583333333,23.1090909090909,11.6181818181818,17.3636363636364,19.1473487677371,15.6889393939394,15.0458333333333,14.6821717171717,14.6141666666667,2.3,48.2
"234",275,20.4224166666667,20.7603541666667,21.9636363636364,12.2909090909091,17.1272727272727,19.1473487677371,15.7916666666667,15.1158333333333,14.7213131313131,14.626553030303,2.13636363636364,47.6272727272727
"235",276,19.559625,19.9081041666667,21.4090909090909,11.7090909090909,16.5590909090909,19.1473487677371,15.8798484848485,15.1775,14.7603535353535,14.6335606060606,1.14545454545455,49.3545454545455
"236",277,21.4060833333333,21.7169791666667,21.6,10.8818181818182,16.2409090909091,19.1473487677371,15.9518181818182,15.2232575757576,14.7910101010101,14.6376893939394,1.14545454545455,49.3181818181818
"237",278,24.2313958333333,24.5216041666667,21.1727272727273,12.2090909090909,16.6909090909091,19.1473487677371,15.9986363636364,15.2662878787879,14.8246464646465,14.6562121212121,2.42727272727273,54.7545454545455
"238",279,23.390875,23.685,21.9181818181818,9.59090909090909,15.7545454545455,19.1473487677371,16.0266666666667,15.2791666666667,14.8507070707071,14.6653787878788,1.00909090909091,41.4454545454545
"239",280,23.3908958333333,23.67425,23.1636363636364,10.3,16.7318181818182,19.1473487677371,16.0704545454545,15.312803030303,14.8854545454545,14.6753409090909,0.281818181818182,41.3818181818182
"240",281,23.9339583333333,24.2171041666667,23.8,11.4090909090909,17.6045454545455,19.1473487677371,16.1213636363636,15.3854545454545,14.935202020202,14.6896590909091,0.918181818181818,43.4090909090909
"241",282,25.7887083333333,26.0431875,23.5545454545455,11.7181818181818,17.6363636363636,19.1473487677371,16.1509090909091,15.4636363636364,14.9863131313131,14.7089393939394,3.18181818181818,48.4
"242",283,28.34475,28.5524791666667,22.3909090909091,11.7,17.0454545454545,19.1473487677371,16.1754545454545,15.5116666666667,15.0229292929293,14.7223863636364,1.38181818181818,49.4363636363636
"243",284,26.009125,26.2900416666667,21.9363636363636,10.9363636363636,16.4363636363636,19.1473487677371,16.1916666666667,15.5386363636364,15.049898989899,14.7372348484848,0.345454545454545,47.9363636363636
"244",285,22.9802083333333,23.3266875,22.8363636363636,11.1454545454545,16.9909090909091,19.1473487677371,16.2463636363636,15.5725,15.0850505050505,14.7596590909091,1.09090909090909,43.3909090909091
"245",286,20.4366875,20.7952291666667,25.6,10.8818181818182,18.2409090909091,19.1473487677371,16.3584848484848,15.6350757575758,15.1285858585859,14.7926893939394,0.209090909090909,35.9545454545455
"246",287,21.9208125,22.2602916666667,24.8454545454545,11.7,18.2727272727273,19.1473487677371,16.4668181818182,15.692196969697,15.1711616161616,14.8227651515151,1.41818181818182,41.0181818181818
"247",288,23.9725416666667,24.266875,24.8,12.4636363636364,18.6318181818182,19.1473487677371,16.5639393939394,15.7534090909091,15.2194444444444,14.8569318181818,0.272727272727273,40.4
"248",289,26.7648958333333,27.0332916666667,23.3727272727273,12.6090909090909,17.9909090909091,19.1473487677371,16.6413636363636,15.8068181818182,15.2559090909091,14.8884090909091,1.2,47.7090909090909
"249",290,24.6608541666667,24.9803125,24.0727272727273,12.0636363636364,18.0681818181818,19.1473487677371,16.739696969697,15.8761363636364,15.3038888888889,14.9214393939394,1.04545454545455,41.0545454545455
"250",291,22.9048958333333,23.2284166666667,23,12.1363636363636,17.5681818181818,19.1473487677371,16.8207575757576,15.9307575757576,15.3509090909091,14.9467803030303,0.809090909090909,43.9545454545455
"251",292,26.073375,26.3539166666667,24.0545454545455,12.2909090909091,18.1727272727273,19.1473487677371,16.9195454545455,15.9937121212121,15.3979797979798,14.9762121212121,2.8,44.1
"252",293,29.5163333333333,29.763875,23.4636363636364,11.9545454545455,17.7090909090909,19.1473487677371,16.985303030303,16.0469696969697,15.4433838383838,15.0078787878788,3.76363636363636,45.2636363636364
"253",294,30.6653333333333,30.8968541666667,24.1545454545455,12.9272727272727,18.5409090909091,19.1473487677371,17.0666666666667,16.1255303030303,15.4912626262626,15.0469318181818,0.663636363636364,42.8727272727273
"254",295,29.7907083333333,30.0431041666667,24.2454545454545,13.3636363636364,18.8045454545455,19.1473487677371,17.1537878787879,16.2164393939394,15.5437373737374,15.0875757575758,0.454545454545455,45.5636363636364
"255",296,28.9270416666667,29.1912291666667,23.6,12.3363636363636,17.9681818181818,19.1473487677371,17.2204545454545,16.2845454545455,15.5875757575758,15.1227651515151,0.2,44.4727272727273
"256",297,27.9498125,28.2503541666667,24.4909090909091,12.9181818181818,18.7045454545455,19.1473487677371,17.2901515151515,16.3478787878788,15.6360101010101,15.1689015151515,1.1,39.8181818181818
"257",298,25.5883541666667,25.9147916666667,24.0636363636364,12.8636363636364,18.4636363636364,19.1473487677371,17.3839393939394,16.4056060606061,15.6745454545455,15.2112121212121,0.218181818181818,44.7090909090909
"258",299,25.9905416666667,26.285125,24.5909090909091,12.8545454545455,18.7227272727273,19.1473487677371,17.4854545454545,16.4602272727273,15.7150505050505,15.2582196969697,0.709090909090909,45.0909090909091
"259",300,27.8607291666667,28.1638125,24.3909090909091,12.4363636363636,18.4136363636364,19.1473487677371,17.5621212121212,16.4991666666667,15.7526262626263,15.3014393939394,2.53636363636364,41.9545454545455
"260",301,27.7823541666667,28.0793125,24.6,13,18.8,19.1473487677371,17.6243939393939,16.5600757575758,15.7922727272727,15.3442045454545,0.427272727272727,42.1181818181818
"261",302,25.493375,25.8605833333333,23.4636363636364,13.1,18.2818181818182,19.1473487677371,17.6710606060606,16.6118939393939,15.8369696969697,15.3760606060606,0.1,46.1363636363636
"262",303,23.317,23.6947708333333,24.9363636363636,13.1272727272727,19.0318181818182,19.1473487677371,17.7522727272727,16.6804545454545,15.8957070707071,15.4181060606061,0.163636363636364,42.5545454545455
"263",304,19.6084791666667,19.985875,24.4636363636364,12.5090909090909,18.4863636363636,19.1473487677371,17.789696969697,16.7393181818182,15.9604545454545,15.459053030303,1.95454545454545,39.9090909090909
"264",305,22.2075416666667,22.5425625,24.1545454545455,12.5818181818182,18.3681818181818,19.1473487677371,17.8310606060606,16.8113636363636,16.0209090909091,15.49875,0.427272727272727,42.3727272727273
"265",306,24.5678541666667,24.8814583333333,24.3363636363636,13.7818181818182,19.0590909090909,19.1473487677371,17.9143939393939,16.8971212121212,16.089797979798,15.5488636363636,4.02727272727273,46.7363636363636
"266",307,25.907625,26.2039791666667,26.7363636363636,13.7363636363636,20.2363636363636,19.1473487677371,18.0475757575758,16.999696969697,16.164696969697,15.6051515151515,0.790909090909091,37.5181818181818
"267",308,28.2709583333333,28.5215,26.1272727272727,14.0363636363636,20.0818181818182,19.1473487677371,18.1606060606061,17.0796212121212,16.2310606060606,15.6586363636364,0.981818181818182,41.4272727272727
"268",309,30.6455416666667,30.8747708333333,24.8545454545455,13.8363636363636,19.3454545454545,19.1473487677371,18.280303030303,17.1534848484848,16.2795454545455,15.7081060606061,0.227272727272727,43.2636363636364
"269",310,30.2695416666667,30.5482291666667,25.9727272727273,13.6454545454545,19.8090909090909,19.1473487677371,18.3828787878788,17.2266666666667,16.3361616161616,15.7598106060606,0.0454545454545455,38.7818181818182
"270",311,28.3641666666667,28.6933958333333,25.6454545454545,14.4363636363636,20.0409090909091,19.1473487677371,18.4640909090909,17.2927272727273,16.4116666666667,15.8174242424242,0.281818181818182,39.5454545454545
"271",312,26.4863333333333,26.8467083333333,27.4636363636364,13.8545454545455,20.6590909090909,19.1473487677371,18.5648484848485,17.3578787878788,16.4973737373737,15.880946969697,0,33.3818181818182
"272",313,27.5566041666667,27.8772291666667,28.9727272727273,14.8454545454545,21.9090909090909,19.1473487677371,18.7269696969697,17.4512121212121,16.5834343434343,15.9489393939394,1.91818181818182,35.8272727272727
"273",314,29.0875833333333,29.3935625,25.4,14.8727272727273,20.1363636363636,19.1473487677371,18.850303030303,17.5209848484848,16.6425252525253,16,0.945454545454545,47.6636363636364
"274",315,28.4844791666667,28.7979583333333,25.6272727272727,12.9272727272727,19.2772727272727,19.1473487677371,18.9265151515152,17.5864393939394,16.6905050505051,16.0454166666667,2.00909090909091,40.9545454545455
"275",316,26.9987083333333,27.3228541666667,25.4727272727273,13.3909090909091,19.4318181818182,19.1473487677371,18.9662121212121,17.6623484848485,16.7454545454545,16.0879924242424,0.154545454545455,37.5454545454545
"276",317,26.3244166666667,26.6476458333333,26.9090909090909,13.8272727272727,20.3681818181818,19.1473487677371,19.0360606060606,17.7514393939394,16.8068181818182,16.1373863636364,0.109090909090909,35.8545454545455
"277",318,28.2761041666667,28.5745208333333,29.8,14.6727272727273,22.2363636363636,19.1473487677371,19.1562121212121,17.8600757575758,16.8876767676768,16.2036363636364,0.654545454545455,30.8545454545455
"278",319,27.4965833333333,27.8409583333333,30.3636363636364,15.3636363636364,22.8636363636364,19.1473487677371,19.3186363636364,17.98,16.9774242424242,16.2715909090909,0.318181818181818,32.6454545454545
"279",320,25.2589583333333,25.6410625,31.4454545454545,16.1272727272727,23.7863636363636,19.1473487677371,19.5092424242424,18.1244696969697,17.0871717171717,16.3552272727273,1.10909090909091,27.6727272727273
"280",321,27.1995625,27.5169791666667,25.3363636363636,15.6636363636364,20.5,19.1473487677371,19.6069696969697,18.2138636363636,17.1561616161616,16.4149242424242,0.1,53.7545454545455
"281",322,26.1439791666667,26.511,24.2181818181818,14.6181818181818,19.4181818181818,19.1473487677371,19.6484848484848,18.2840151515151,17.2119696969697,16.4606060606061,2.99090909090909,44.6
"282",323,24.3217291666667,24.6707083333333,24.6363636363636,13.1,18.8681818181818,19.1473487677371,19.6871212121212,18.3362121212121,17.2603535353535,16.5043181818182,0.454545454545455,41.0272727272727
"283",324,24.8778541666667,25.2495833333333,25.5909090909091,12.8454545454545,19.2181818181818,19.1473487677371,19.709696969697,18.3881818181818,17.3202525252525,16.5458712121212,0.0454545454545455,38.0090909090909
"284",325,25.962625,26.3301666666667,28.1909090909091,14.3,21.2454545454545,19.1473487677371,19.7910606060606,18.4724242424242,17.4079797979798,16.6055681818182,0.336363636363636,33.1363636363636
"285",326,26.9791041666667,27.3009791666667,28.6727272727273,16.1909090909091,22.4318181818182,19.1473487677371,19.9398484848485,18.5801515151515,17.5029797979798,16.6756439393939,0.454545454545455,32.1636363636364
"286",327,27.6098333333333,27.9136041666667,27.7636363636364,15.7636363636364,21.7636363636364,19.1473487677371,20.0418181818182,18.6659848484848,17.5791919191919,16.7374621212121,0.345454545454545,38.5909090909091
"287",328,30.0167916666667,30.3063541666667,28.1272727272727,15.3545454545455,21.7409090909091,19.1473487677371,20.1510606060606,18.7675,17.6540909090909,16.7936742424242,0,35.2727272727273
"288",329,31.5135208333333,31.8040833333333,29.4090909090909,15.1,22.2545454545455,19.1473487677371,20.2687878787879,18.8771212121212,17.7297474747475,16.8534848484848,0.00909090909090909,32.1545454545455
"289",330,32.7147708333333,32.9373958333333,30.8727272727273,15.2818181818182,23.0772727272727,19.1473487677371,20.4242424242424,18.9931818181818,17.8075252525253,16.9205303030303,0,27.9272727272727
"290",331,32.7166458333333,32.9670625,29.1545454545455,16.4727272727273,22.8136363636364,19.1473487677371,20.5580303030303,19.0912121212121,17.8927272727273,16.9837121212121,0.609090909090909,35.4545454545455
"291",332,32.976125,33.231625,27.2272727272727,16.3181818181818,21.7727272727273,19.1473487677371,20.6743939393939,19.1727272727273,17.9660606060606,17.0463257575758,0.2,41.5909090909091
"292",333,32.1044583333333,32.4063958333333,26.3545454545455,14.9363636363636,20.6454545454545,19.1473487677371,20.7281818181818,19.2402272727273,18.029696969697,17.1038257575758,0.2,40.4909090909091
"293",334,30.7029583333333,31.0205,25.2909090909091,14.8545454545455,20.0727272727273,19.1473487677371,20.7810606060606,19.2853787878788,18.0865656565657,17.1656060606061,0.972727272727273,39.2090909090909
"294",335,31.5479375,31.8168333333333,26.1,14.9272727272727,20.5136363636364,19.1473487677371,20.8525757575758,19.3418181818182,18.1584343434343,17.2288257575758,0.772727272727273,40.2909090909091
"295",336,32.6508333333333,32.9126458333333,27.8727272727273,14.4454545454545,21.1590909090909,19.1473487677371,20.9225757575758,19.4184848484848,18.2389393939394,17.2979924242424,0.0454545454545455,34.6909090909091
"296",337,34.4650208333333,34.70375,29.8727272727273,16.1363636363636,23.0045454545455,19.1473487677371,21.0148484848485,19.5312121212121,18.3380808080808,17.3772348484848,0,30.6727272727273
"297",338,35.3465,35.5785833333333,27.4454545454545,16.1181818181818,21.7818181818182,19.1473487677371,21.0715151515152,19.6160606060606,18.4102525252525,17.4411742424242,0.445454545454545,42.1090909090909
"298",339,36.1901875,36.4011666666667,27.2,15.8272727272727,21.5136363636364,19.1473487677371,21.1437878787879,19.7120454545455,18.4835858585859,17.4956060606061,1.10909090909091,38.9636363636364
"299",340,35.4569375,35.6850416666667,27.8090909090909,15.8,21.8045454545455,19.1473487677371,21.210303030303,19.7965909090909,18.5545454545455,17.554696969697,0.918181818181818,37.7090909090909
"300",341,35.6892916666667,35.9272916666667,27.1363636363636,14.8636363636364,21,19.1473487677371,21.2422727272727,19.8531818181818,18.6092424242424,17.6193181818182,0.0727272727272727,41.1545454545455
"301",342,34.3204166666667,34.6068125,27.9,16.0090909090909,21.9545454545455,19.1473487677371,21.2854545454545,19.9251515151515,18.6670707070707,17.6943939393939,0.0636363636363636,37
"302",343,34.0266666666667,34.3198333333333,29.6636363636364,16.4363636363636,23.05,19.1473487677371,21.3234848484848,20.0252272727273,18.7419696969697,17.768446969697,0.00909090909090909,28.5909090909091
"303",344,34.5456666666667,34.815875,30.5090909090909,15.3454545454545,22.9272727272727,19.1473487677371,21.4165151515152,20.1334090909091,18.819494949495,17.8360227272727,0,28.7272727272727
"304",345,35.210375,35.4606875,32.1,17.1545454545455,24.6272727272727,19.1473487677371,21.5948484848485,20.2606818181818,18.9225757575758,17.9165909090909,0,27.1272727272727
"305",346,32.5589791666667,32.83675,29.9818181818182,17.9727272727273,23.9772727272727,19.1473487677371,21.7463636363636,20.3562878787879,19.0236868686869,17.9956818181818,0.0181818181818182,38.3090909090909
"306",347,29.9218333333333,30.2521875,29.3,16.9,23.1,19.1473487677371,21.8374242424242,20.4367424242424,19.1134343434343,18.0644696969697,0.518181818181818,35.1909090909091
"307",348,30.1252916666667,30.4588958333333,29.5181818181818,15.9363636363636,22.7272727272727,19.1473487677371,21.8537878787879,20.505,19.1913131313131,18.1292045454545,0.290909090909091,33.1272727272727
"308",349,32.8570833333333,33.1343333333333,29.7727272727273,16.2454545454545,23.0090909090909,19.1473487677371,21.8586363636364,20.5886363636364,19.2728787878788,18.1977272727273,0.00909090909090909,34.1818181818182
"309",350,31.538625,31.8440416666667,30.2363636363636,16.7181818181818,23.4772727272727,19.1473487677371,21.8483333333333,20.6787878787879,19.3657575757576,18.2774621212121,0,30.5363636363636
"310",351,30.0779166666667,30.4111458333333,27.8,16.6090909090909,22.2045454545455,19.1473487677371,21.9051515151515,20.7560606060606,19.4442929292929,18.3434090909091,0.372727272727273,38.8363636363636
"311",352,29.3278958333333,29.7082291666667,28.2272727272727,16.3909090909091,22.3090909090909,19.1473487677371,22.0015151515152,20.825,19.5231818181818,18.4093560606061,1.17272727272727,37
"312",353,30.3300416666667,30.6829166666667,28.7363636363636,16.0181818181818,22.3772727272727,19.1473487677371,22.1184848484849,20.902803030303,19.5969696969697,18.4748863636364,0.472727272727273,34.4727272727273
"313",354,29.8522708333333,30.2081458333333,30.7090909090909,17.0181818181818,23.8636363636364,19.1473487677371,22.2733333333333,20.9915151515152,19.6832323232323,18.5585227272727,0.136363636363636,29.7181818181818
"314",355,28.4822291666667,28.8060416666667,32.8909090909091,17.2272727272727,25.0590909090909,19.1473487677371,22.4004545454545,21.0957575757576,19.7817676767677,18.6560984848485,0,25.2727272727273
"315",356,27.9169583333333,28.2304791666667,33.2818181818182,18.6818181818182,25.9818181818182,19.1473487677371,22.5187878787879,21.2293181818182,19.8930303030303,18.7569318181818,0.0181818181818182,28.4
"316",357,27.644125,27.8770416666667,32.9090909090909,18.0363636363636,25.4727272727273,19.1473487677371,22.6424242424242,21.3421212121212,19.9914646464646,18.845,0,29.5909090909091
"317",358,31.8167291666667,32.0062708333333,32.4,17.7181818181818,25.0590909090909,19.1473487677371,22.7530303030303,21.4520454545455,20.0960101010101,18.9288257575758,0,30.3
"318",359,33.36825,33.5717291666667,33.1363636363636,18.1090909090909,25.6227272727273,19.1473487677371,22.865303030303,21.5670454545455,20.2065151515152,19.0136363636364,0,27.0181818181818
"319",360,34.6249791666667,34.8118333333333,30.8454545454545,17.7,24.2727272727273,19.1473487677371,22.9051515151515,21.664696969697,20.2971717171717,19.0819318181818,0,37.7727272727273
"320",361,33.9914791666667,34.2138333333333,30.2545454545455,17.9272727272727,24.0909090909091,19.1473487677371,22.9477272727273,21.7528787878788,20.3767171717172,19.1564772727273,0,34.9272727272727
"321",362,33.4006875,33.6577083333333,30.3,17.2272727272727,23.7636363636364,19.1473487677371,23.0140909090909,21.8442424242424,20.4531818181818,19.2280681818182,0.0272727272727273,30.0818181818182
"322",363,31.7976666666667,32.0621666666667,31.0545454545455,16.4,23.7272727272727,19.1473487677371,23.1168181818182,21.9225,20.5324242424242,19.3014772727273,0,30.1363636363636
"323",364,33.24325,33.5,31.4363636363636,17.0818181818182,24.2590909090909,19.1473487677371,23.2563636363636,22.0187121212121,20.6090404040404,19.3790151515152,0.00909090909090909,29.9090909090909
"324",365,34.3936041666667,34.6431458333333,29.2363636363636,17.9909090909091,23.6136363636364,19.1473487677371,23.359696969697,22.1061363636364,20.6811111111111,19.45875,0,38.5818181818182
"325",1,24.9089479166667,24.80203125,30.1909090909091,17.7727272727273,23.9818181818182,19.1473487677371,23.3875,22.0149166666667,20.5873888888889,19.3815,0,35.2909090909091
"326",2,23.80759375,23.6878333333333,30.3636363636364,17.8272727272727,24.0954545454545,19.1473487677371,23.4166666666667,22.0925,20.6670555555556,19.4604583333333,0.0181818181818182,37
"327",3,24.27153125,24.153375,30.1272727272727,17.4,23.7636363636364,19.1473487677371,23.4913333333333,22.1615,20.7498888888889,19.5361666666667,0.227272727272727,33.7090909090909
"328",4,24.43478125,24.3343541666667,31.4181818181818,16.5818181818182,24,19.1473487677371,23.5903333333333,22.2360833333333,20.8513333333333,19.61275,0.00909090909090909,27.5
"329",5,24.5260208333333,24.4234791666667,33.0818181818182,17.1727272727273,25.1272727272727,19.1473487677371,23.7006666666667,22.3335,20.9520555555556,19.6925833333333,0,31.9
"330",6,25.05828125,24.9411770833333,32.8181818181818,18.8272727272727,25.8227272727273,19.1473487677371,23.8303333333333,22.4348333333333,21.0445,19.772375,0.00909090909090909,29.7454545454545
"331",7,26.3558541666667,26.21225,32.5818181818182,18.3818181818182,25.4818181818182,19.1473487677371,23.9041666666667,22.5123333333333,21.1301111111111,19.8424583333333,0.481818181818182,31.3909090909091
"332",8,27.6358854166667,27.5225833333333,32.8454545454545,18.8545454545455,25.85,19.1473487677371,23.9715,22.5724166666667,21.2231666666667,19.916,0.00909090909090909,29.6909090909091
"333",9,25.49528125,25.3846354166667,31.0909090909091,18.2727272727273,24.6818181818182,19.1473487677371,24.012,22.6520833333333,21.3078888888889,19.994,0.00909090909090909,32.5909090909091
"334",10,24.9434479166667,24.82884375,29.6818181818182,18.1909090909091,23.9363636363636,19.1473487677371,24.0136666666667,22.7359166666667,21.3822222222222,20.0718333333333,0,37.3181818181818
"335",11,25.2205,25.0823645833333,31.2363636363636,17.7363636363636,24.4863636363636,19.1473487677371,24.058,22.82325,21.4607222222222,20.1528333333333,0.00909090909090909,32.3181818181818
"336",12,26.7068541666667,26.5670104166667,31.1818181818182,17.9545454545455,24.5681818181818,19.1473487677371,24.1208333333333,22.8745833333333,21.5356111111111,20.227,0.0363636363636364,31.4090909090909
"337",13,28.85775,28.71215625,30.1181818181818,17.9727272727273,24.0454545454545,19.1473487677371,24.1561666666667,22.8964166666667,21.6065555555556,20.2979583333333,0.0181818181818182,36.4272727272727
"338",14,30.3333020833333,30.2150208333333,32.2272727272727,17.6090909090909,24.9181818181818,19.1473487677371,24.1893333333333,22.92575,21.69,20.3762916666667,0.0727272727272727,31.5545454545455
"339",15,28.79775,28.6994270833333,30.5636363636364,18.2636363636364,24.4136363636364,19.1473487677371,24.2183333333333,22.9356666666667,21.7595555555556,20.4497083333333,0.509090909090909,35.8727272727273
"340",16,28.0519791666667,27.9089479166667,29.7090909090909,18.4727272727273,24.0909090909091,19.1473487677371,24.293,23.0034166666667,21.8286666666667,20.5232916666667,10.3636363636364,38.9181818181818
"341",17,28.4875208333333,28.3849166666667,30.2181818181818,17.8272727272727,24.0227272727273,19.1473487677371,24.3688333333333,23.0810833333333,21.9008888888889,20.6012916666667,0.145454545454545,37.1090909090909
"342",18,25.37846875,25.27084375,31.8090909090909,17.9454545454545,24.8772727272727,19.1473487677371,24.4586666666667,23.19575,21.9856666666667,20.680375,0.190909090909091,34.0272727272727
"343",19,24.63875,24.5024895833333,32.8545454545455,18.7545454545455,25.8045454545455,19.1473487677371,24.5326666666667,23.31475,22.0717777777778,20.7605833333333,0.0181818181818182,28.9909090909091
"344",20,25.3960416666667,25.2469375,34.0272727272727,18.1454545454545,26.0863636363636,19.1473487677371,24.5663333333333,23.414,22.1522777777778,20.8486666666667,0.0727272727272727,30.1818181818182
"345",21,26.0715416666667,25.9526666666667,33.0818181818182,19.6181818181818,26.35,19.1473487677371,24.6006666666667,23.4833333333333,22.2427222222222,20.9370416666667,0,33.2818181818182
"346",22,24.4176979166667,24.3019166666667,31.5818181818182,19.5636363636364,25.5727272727273,19.1473487677371,24.5843333333333,23.5515,22.3201111111111,21.0072083333333,0,35.9090909090909
"347",23,23.9845104166667,23.8634270833333,30.5090909090909,18.4363636363636,24.4727272727273,19.1473487677371,24.5665,23.5986666666667,22.3912222222222,21.082125,0.0181818181818182,39.6272727272727
"348",24,23.7979895833333,23.6724791666667,30.1,17.4636363636364,23.7818181818182,19.1473487677371,24.5241666666667,23.6403333333333,22.4545555555556,21.154,0.272727272727273,38.2181818181818
"349",25,23.61965625,23.4938854166667,31.3909090909091,17.8181818181818,24.6045454545455,19.1473487677371,24.545,23.67775,22.5231111111111,21.2294583333333,0.281818181818182,33.1545454545455
"350",26,23.6389895833333,23.5227604166667,32.6,18.2545454545455,25.4272727272727,19.1473487677371,24.6055,23.73,22.5945,21.307625,0.0272727272727273,32.1
"351",27,24.58621875,24.4431979166667,31.7545454545455,18.9818181818182,25.3681818181818,19.1473487677371,24.6556666666667,23.7925,22.6632777777778,21.377625,0,34.9454545454545
"352",28,24.799875,24.6860520833333,33.5,17.5545454545455,25.5272727272727,19.1473487677371,24.7061666666667,23.8776666666667,22.7321666666667,21.44975,0,27.3454545454545
"353",29,23.4353229166667,23.3157395833333,32.9,18.5727272727273,25.7363636363636,19.1473487677371,24.7655,23.9790833333333,22.8203333333333,21.517875,0.554545454545455,32.8363636363636
"354",30,24.78984375,24.6349791666667,30.6636363636364,19.4545454545455,25.0590909090909,19.1473487677371,24.8651515151515,24.0699166666667,22.8990555555556,21.5870416666667,1.17272727272727,34.4818181818182
"355",31,28.7311666666667,28.5627604166667,30.4363636363636,18.2,24.3181818181818,19.1473487677371,24.8763636363636,24.11525,22.9576111111111,21.6512916666667,2.4,37.0363636363636
"356",32,31.3744895833333,31.23609375,31.6,17.5181818181818,24.5590909090909,19.1473487677371,24.8918181818182,24.135,23.0127777777778,21.713625,0.190909090909091,29.7909090909091
"357",33,31.4196526315789,31.3129684210526,32.4363636363636,17.9454545454545,25.1909090909091,19.1473487677371,24.9393939393939,24.1894166666667,23.0701666666667,21.7842916666667,0.790909090909091,29.6363636363636
"358",34,28.8713645833333,28.7900625,34.4818181818182,18.9181818181818,26.7,19.1473487677371,25.0293939393939,24.2784166666667,23.1462222222222,21.880125,0.881818181818182,28.0636363636364
"359",35,23.6644270833333,23.5787916666667,33.5272727272727,19.7272727272727,26.6272727272727,19.1473487677371,25.0793939393939,24.3615,23.2297777777778,21.969625,0.154545454545455,29.5454545454545
"360",36,22.5216145833333,22.3918125,32.7090909090909,18.4636363636364,25.5863636363636,19.1473487677371,25.0715151515152,24.42825,23.2986111111111,22.0399166666667,0,32.0636363636364
"361",37,23.71040625,23.5687291666667,29.8181818181818,18.7909090909091,24.3045454545455,19.1473487677371,25.0322727272727,24.4564166666667,23.3444444444444,22.09975,0,41.3636363636364
"362",38,25.7715625,25.6191041666667,29.6272727272727,18.6090909090909,24.1181818181818,19.1473487677371,24.9745454545455,24.4733333333333,23.3733333333333,22.1611666666667,2.13636363636364,41.7
"363",39,28.61678125,28.4639166666667,31.2181818181818,17.5,24.3590909090909,19.1473487677371,24.9637878787879,24.48575,23.4212222222222,22.2207916666667,1.63636363636364,35.4545454545455
"364",40,30.8975104166667,30.7604583333333,30.2909090909091,17.3545454545455,23.8227272727273,19.1473487677371,24.96,24.472,23.4673888888889,22.26925,0.245454545454545,36.7818181818182
"365",41,32.0065208333333,31.8855833333333,31.9181818181818,17.6090909090909,24.7636363636364,19.1473487677371,24.9692424242424,24.4881666666667,23.5216111111111,22.325125,9.53636363636364,32.6
"366",42,30.78496875,30.689125,31.4818181818182,17.6545454545455,24.5681818181818,19.1473487677371,24.9692424242424,24.51375,23.5519444444444,22.378375,1.73636363636364,35.4636363636364
"367",43,28.7962916666667,28.6881041666667,31.2272727272727,18.9454545454545,25.0863636363636,19.1473487677371,25.0039393939394,24.5378333333333,23.5707777777778,22.4347916666667,0,36.6
"368",44,27.06590625,26.9657291666667,32.7181818181818,19,25.8590909090909,19.1473487677371,25.035303030303,24.57075,23.6012222222222,22.5055416666667,0,35.3727272727273
"369",45,27.6601979166667,27.5450104166667,31.4818181818182,20.0363636363636,25.7590909090909,19.1473487677371,25.0801515151515,24.616,23.6283333333333,22.5730833333333,0.0272727272727273,39.6909090909091
"370",46,30.26234375,30.123375,31.7363636363636,18.7,25.2181818181818,19.1473487677371,25.1177272727273,24.6705833333333,23.685,22.6335416666667,0,38.7727272727273
"371",47,27.3468333333333,27.2879375,31.9363636363636,18.8181818181818,25.3772727272727,19.1473487677371,25.1628787878788,24.7255833333333,23.7481666666667,22.69625,0,36.7272727272727
"372",48,26.0036979166667,25.8565520833333,30.5818181818182,18.5454545454545,24.5636363636364,19.1473487677371,25.1524242424242,24.76225,23.8191111111111,22.7557083333333,0,37.4636363636364
"373",49,29.7328541666667,29.5515416666667,32.1909090909091,17.6636363636364,24.9272727272727,19.1473487677371,25.1231818181818,24.7883333333333,23.8911666666667,22.8148333333333,0.0909090909090909,31.0454545454545
"374",50,33.0088125,32.8800520833333,33.0090909090909,18.8,25.9045454545455,19.1473487677371,25.1171212121212,24.8003333333333,23.9541111111111,22.8727916666667,0,28.5454545454545
"375",51,32.3718020833333,32.2714583333333,32.9909090909091,19.4909090909091,26.2409090909091,19.1473487677371,25.1134848484848,24.8055,23.9923333333333,22.934625,0,30.7181818181818
"376",52,28.2093854166667,28.1591458333333,30.4727272727273,19.0181818181818,24.7454545454545,19.1473487677371,25.0859090909091,24.772,24.0208888888889,22.98,0.281818181818182,39.4090909090909
"377",53,24.9640104166667,24.8335729166667,29.4181818181818,18.3363636363636,23.8772727272727,19.1473487677371,25.0660606060606,24.7503333333333,24.0438333333333,23.0269583333333,0.1,43.0818181818182
"378",54,27.02878125,26.8965104166667,30.5909090909091,17.2363636363636,23.9136363636364,19.1473487677371,25.0704545454545,24.7350833333333,24.0755555555556,23.0774166666667,0.0545454545454545,35.9545454545455
"379",55,26.0998541666667,26.00365625,31.6818181818182,16.9454545454545,24.3136363636364,19.1473487677371,25.0607575757576,24.7454166666667,24.1004444444444,23.1287916666667,0,32.0272727272727
"380",56,23.1476354166667,23.0289479166667,33.1818181818182,18.9545454545455,26.0681818181818,19.1473487677371,25.0821212121212,24.7841666666667,24.1409444444444,23.1865833333333,0.0363636363636364,32.8272727272727
"381",57,24.54009375,24.37671875,32.0818181818182,19.4181818181818,25.75,19.1473487677371,25.0948484848485,24.81225,24.1846111111111,23.2396666666667,1.09090909090909,36.9636363636364
"382",58,23.8153229166667,23.704,31.4272727272727,19.0272727272727,25.2272727272727,19.1473487677371,25.0848484848485,24.8265833333333,24.2341111111111,23.285875,0.472727272727273,36.4363636363636
"383",59,23.38203125,23.2494166666667,31.7090909090909,19.1545454545455,25.4318181818182,19.1473487677371,25.074696969697,24.8473333333333,24.2957777777778,23.3475416666667,0.845454545454546,36.6818181818182
"384",60,24.3589791666667,24.2004375,30.3,18.7636363636364,24.5318181818182,19.1473487677371,25.0571212121212,24.9611363636364,24.3475,23.3999583333333,1.03636363636364,40.9
"385",61,26.5343958333333,26.3968645833333,29.0454545454545,17.7909090909091,23.4181818181818,19.1473487677371,25.0271212121212,24.9517424242424,24.3708333333333,23.4387083333333,2.40909090909091,41.7636363636364
"386",62,26.2198333333333,26.1079166666667,30.2,16.3636363636364,23.2818181818182,19.1473487677371,24.9845454545455,24.9381818181818,24.3723888888889,23.471375,0.554545454545455,38.1545454545455
"387",63,28.5368333333333,28.3905625,30.9454545454545,17.8727272727273,24.4090909090909,19.1473487677371,24.9584848484849,24.9489393939394,24.405,23.5116666666667,0.345454545454545,38.3363636363636
"388",64,26.2630625,26.1721145833333,30.8818181818182,17.8090909090909,24.3454545454545,19.1473487677371,24.88,24.954696969697,24.4425555555556,23.552375,0.0636363636363636,35.9818181818182
"389",65,25.3563229166667,25.2168229166667,31.6545454545455,18.2909090909091,24.9727272727273,19.1473487677371,24.8248484848485,24.9521212121212,24.4797777777778,23.6014166666667,0.0454545454545455,34.3545454545455
"390",66,26.1115,25.9903958333333,31.0909090909091,19.1272727272727,25.1090909090909,19.1473487677371,24.8089393939394,24.9402272727273,24.5181111111111,23.6484166666667,0.154545454545455,41.7727272727273
"391",67,28.3686875,28.2387604166667,30.8272727272727,18.9272727272727,24.8772727272727,19.1473487677371,24.8280303030303,24.9301515151515,24.5405,23.6855,0.181818181818182,40.0636363636364
"392",68,27.2322604166667,27.15765625,30.7818181818182,18.6,24.6909090909091,19.1473487677371,24.8471212121212,24.9108333333333,24.5538888888889,23.70875,0.0363636363636364,41.2090909090909
"393",69,22.1502083333333,22.0486458333333,31.5363636363636,19.1363636363636,25.3363636363636,19.1473487677371,24.879696969697,24.9217424242424,24.5724444444444,23.752375,0.2,36.6454545454545
"394",70,22.1995,22.0721770833333,31.6,18.2727272727273,24.9363636363636,19.1473487677371,24.9168181818182,24.9384090909091,24.5826666666667,23.8015416666667,1.12727272727273,37.8636363636364
"395",71,23.95315625,23.8014375,30.9636363636364,18.2818181818182,24.6227272727273,19.1473487677371,24.9121212121212,24.9406818181818,24.6038333333333,23.85,0.336363636363636,36.0727272727273
"396",72,24.8137916666667,24.69440625,29.5272727272727,18.5454545454545,24.0363636363636,19.1473487677371,24.8943939393939,24.9318181818182,24.6247777777778,23.8756666666667,0.536363636363636,41.9636363636364
"397",73,26.0686979166667,25.9284895833333,29.4636363636364,18.0363636363636,23.75,19.1473487677371,24.8498484848485,24.9268939393939,24.6382777777778,23.887875,0.727272727272727,40.9636363636364
"398",74,26.42575,26.3124583333333,28.9181818181818,18.4727272727273,23.6954545454545,19.1473487677371,24.7777272727273,24.9065151515152,24.6417222222222,23.8968333333333,2.56363636363636,43.7454545454545
"399",75,26.9356458333333,26.8084479166667,27.9454545454545,17.5909090909091,22.7681818181818,19.1473487677371,24.6780303030303,24.8790909090909,24.6363888888889,23.8905416666667,0.936363636363636,48.1636363636364
"400",76,28.1097604166667,28.00128125,27.6545454545455,16.7636363636364,22.2090909090909,19.1473487677371,24.5777272727273,24.8477272727273,24.6376666666667,23.9067083333333,0.0181818181818182,45.6454545454545
"401",77,25.92775,25.8369583333333,27.6090909090909,16.9909090909091,22.3,19.1473487677371,24.4751515151515,24.8190151515152,24.6392777777778,23.9277916666667,0.772727272727273,47.7454545454545
"402",78,23.9548541666667,23.8386354166667,29.8909090909091,16.5181818181818,23.2045454545455,19.1473487677371,24.4298484848485,24.7911363636364,24.647,23.9684583333333,1.43636363636364,36.9909090909091
"403",79,22.20378125,22.0997916666667,29.9181818181818,17.5818181818182,23.75,19.1473487677371,24.3906060606061,24.7568939393939,24.6497222222222,24.0115,0,35.3727272727273
"404",80,22.5432708333333,22.4221979166667,29.6181818181818,18.6909090909091,24.1545454545455,19.1473487677371,24.3322727272727,24.724696969697,24.6424444444444,24.04725,0.0909090909090909,38.1818181818182
"405",81,24.2033541666667,24.07328125,28.1090909090909,17.3181818181818,22.7136363636364,19.1473487677371,24.214696969697,24.6640909090909,24.6157222222222,24.0532916666667,0.209090909090909,45.0545454545455
"406",82,NA,NA,27.7363636363636,16.2272727272727,21.9818181818182,19.1473487677371,24.1225757575758,24.6042424242424,24.5745,24.0605416666667,0.0545454545454545,39.0181818181818
"407",269,18.5429189189189,18.4952972972973,21.3636363636364,9.99090909090909,15.6772727272727,19.1473487677371,15.435,14.8298484848485,14.5158080808081,14.5406818181818,3.12727272727273,49.9545454545455
"408",270,18.6356145833333,18.53003125,22.1,10.1272727272727,16.1136363636364,19.1473487677371,15.4362121212121,14.8478787878788,14.5478787878788,14.545,1.10909090909091,48.9909090909091
"409",271,20.1648645833333,20.1001041666667,22.4727272727273,11.3909090909091,16.9318181818182,19.1473487677371,15.4957575757576,14.8762121212121,14.5841414141414,14.5629924242424,1.08181818181818,48.9454545454545
"410",272,18.3193020833333,18.3041770833333,22.0363636363636,11.7272727272727,16.8818181818182,19.1473487677371,15.5527272727273,14.9199242424242,14.6110606060606,14.5829545454545,1.95454545454545,51.5727272727273
"411",273,17.7206041666667,17.691875,21.8909090909091,11.3,16.5954545454545,19.1473487677371,15.6086363636364,14.9674242424242,14.6400505050505,14.5969696969697,1.87272727272727,49.7090909090909
"412",274,17.0540833333333,17.03278125,23.1090909090909,11.6181818181818,17.3636363636364,19.1473487677371,15.6889393939394,15.0458333333333,14.6821717171717,14.6141666666667,2.3,48.2
"413",275,16.49978125,16.49125,21.9636363636364,12.2909090909091,17.1272727272727,19.1473487677371,15.7916666666667,15.1158333333333,14.7213131313131,14.626553030303,2.13636363636364,47.6272727272727
"414",276,16.5335208333333,16.5168229166667,21.4090909090909,11.7090909090909,16.5590909090909,19.1473487677371,15.8798484848485,15.1775,14.7603535353535,14.6335606060606,1.14545454545455,49.3545454545455
"415",277,16.7515625,16.7171041666667,21.6,10.8818181818182,16.2409090909091,19.1473487677371,15.9518181818182,15.2232575757576,14.7910101010101,14.6376893939394,1.14545454545455,49.3181818181818
"416",278,17.9148958333333,17.8684375,21.1727272727273,12.2090909090909,16.6909090909091,19.1473487677371,15.9986363636364,15.2662878787879,14.8246464646465,14.6562121212121,2.42727272727273,54.7545454545455
"417",279,19.4345520833333,19.3818125,21.9181818181818,9.59090909090909,15.7545454545455,19.1473487677371,16.0266666666667,15.2791666666667,14.8507070707071,14.6653787878788,1.00909090909091,41.4454545454545
"418",280,20.3111770833333,20.2621979166667,23.1636363636364,10.3,16.7318181818182,19.1473487677371,16.0704545454545,15.312803030303,14.8854545454545,14.6753409090909,0.281818181818182,41.3818181818182
"419",281,19.6431145833333,19.6278854166667,23.8,11.4090909090909,17.6045454545455,19.1473487677371,16.1213636363636,15.3854545454545,14.935202020202,14.6896590909091,0.918181818181818,43.4090909090909
"420",282,19.0126770833333,18.9872708333333,23.5545454545455,11.7181818181818,17.6363636363636,19.1473487677371,16.1509090909091,15.4636363636364,14.9863131313131,14.7089393939394,3.18181818181818,48.4
"421",283,18.46721875,18.458125,22.3909090909091,11.7,17.0454545454545,19.1473487677371,16.1754545454545,15.5116666666667,15.0229292929293,14.7223863636364,1.38181818181818,49.4363636363636
"422",284,17.3931979166667,17.38740625,21.9363636363636,10.9363636363636,16.4363636363636,19.1473487677371,16.1916666666667,15.5386363636364,15.049898989899,14.7372348484848,0.345454545454545,47.9363636363636
"423",285,17.9072083333333,17.8852708333333,22.8363636363636,11.1454545454545,16.9909090909091,19.1473487677371,16.2463636363636,15.5725,15.0850505050505,14.7596590909091,1.09090909090909,43.3909090909091
"424",286,18.8751354166667,18.8382916666667,25.6,10.8818181818182,18.2409090909091,19.1473487677371,16.3584848484848,15.6350757575758,15.1285858585859,14.7926893939394,0.209090909090909,35.9545454545455
"425",287,19.6339895833333,19.594625,24.8454545454545,11.7,18.2727272727273,19.1473487677371,16.4668181818182,15.692196969697,15.1711616161616,14.8227651515151,1.41818181818182,41.0181818181818
"426",288,20.1672916666667,20.12275,24.8,12.4636363636364,18.6318181818182,19.1473487677371,16.5639393939394,15.7534090909091,15.2194444444444,14.8569318181818,0.272727272727273,40.4
"427",289,21.3642083333333,21.31828125,23.3727272727273,12.6090909090909,17.9909090909091,19.1473487677371,16.6413636363636,15.8068181818182,15.2559090909091,14.8884090909091,1.2,47.7090909090909
"428",290,21.17325,21.1442395833333,24.0727272727273,12.0636363636364,18.0681818181818,19.1473487677371,16.739696969697,15.8761363636364,15.3038888888889,14.9214393939394,1.04545454545455,41.0545454545455
"429",291,19.6917291666667,19.6735416666667,23,12.1363636363636,17.5681818181818,19.1473487677371,16.8207575757576,15.9307575757576,15.3509090909091,14.9467803030303,0.809090909090909,43.9545454545455
"430",292,19.4651875,19.4415208333333,24.0545454545455,12.2909090909091,18.1727272727273,19.1473487677371,16.9195454545455,15.9937121212121,15.3979797979798,14.9762121212121,2.8,44.1
"431",293,19.3708229166667,19.3446145833333,23.4636363636364,11.9545454545455,17.7090909090909,19.1473487677371,16.985303030303,16.0469696969697,15.4433838383838,15.0078787878788,3.76363636363636,45.2636363636364
"432",294,19.92484375,19.8928125,24.1545454545455,12.9272727272727,18.5409090909091,19.1473487677371,17.0666666666667,16.1255303030303,15.4912626262626,15.0469318181818,0.663636363636364,42.8727272727273
"433",295,19.53034375,19.5360625,24.2454545454545,13.3636363636364,18.8045454545455,19.1473487677371,17.1537878787879,16.2164393939394,15.5437373737374,15.0875757575758,0.454545454545455,45.5636363636364
"434",296,18.2716458333333,18.2631770833333,23.6,12.3363636363636,17.9681818181818,19.1473487677371,17.2204545454545,16.2845454545455,15.5875757575758,15.1227651515151,0.2,44.4727272727273
"435",297,18.2484791666667,18.2330520833333,24.4909090909091,12.9181818181818,18.7045454545455,19.1473487677371,17.2901515151515,16.3478787878788,15.6360101010101,15.1689015151515,1.1,39.8181818181818
"436",298,19.79790625,19.76371875,24.0636363636364,12.8636363636364,18.4636363636364,19.1473487677371,17.3839393939394,16.4056060606061,15.6745454545455,15.2112121212121,0.218181818181818,44.7090909090909
"437",299,20.17609375,20.1661875,24.5909090909091,12.8545454545455,18.7227272727273,19.1473487677371,17.4854545454545,16.4602272727273,15.7150505050505,15.2582196969697,0.709090909090909,45.0909090909091
"438",300,18.53234375,18.5249270833333,24.3909090909091,12.4363636363636,18.4136363636364,19.1473487677371,17.5621212121212,16.4991666666667,15.7526262626263,15.3014393939394,2.53636363636364,41.9545454545455
"439",301,18.2745,18.26625,24.6,13,18.8,19.1473487677371,17.6243939393939,16.5600757575758,15.7922727272727,15.3442045454545,0.427272727272727,42.1181818181818
"440",302,18.0842708333333,18.0816041666667,23.4636363636364,13.1,18.2818181818182,19.1473487677371,17.6710606060606,16.6118939393939,15.8369696969697,15.3760606060606,0.1,46.1363636363636
"441",303,18.316875,18.3072604166667,24.9363636363636,13.1272727272727,19.0318181818182,19.1473487677371,17.7522727272727,16.6804545454545,15.8957070707071,15.4181060606061,0.163636363636364,42.5545454545455
"442",304,18.737125,18.71715625,24.4636363636364,12.5090909090909,18.4863636363636,19.1473487677371,17.789696969697,16.7393181818182,15.9604545454545,15.459053030303,1.95454545454545,39.9090909090909
"443",305,19.4406979166667,19.40946875,24.1545454545455,12.5818181818182,18.3681818181818,19.1473487677371,17.8310606060606,16.8113636363636,16.0209090909091,15.49875,0.427272727272727,42.3727272727273
"444",306,20.6933229166667,20.649,24.3363636363636,13.7818181818182,19.0590909090909,19.1473487677371,17.9143939393939,16.8971212121212,16.089797979798,15.5488636363636,4.02727272727273,46.7363636363636
"445",307,21.4299375,21.38471875,26.7363636363636,13.7363636363636,20.2363636363636,19.1473487677371,18.0475757575758,16.999696969697,16.164696969697,15.6051515151515,0.790909090909091,37.5181818181818
"446",308,22.6653645833333,22.6218645833333,26.1272727272727,14.0363636363636,20.0818181818182,19.1473487677371,18.1606060606061,17.0796212121212,16.2310606060606,15.6586363636364,0.981818181818182,41.4272727272727
"447",309,21.6834375,21.6638958333333,24.8545454545455,13.8363636363636,19.3454545454545,19.1473487677371,18.280303030303,17.1534848484848,16.2795454545455,15.7081060606061,0.227272727272727,43.2636363636364
"448",310,21.0252395833333,21.006375,25.9727272727273,13.6454545454545,19.8090909090909,19.1473487677371,18.3828787878788,17.2266666666667,16.3361616161616,15.7598106060606,0.0454545454545455,38.7818181818182
"449",311,20.7370625,20.7175208333333,25.6454545454545,14.4363636363636,20.0409090909091,19.1473487677371,18.4640909090909,17.2927272727273,16.4116666666667,15.8174242424242,0.281818181818182,39.5454545454545
"450",312,20.6792291666667,20.6465833333333,27.4636363636364,13.8545454545455,20.6590909090909,19.1473487677371,18.5648484848485,17.3578787878788,16.4973737373737,15.880946969697,0,33.3818181818182
"451",313,20.5513020833333,20.5440833333333,28.9727272727273,14.8454545454545,21.9090909090909,19.1473487677371,18.7269696969697,17.4512121212121,16.5834343434343,15.9489393939394,1.91818181818182,35.8272727272727
"452",314,19.56103125,19.5533333333333,25.4,14.8727272727273,20.1363636363636,19.1473487677371,18.850303030303,17.5209848484848,16.6425252525253,16,0.945454545454545,47.6636363636364
"453",315,19.9151354166667,19.8885833333333,25.6272727272727,12.9272727272727,19.2772727272727,19.1473487677371,18.9265151515152,17.5864393939394,16.6905050505051,16.0454166666667,2.00909090909091,40.9545454545455
"454",316,20.1710520833333,20.1650729166667,25.4727272727273,13.3909090909091,19.4318181818182,19.1473487677371,18.9662121212121,17.6623484848485,16.7454545454545,16.0879924242424,0.154545454545455,37.5454545454545
"455",317,20.5623958333333,20.5443645833333,26.9090909090909,13.8272727272727,20.3681818181818,19.1473487677371,19.0360606060606,17.7514393939394,16.8068181818182,16.1373863636364,0.109090909090909,35.8545454545455
"456",318,20.8823125,20.85475,29.8,14.6727272727273,22.2363636363636,19.1473487677371,19.1562121212121,17.8600757575758,16.8876767676768,16.2036363636364,0.654545454545455,30.8545454545455
"457",319,21.0998125,21.06646875,30.3636363636364,15.3636363636364,22.8636363636364,19.1473487677371,19.3186363636364,17.98,16.9774242424242,16.2715909090909,0.318181818181818,32.6454545454545
"458",320,20.7801041666667,20.7544270833333,31.4454545454545,16.1272727272727,23.7863636363636,19.1473487677371,19.5092424242424,18.1244696969697,17.0871717171717,16.3552272727273,1.10909090909091,27.6727272727273
"459",321,21.0612083333333,21.0412395833333,25.3363636363636,15.6636363636364,20.5,19.1473487677371,19.6069696969697,18.2138636363636,17.1561616161616,16.4149242424242,0.1,53.7545454545455
"460",322,21.22459375,21.1932604166667,24.2181818181818,14.6181818181818,19.4181818181818,19.1473487677371,19.6484848484848,18.2840151515151,17.2119696969697,16.4606060606061,2.99090909090909,44.6
"461",323,21.8256666666667,21.7933020833333,24.6363636363636,13.1,18.8681818181818,19.1473487677371,19.6871212121212,18.3362121212121,17.2603535353535,16.5043181818182,0.454545454545455,41.0272727272727
"462",324,22.32246875,22.2839791666667,25.5909090909091,12.8454545454545,19.2181818181818,19.1473487677371,19.709696969697,18.3881818181818,17.3202525252525,16.5458712121212,0.0454545454545455,38.0090909090909
"463",325,23.1347604166667,23.0919166666667,28.1909090909091,14.3,21.2454545454545,19.1473487677371,19.7910606060606,18.4724242424242,17.4079797979798,16.6055681818182,0.336363636363636,33.1363636363636
"464",326,24.5367916666667,24.47959375,28.6727272727273,16.1909090909091,22.4318181818182,19.1473487677371,19.9398484848485,18.5801515151515,17.5029797979798,16.6756439393939,0.454545454545455,32.1636363636364
"465",327,24.82721875,24.7765729166667,27.7636363636364,15.7636363636364,21.7636363636364,19.1473487677371,20.0418181818182,18.6659848484848,17.5791919191919,16.7374621212121,0.345454545454545,38.5909090909091
"466",328,23.7734,23.7602842105263,28.1272727272727,15.3545454545455,21.7409090909091,19.1473487677371,20.1510606060606,18.7675,17.6540909090909,16.7936742424242,0,35.2727272727273
"467",329,23.1419791666667,23.1024583333333,29.4090909090909,15.1,22.2545454545455,19.1473487677371,20.2687878787879,18.8771212121212,17.7297474747475,16.8534848484848,0.00909090909090909,32.1545454545455
"468",330,23.59403125,23.5683020833333,30.8727272727273,15.2818181818182,23.0772727272727,19.1473487677371,20.4242424242424,18.9931818181818,17.8075252525253,16.9205303030303,0,27.9272727272727
"469",331,22.7779583333333,22.7704791666667,29.1545454545455,16.4727272727273,22.8136363636364,19.1473487677371,20.5580303030303,19.0912121212121,17.8927272727273,16.9837121212121,0.609090909090909,35.4545454545455
"470",332,21.7825,21.7766875,27.2272727272727,16.3181818181818,21.7727272727273,19.1473487677371,20.6743939393939,19.1727272727273,17.9660606060606,17.0463257575758,0.2,41.5909090909091
"471",333,21.3844895833333,21.37734375,26.3545454545455,14.9363636363636,20.6454545454545,19.1473487677371,20.7281818181818,19.2402272727273,18.029696969697,17.1038257575758,0.2,40.4909090909091
"472",334,22.09696875,22.0753645833333,25.2909090909091,14.8545454545455,20.0727272727273,19.1473487677371,20.7810606060606,19.2853787878788,18.0865656565657,17.1656060606061,0.972727272727273,39.2090909090909
"473",335,22.79784375,22.7698541666667,26.1,14.9272727272727,20.5136363636364,19.1473487677371,20.8525757575758,19.3418181818182,18.1584343434343,17.2288257575758,0.772727272727273,40.2909090909091
"474",336,22.6599583333333,22.6477395833333,27.8727272727273,14.4454545454545,21.1590909090909,19.1473487677371,20.9225757575758,19.4184848484848,18.2389393939394,17.2979924242424,0.0454545454545455,34.6909090909091
"475",337,22.1212395833333,22.1057395833333,29.8727272727273,16.1363636363636,23.0045454545455,19.1473487677371,21.0148484848485,19.5312121212121,18.3380808080808,17.3772348484848,0,30.6727272727273
"476",338,22.0973020833333,22.08103125,27.4454545454545,16.1181818181818,21.7818181818182,19.1473487677371,21.0715151515152,19.6160606060606,18.4102525252525,17.4411742424242,0.445454545454545,42.1090909090909
"477",339,21.9899895833333,21.9749270833333,27.2,15.8272727272727,21.5136363636364,19.1473487677371,21.1437878787879,19.7120454545455,18.4835858585859,17.4956060606061,1.10909090909091,38.9636363636364
"478",340,22.277625,22.25975,27.8090909090909,15.8,21.8045454545455,19.1473487677371,21.210303030303,19.7965909090909,18.5545454545455,17.554696969697,0.918181818181818,37.7090909090909
"479",341,22.0227395833333,22.0197604166667,27.1363636363636,14.8636363636364,21,19.1473487677371,21.2422727272727,19.8531818181818,18.6092424242424,17.6193181818182,0.0727272727272727,41.1545454545455
"480",342,21.3466875,21.3424791666667,27.9,16.0090909090909,21.9545454545455,19.1473487677371,21.2854545454545,19.9251515151515,18.6670707070707,17.6943939393939,0.0636363636363636,37
"481",343,21.11846875,21.1069166666667,29.6636363636364,16.4363636363636,23.05,19.1473487677371,21.3234848484848,20.0252272727273,18.7419696969697,17.768446969697,0.00909090909090909,28.5909090909091
"482",344,21.7790208333333,21.7653541666667,30.5090909090909,15.3454545454545,22.9272727272727,19.1473487677371,21.4165151515152,20.1334090909091,18.819494949495,17.8360227272727,0,28.7272727272727
"483",345,22.4432083333333,22.4253854166667,32.1,17.1545454545455,24.6272727272727,19.1473487677371,21.5948484848485,20.2606818181818,18.9225757575758,17.9165909090909,0,27.1272727272727
"484",346,23.0030833333333,22.97971875,29.9818181818182,17.9727272727273,23.9772727272727,19.1473487677371,21.7463636363636,20.3562878787879,19.0236868686869,17.9956818181818,0.0181818181818182,38.3090909090909
"485",347,23.0766145833333,23.059125,29.3,16.9,23.1,19.1473487677371,21.8374242424242,20.4367424242424,19.1134343434343,18.0644696969697,0.518181818181818,35.1909090909091
"486",348,23.29484375,23.187,29.5181818181818,15.9363636363636,22.7272727272727,19.1473487677371,21.8537878787879,20.505,19.1913131313131,18.1292045454545,0.290909090909091,33.1272727272727
"487",349,23.1138020833333,23.00025,29.7727272727273,16.2454545454545,23.0090909090909,19.1473487677371,21.8586363636364,20.5886363636364,19.2728787878788,18.1977272727273,0.00909090909090909,34.1818181818182
"488",350,24.3626947368421,24.2379052631579,30.2363636363636,16.7181818181818,23.4772727272727,19.1473487677371,21.8483333333333,20.6787878787879,19.3657575757576,18.2774621212121,0,30.5363636363636
"489",351,25.4354791666667,25.32265625,27.8,16.6090909090909,22.2045454545455,19.1473487677371,21.9051515151515,20.7560606060606,19.4442929292929,18.3434090909091,0.372727272727273,38.8363636363636
"490",352,23.81171875,23.7153958333333,28.2272727272727,16.3909090909091,22.3090909090909,19.1473487677371,22.0015151515152,20.825,19.5231818181818,18.4093560606061,1.17272727272727,37
"491",353,24.20753125,24.111625,28.7363636363636,16.0181818181818,22.3772727272727,19.1473487677371,22.1184848484849,20.902803030303,19.5969696969697,18.4748863636364,0.472727272727273,34.4727272727273
"492",354,26.2846770833333,26.1601979166667,30.7090909090909,17.0181818181818,23.8636363636364,19.1473487677371,22.2733333333333,20.9915151515152,19.6832323232323,18.5585227272727,0.136363636363636,29.7181818181818
"493",355,28.0754166666667,27.971875,32.8909090909091,17.2272727272727,25.0590909090909,19.1473487677371,22.4004545454545,21.0957575757576,19.7817676767677,18.6560984848485,0,25.2727272727273
"494",356,27.2367604166667,27.1394895833333,33.2818181818182,18.6818181818182,25.9818181818182,19.1473487677371,22.5187878787879,21.2293181818182,19.8930303030303,18.7569318181818,0.0181818181818182,28.4
"495",357,25.77940625,25.6488229166667,32.9090909090909,18.0363636363636,25.4727272727273,19.1473487677371,22.6424242424242,21.3421212121212,19.9914646464646,18.845,0,29.5909090909091
"496",358,25.3830520833333,25.2843645833333,32.4,17.7181818181818,25.0590909090909,19.1473487677371,22.7530303030303,21.4520454545455,20.0960101010101,18.9288257575758,0,30.3
"497",359,26.1859270833333,26.0595104166667,33.1363636363636,18.1090909090909,25.6227272727273,19.1473487677371,22.865303030303,21.5670454545455,20.2065151515152,19.0136363636364,0,27.0181818181818
"498",360,24.6386770833333,24.53215625,30.8454545454545,17.7,24.2727272727273,19.1473487677371,22.9051515151515,21.664696969697,20.2971717171717,19.0819318181818,0,37.7727272727273
"499",361,23.1548229166667,23.0300104166667,30.2545454545455,17.9272727272727,24.0909090909091,19.1473487677371,22.9477272727273,21.7528787878788,20.3767171717172,19.1564772727273,0,34.9272727272727
"500",362,23.6221875,23.5039270833333,30.3,17.2272727272727,23.7636363636364,19.1473487677371,23.0140909090909,21.8442424242424,20.4531818181818,19.2280681818182,0.0272727272727273,30.0818181818182
"501",363,24.1361979166667,24.0182083333333,31.0545454545455,16.4,23.7272727272727,19.1473487677371,23.1168181818182,21.9225,20.5324242424242,19.3014772727273,0,30.1363636363636
"502",364,25.93675,25.8133333333333,31.4363636363636,17.0818181818182,24.2590909090909,19.1473487677371,23.2563636363636,22.0187121212121,20.6090404040404,19.3790151515152,0.00909090909090909,29.9090909090909
"503",365,26.9880416666667,26.8773958333333,29.2363636363636,17.9909090909091,23.6136363636364,19.1473487677371,23.359696969697,22.1061363636364,20.6811111111111,19.45875,0,38.5818181818182
