"lon","lat"
-69.7,-55.2
-68.7,-55.2
-67.7,-55.2
-67.2,-55.2
-70.7,-54.7
-70.2,-54.7
-69.7,-54.7
-69.2,-54.7
-68.7,-54.7
-68.2,-54.7
-67.7,-54.7
-67.2,-54.7
-66.7,-54.7
-66.2,-54.7
-65.7,-54.7
-65.2,-54.7
-36.2,-54.7
-71.7,-54.2
-71.2,-54.2
-70.7,-54.2
-69.2,-54.2
-68.7,-54.2
-68.2,-54.2
-67.7,-54.2
-67.2,-54.2
-37.2,-54.2
-36.7,-54.2
-73.2,-53.7
-72.7,-53.7
-71.7,-53.7
-71.2,-53.7
-69.7,-53.7
-69.2,-53.7
-68.7,-53.7
-68.2,-53.7
-72.7,-53.2
-71.2,-53.2
-70.2,-53.2
-69.7,-53.2
-69.2,-53.2
-68.7,-53.2
-73.2,-52.7
-72.2,-52.7
-71.7,-52.7
-71.2,-52.7
-70.7,-52.7
-69.7,-52.7
-69.2,-52.7
-68.7,-52.7
-74.7,-52.2
-74.2,-52.2
-73.7,-52.2
-73.2,-52.2
-72.7,-52.2
-72.2,-52.2
-71.7,-52.2
-71.2,-52.2
-70.7,-52.2
-70.2,-52.2
-69.7,-52.2
-69.2,-52.2
-68.7,-52.2
-59.7,-52.2
-73.7,-51.7
-73.2,-51.7
-72.7,-51.7
-72.2,-51.7
-71.7,-51.7
-71.2,-51.7
-70.7,-51.7
-70.2,-51.7
-69.7,-51.7
-69.2,-51.7
-60.2,-51.7
-59.7,-51.7
-58.7,-51.7
-58.2,-51.7
-74.2,-51.2
-73.7,-51.2
-73.2,-51.2
-72.7,-51.2
-72.2,-51.2
-71.7,-51.2
-71.2,-51.2
-70.7,-51.2
-70.2,-51.2
-69.7,-51.2
-69.2,-51.2
-74.7,-50.7
-73.7,-50.7
-73.2,-50.7
-72.7,-50.7
-72.2,-50.7
-71.7,-50.7
-71.2,-50.7
-70.7,-50.7
-70.2,-50.7
-69.7,-50.7
-69.2,-50.7
-75.2,-50.2
-74.2,-50.2
-73.7,-50.2
-73.2,-50.2
-72.7,-50.2
-72.2,-50.2
-71.7,-50.2
-71.2,-50.2
-70.7,-50.2
-70.2,-50.2
-69.7,-50.2
-69.2,-50.2
-68.7,-50.2
-75.2,-49.7
-74.7,-49.7
-74.2,-49.7
-73.7,-49.7
-73.2,-49.7
-72.7,-49.7
-72.2,-49.7
-71.7,-49.7
-71.2,-49.7
-70.7,-49.7
-70.2,-49.7
-69.7,-49.7
-69.2,-49.7
-68.7,-49.7
-68.2,-49.7
-74.7,-49.2
-74.2,-49.2
-73.7,-49.2
-73.2,-49.2
-72.7,-49.2
-72.2,-49.2
-71.7,-49.2
-71.2,-49.2
-70.7,-49.2
-70.2,-49.2
-69.7,-49.2
-69.2,-49.2
-68.7,-49.2
-68.2,-49.2
-67.7,-49.2
-74.2,-48.7
-73.7,-48.7
-73.2,-48.7
-72.7,-48.7
-72.2,-48.7
-71.7,-48.7
-71.2,-48.7
-70.7,-48.7
-70.2,-48.7
-69.7,-48.7
-69.2,-48.7
-68.7,-48.7
-68.2,-48.7
-67.7,-48.7
-67.2,-48.7
-74.2,-48.2
-73.7,-48.2
-73.2,-48.2
-72.7,-48.2
-72.2,-48.2
-71.7,-48.2
-71.2,-48.2
-70.7,-48.2
-70.2,-48.2
-69.7,-48.2
-69.2,-48.2
-68.7,-48.2
-68.2,-48.2
-67.7,-48.2
-67.2,-48.2
-66.7,-48.2
-66.2,-48.2
-74.2,-47.7
-73.2,-47.7
-72.7,-47.7
-72.2,-47.7
-71.7,-47.7
-71.2,-47.7
-70.7,-47.7
-70.2,-47.7
-69.7,-47.7
-69.2,-47.7
-68.7,-47.7
-68.2,-47.7
-67.7,-47.7
-67.2,-47.7
-66.7,-47.7
-66.2,-47.7
-73.7,-47.2
-73.2,-47.2
-72.7,-47.2
-72.2,-47.2
-71.7,-47.2
-71.2,-47.2
-70.7,-47.2
-70.2,-47.2
-69.7,-47.2
-69.2,-47.2
-68.7,-47.2
-68.2,-47.2
-67.7,-47.2
-67.2,-47.2
-66.7,-47.2
-66.2,-47.2
-75.7,-46.7
-74.7,-46.7
-74.2,-46.7
-73.7,-46.7
-73.2,-46.7
-72.7,-46.7
-72.2,-46.7
-71.7,-46.7
-71.2,-46.7
-70.7,-46.7
-70.2,-46.7
-69.7,-46.7
-69.2,-46.7
-68.7,-46.7
-68.2,-46.7
-67.7,-46.7
-67.2,-46.7
-74.7,-46.2
-73.2,-46.2
-72.7,-46.2
-72.2,-46.2
-71.7,-46.2
-71.2,-46.2
-70.7,-46.2
-70.2,-46.2
-69.7,-46.2
-69.2,-46.2
-68.7,-46.2
-68.2,-46.2
-67.7,-46.2
-73.7,-45.7
-73.2,-45.7
-72.7,-45.7
-72.2,-45.7
-71.7,-45.7
-71.2,-45.7
-70.7,-45.7
-70.2,-45.7
-69.7,-45.7
-69.2,-45.7
-68.7,-45.7
-68.2,-45.7
-67.7,-45.7
-73.2,-45.2
-72.7,-45.2
-72.2,-45.2
-71.7,-45.2
-71.2,-45.2
-70.7,-45.2
-70.2,-45.2
-69.7,-45.2
-69.2,-45.2
-68.7,-45.2
-68.2,-45.2
-67.7,-45.2
-67.2,-45.2
-66.7,-45.2
-74.2,-44.7
-73.7,-44.7
-73.2,-44.7
-72.7,-44.7
-72.2,-44.7
-71.7,-44.7
-71.2,-44.7
-70.7,-44.7
-70.2,-44.7
-69.7,-44.7
-69.2,-44.7
-68.7,-44.7
-68.2,-44.7
-67.7,-44.7
-67.2,-44.7
-66.7,-44.7
-66.2,-44.7
-65.7,-44.7
-73.2,-44.2
-72.7,-44.2
-72.2,-44.2
-71.7,-44.2
-71.2,-44.2
-70.7,-44.2
-70.2,-44.2
-69.7,-44.2
-69.2,-44.2
-68.7,-44.2
-68.2,-44.2
-67.7,-44.2
-67.2,-44.2
-66.7,-44.2
-66.2,-44.2
-65.7,-44.2
-72.7,-43.7
-72.2,-43.7
-71.7,-43.7
-71.2,-43.7
-70.7,-43.7
-70.2,-43.7
-69.7,-43.7
-69.2,-43.7
-68.7,-43.7
-68.2,-43.7
-67.7,-43.7
-67.2,-43.7
-66.7,-43.7
-66.2,-43.7
-65.7,-43.7
-74.2,-43.2
-72.7,-43.2
-72.2,-43.2
-71.7,-43.2
-71.2,-43.2
-70.7,-43.2
-70.2,-43.2
-69.7,-43.2
-69.2,-43.2
-68.7,-43.2
-68.2,-43.2
-67.7,-43.2
-67.2,-43.2
-66.7,-43.2
-66.2,-43.2
-65.7,-43.2
-65.2,-43.2
-73.7,-42.7
-72.7,-42.7
-72.2,-42.7
-71.7,-42.7
-71.2,-42.7
-70.7,-42.7
-70.2,-42.7
-69.7,-42.7
-69.2,-42.7
-68.7,-42.7
-68.2,-42.7
-67.7,-42.7
-67.2,-42.7
-66.7,-42.7
-66.2,-42.7
-65.7,-42.7
-65.2,-42.7
-64.2,-42.7
-63.7,-42.7
-73.7,-42.2
-72.2,-42.2
-71.7,-42.2
-71.2,-42.2
-70.7,-42.2
-70.2,-42.2
-69.7,-42.2
-69.2,-42.2
-68.7,-42.2
-68.2,-42.2
-67.7,-42.2
-67.2,-42.2
-66.7,-42.2
-66.2,-42.2
-65.7,-42.2
-65.2,-42.2
-63.7,-42.2
-73.7,-41.7
-73.2,-41.7
-72.2,-41.7
-71.7,-41.7
-71.2,-41.7
-70.7,-41.7
-70.2,-41.7
-69.7,-41.7
-69.2,-41.7
-68.7,-41.7
-68.2,-41.7
-67.7,-41.7
-67.2,-41.7
-66.7,-41.7
-66.2,-41.7
-65.7,-41.7
-65.2,-41.7
-73.7,-41.2
-73.2,-41.2
-72.7,-41.2
-72.2,-41.2
-71.7,-41.2
-71.2,-41.2
-70.7,-41.2
-70.2,-41.2
-69.7,-41.2
-69.2,-41.2
-68.7,-41.2
-68.2,-41.2
-67.7,-41.2
-67.2,-41.2
-66.7,-41.2
-66.2,-41.2
-65.7,-41.2
-65.2,-41.2
-73.7,-40.7
-73.2,-40.7
-72.7,-40.7
-72.2,-40.7
-71.7,-40.7
-71.2,-40.7
-70.7,-40.7
-70.2,-40.7
-69.7,-40.7
-69.2,-40.7
-68.7,-40.7
-68.2,-40.7
-67.7,-40.7
-67.2,-40.7
-66.7,-40.7
-66.2,-40.7
-65.7,-40.7
-65.2,-40.7
-64.7,-40.7
-64.2,-40.7
-63.7,-40.7
-63.2,-40.7
-62.7,-40.7
-73.7,-40.2
-73.2,-40.2
-72.7,-40.2
-72.2,-40.2
-71.7,-40.2
-71.2,-40.2
-70.7,-40.2
-70.2,-40.2
-69.7,-40.2
-69.2,-40.2
-68.7,-40.2
-68.2,-40.2
-67.7,-40.2
-67.2,-40.2
-66.7,-40.2
-66.2,-40.2
-65.7,-40.2
-65.2,-40.2
-64.7,-40.2
-64.2,-40.2
-63.7,-40.2
-63.2,-40.2
-62.7,-40.2
-73.2,-39.7
-72.7,-39.7
-72.2,-39.7
-71.7,-39.7
-71.2,-39.7
-70.7,-39.7
-70.2,-39.7
-69.7,-39.7
-69.2,-39.7
-68.7,-39.7
-68.2,-39.7
-67.7,-39.7
-67.2,-39.7
-66.7,-39.7
-66.2,-39.7
-65.7,-39.7
-65.2,-39.7
-64.7,-39.7
-64.2,-39.7
-63.7,-39.7
-63.2,-39.7
-62.7,-39.7
-62.2,-39.7
-73.2,-39.2
-72.7,-39.2
-72.2,-39.2
-71.7,-39.2
-71.2,-39.2
-70.7,-39.2
-70.2,-39.2
-69.7,-39.2
-69.2,-39.2
-68.7,-39.2
-68.2,-39.2
-67.7,-39.2
-67.2,-39.2
-66.7,-39.2
-66.2,-39.2
-65.7,-39.2
-65.2,-39.2
-64.7,-39.2
-64.2,-39.2
-63.7,-39.2
-63.2,-39.2
-62.7,-39.2
-73.2,-38.7
-72.7,-38.7
-72.2,-38.7
-71.7,-38.7
-71.2,-38.7
-70.7,-38.7
-70.2,-38.7
-69.7,-38.7
-69.2,-38.7
-68.7,-38.7
-68.2,-38.7
-67.7,-38.7
-67.2,-38.7
-66.7,-38.7
-66.2,-38.7
-65.7,-38.7
-65.2,-38.7
-64.7,-38.7
-64.2,-38.7
-63.7,-38.7
-63.2,-38.7
-62.7,-38.7
-62.2,-38.7
-61.7,-38.7
-61.2,-38.7
-60.7,-38.7
-60.2,-38.7
-59.7,-38.7
-59.2,-38.7
-73.2,-38.2
-72.7,-38.2
-72.2,-38.2
-71.7,-38.2
-71.2,-38.2
-70.7,-38.2
-70.2,-38.2
-69.7,-38.2
-69.2,-38.2
-68.7,-38.2
-68.2,-38.2
-67.7,-38.2
-67.2,-38.2
-66.7,-38.2
-66.2,-38.2
-65.7,-38.2
-65.2,-38.2
-64.7,-38.2
-64.2,-38.2
-63.7,-38.2
-63.2,-38.2
-62.7,-38.2
-62.2,-38.2
-61.7,-38.2
-61.2,-38.2
-60.7,-38.2
-60.2,-38.2
-59.7,-38.2
-59.2,-38.2
-58.7,-38.2
-58.2,-38.2
-73.2,-37.7
-72.7,-37.7
-72.2,-37.7
-71.7,-37.7
-71.2,-37.7
-70.7,-37.7
-70.2,-37.7
-69.7,-37.7
-69.2,-37.7
-68.7,-37.7
-68.2,-37.7
-67.7,-37.7
-67.2,-37.7
-66.7,-37.7
-66.2,-37.7
-65.7,-37.7
-65.2,-37.7
-64.7,-37.7
-64.2,-37.7
-63.7,-37.7
-63.2,-37.7
-62.7,-37.7
-62.2,-37.7
-61.7,-37.7
-61.2,-37.7
-60.7,-37.7
-60.2,-37.7
-59.7,-37.7
-59.2,-37.7
-58.7,-37.7
-58.2,-37.7
-57.7,-37.7
-73.2,-37.2
-72.7,-37.2
-72.2,-37.2
-71.7,-37.2
-71.2,-37.2
-70.7,-37.2
-70.2,-37.2
-69.7,-37.2
-69.2,-37.2
-68.7,-37.2
-68.2,-37.2
-67.7,-37.2
-67.2,-37.2
-66.7,-37.2
-66.2,-37.2
-65.7,-37.2
-65.2,-37.2
-64.7,-37.2
-64.2,-37.2
-63.7,-37.2
-63.2,-37.2
-62.7,-37.2
-62.2,-37.2
-61.7,-37.2
-61.2,-37.2
-60.7,-37.2
-60.2,-37.2
-59.7,-37.2
-59.2,-37.2
-58.7,-37.2
-58.2,-37.2
-57.7,-37.2
-57.2,-37.2
-72.7,-36.7
-72.2,-36.7
-71.7,-36.7
-71.2,-36.7
-70.7,-36.7
-70.2,-36.7
-69.7,-36.7
-69.2,-36.7
-68.7,-36.7
-68.2,-36.7
-67.7,-36.7
-67.2,-36.7
-66.7,-36.7
-66.2,-36.7
-65.7,-36.7
-65.2,-36.7
-64.7,-36.7
-64.2,-36.7
-63.7,-36.7
-63.2,-36.7
-62.7,-36.7
-62.2,-36.7
-61.7,-36.7
-61.2,-36.7
-60.7,-36.7
-60.2,-36.7
-59.7,-36.7
-59.2,-36.7
-58.7,-36.7
-58.2,-36.7
-57.7,-36.7
-57.2,-36.7
-56.7,-36.7
-72.7,-36.2
-72.2,-36.2
-71.7,-36.2
-71.2,-36.2
-70.7,-36.2
-70.2,-36.2
-69.7,-36.2
-69.2,-36.2
-68.7,-36.2
-68.2,-36.2
-67.7,-36.2
-67.2,-36.2
-66.7,-36.2
-66.2,-36.2
-65.7,-36.2
-65.2,-36.2
-64.7,-36.2
-64.2,-36.2
-63.7,-36.2
-63.2,-36.2
-62.7,-36.2
-62.2,-36.2
-61.7,-36.2
-61.2,-36.2
-60.7,-36.2
-60.2,-36.2
-59.7,-36.2
-59.2,-36.2
-58.7,-36.2
-58.2,-36.2
-57.7,-36.2
-57.2,-36.2
-72.2,-35.7
-71.7,-35.7
-71.2,-35.7
-70.7,-35.7
-70.2,-35.7
-69.7,-35.7
-69.2,-35.7
-68.7,-35.7
-68.2,-35.7
-67.7,-35.7
-67.2,-35.7
-66.7,-35.7
-66.2,-35.7
-65.7,-35.7
-65.2,-35.7
-64.7,-35.7
-64.2,-35.7
-63.7,-35.7
-63.2,-35.7
-62.7,-35.7
-62.2,-35.7
-61.7,-35.7
-61.2,-35.7
-60.7,-35.7
-60.2,-35.7
-59.7,-35.7
-59.2,-35.7
-58.7,-35.7
-58.2,-35.7
-57.7,-35.7
-72.2,-35.2
-71.7,-35.2
-71.2,-35.2
-70.7,-35.2
-70.2,-35.2
-69.7,-35.2
-69.2,-35.2
-68.7,-35.2
-68.2,-35.2
-67.7,-35.2
-67.2,-35.2
-66.7,-35.2
-66.2,-35.2
-65.7,-35.2
-65.2,-35.2
-64.7,-35.2
-64.2,-35.2
-63.7,-35.2
-63.2,-35.2
-62.7,-35.2
-62.2,-35.2
-61.7,-35.2
-61.2,-35.2
-60.7,-35.2
-60.2,-35.2
-59.7,-35.2
-59.2,-35.2
-58.7,-35.2
-58.2,-35.2
-57.7,-35.2
-71.7,-34.7
-71.2,-34.7
-70.7,-34.7
-70.2,-34.7
-69.7,-34.7
-69.2,-34.7
-68.7,-34.7
-68.2,-34.7
-67.7,-34.7
-67.2,-34.7
-66.7,-34.7
-66.2,-34.7
-65.7,-34.7
-65.2,-34.7
-64.7,-34.7
-64.2,-34.7
-63.7,-34.7
-63.2,-34.7
-62.7,-34.7
-62.2,-34.7
-61.7,-34.7
-61.2,-34.7
-60.7,-34.7
-60.2,-34.7
-59.7,-34.7
-59.2,-34.7
-58.7,-34.7
-56.7,-34.7
-56.2,-34.7
-55.7,-34.7
-55.2,-34.7
-54.7,-34.7
-71.7,-34.2
-71.2,-34.2
-70.7,-34.2
-70.2,-34.2
-69.7,-34.2
-69.2,-34.2
-68.7,-34.2
-68.2,-34.2
-67.7,-34.2
-67.2,-34.2
-66.7,-34.2
-66.2,-34.2
-65.7,-34.2
-65.2,-34.2
-64.7,-34.2
-64.2,-34.2
-63.7,-34.2
-63.2,-34.2
-62.7,-34.2
-62.2,-34.2
-61.7,-34.2
-61.2,-34.2
-60.7,-34.2
-60.2,-34.2
-59.7,-34.2
-59.2,-34.2
-58.7,-34.2
-57.7,-34.2
-57.2,-34.2
-56.7,-34.2
-56.2,-34.2
-55.7,-34.2
-55.2,-34.2
-54.7,-34.2
-54.2,-34.2
-53.7,-34.2
-71.7,-33.7
-71.2,-33.7
-70.7,-33.7
-70.2,-33.7
-69.7,-33.7
-69.2,-33.7
-68.7,-33.7
-68.2,-33.7
-67.7,-33.7
-67.2,-33.7
-66.7,-33.7
-66.2,-33.7
-65.7,-33.7
-65.2,-33.7
-64.7,-33.7
-64.2,-33.7
-63.7,-33.7
-63.2,-33.7
-62.7,-33.7
-62.2,-33.7
-61.7,-33.7
-61.2,-33.7
-60.7,-33.7
-60.2,-33.7
-59.7,-33.7
-59.2,-33.7
-58.7,-33.7
-58.2,-33.7
-57.7,-33.7
-57.2,-33.7
-56.7,-33.7
-56.2,-33.7
-55.7,-33.7
-55.2,-33.7
-54.7,-33.7
-54.2,-33.7
-53.7,-33.7
-71.7,-33.2
-71.2,-33.2
-70.7,-33.2
-70.2,-33.2
-69.7,-33.2
-69.2,-33.2
-68.7,-33.2
-68.2,-33.2
-67.7,-33.2
-67.2,-33.2
-66.7,-33.2
-66.2,-33.2
-65.7,-33.2
-65.2,-33.2
-64.7,-33.2
-64.2,-33.2
-63.7,-33.2
-63.2,-33.2
-62.7,-33.2
-62.2,-33.2
-61.7,-33.2
-61.2,-33.2
-60.7,-33.2
-60.2,-33.2
-59.7,-33.2
-59.2,-33.2
-58.7,-33.2
-58.2,-33.2
-57.7,-33.2
-57.2,-33.2
-56.7,-33.2
-56.2,-33.2
-55.7,-33.2
-55.2,-33.2
-54.7,-33.2
-54.2,-33.2
-53.7,-33.2
-53.2,-33.2
-71.2,-32.7
-70.7,-32.7
-70.2,-32.7
-69.7,-32.7
-69.2,-32.7
-68.7,-32.7
-68.2,-32.7
-67.7,-32.7
-67.2,-32.7
-66.7,-32.7
-66.2,-32.7
-65.7,-32.7
-65.2,-32.7
-64.7,-32.7
-64.2,-32.7
-63.7,-32.7
-63.2,-32.7
-62.7,-32.7
-62.2,-32.7
-61.7,-32.7
-61.2,-32.7
-60.7,-32.7
-60.2,-32.7
-59.7,-32.7
-59.2,-32.7
-58.7,-32.7
-57.7,-32.7
-57.2,-32.7
-56.7,-32.7
-56.2,-32.7
-55.7,-32.7
-55.2,-32.7
-54.7,-32.7
-54.2,-32.7
-53.7,-32.7
-53.2,-32.7
-52.7,-32.7
-71.2,-32.2
-70.7,-32.2
-70.2,-32.2
-69.7,-32.2
-69.2,-32.2
-68.7,-32.2
-68.2,-32.2
-67.7,-32.2
-67.2,-32.2
-66.7,-32.2
-66.2,-32.2
-65.7,-32.2
-65.2,-32.2
-64.7,-32.2
-64.2,-32.2
-63.7,-32.2
-63.2,-32.2
-62.7,-32.2
-62.2,-32.2
-61.7,-32.2
-61.2,-32.2
-60.7,-32.2
-60.2,-32.2
-59.7,-32.2
-59.2,-32.2
-58.7,-32.2
-58.2,-32.2
-57.7,-32.2
-57.2,-32.2
-56.7,-32.2
-56.2,-32.2
-55.7,-32.2
-55.2,-32.2
-54.7,-32.2
-54.2,-32.2
-53.7,-32.2
-53.2,-32.2
-52.7,-32.2
-52.2,-32.2
-71.2,-31.7
-70.7,-31.7
-70.2,-31.7
-69.7,-31.7
-69.2,-31.7
-68.7,-31.7
-68.2,-31.7
-67.7,-31.7
-67.2,-31.7
-66.7,-31.7
-66.2,-31.7
-65.7,-31.7
-65.2,-31.7
-64.7,-31.7
-64.2,-31.7
-63.7,-31.7
-63.2,-31.7
-62.7,-31.7
-62.2,-31.7
-61.7,-31.7
-61.2,-31.7
-60.7,-31.7
-60.2,-31.7
-59.7,-31.7
-59.2,-31.7
-58.7,-31.7
-58.2,-31.7
-57.7,-31.7
-57.2,-31.7
-56.7,-31.7
-56.2,-31.7
-55.7,-31.7
-55.2,-31.7
-54.7,-31.7
-54.2,-31.7
-53.7,-31.7
-53.2,-31.7
-52.7,-31.7
-52.2,-31.7
-71.2,-31.2
-70.7,-31.2
-70.2,-31.2
-69.7,-31.2
-69.2,-31.2
-68.7,-31.2
-68.2,-31.2
-67.7,-31.2
-67.2,-31.2
-66.7,-31.2
-66.2,-31.2
-65.7,-31.2
-65.2,-31.2
-64.7,-31.2
-64.2,-31.2
-63.7,-31.2
-63.2,-31.2
-62.7,-31.2
-62.2,-31.2
-61.7,-31.2
-61.2,-31.2
-60.7,-31.2
-60.2,-31.2
-59.7,-31.2
-59.2,-31.2
-58.7,-31.2
-58.2,-31.2
-57.7,-31.2
-57.2,-31.2
-56.7,-31.2
-56.2,-31.2
-55.7,-31.2
-55.2,-31.2
-54.7,-31.2
-54.2,-31.2
-53.7,-31.2
-53.2,-31.2
-52.7,-31.2
-52.2,-31.2
-51.7,-31.2
-71.7,-30.7
-71.2,-30.7
-70.7,-30.7
-70.2,-30.7
-69.7,-30.7
-69.2,-30.7
-68.7,-30.7
-68.2,-30.7
-67.7,-30.7
-67.2,-30.7
-66.7,-30.7
-66.2,-30.7
-65.7,-30.7
-65.2,-30.7
-64.7,-30.7
-64.2,-30.7
-63.7,-30.7
-63.2,-30.7
-62.7,-30.7
-62.2,-30.7
-61.7,-30.7
-61.2,-30.7
-60.7,-30.7
-60.2,-30.7
-59.7,-30.7
-59.2,-30.7
-58.7,-30.7
-58.2,-30.7
-57.7,-30.7
-57.2,-30.7
-56.7,-30.7
-56.2,-30.7
-55.7,-30.7
-55.2,-30.7
-54.7,-30.7
-54.2,-30.7
-53.7,-30.7
-53.2,-30.7
-52.7,-30.7
-52.2,-30.7
-51.7,-30.7
-71.2,-30.2
-70.7,-30.2
-70.2,-30.2
-69.7,-30.2
-69.2,-30.2
-68.7,-30.2
-68.2,-30.2
-67.7,-30.2
-67.2,-30.2
-66.7,-30.2
-66.2,-30.2
-65.7,-30.2
-65.2,-30.2
-64.7,-30.2
-64.2,-30.2
-63.7,-30.2
-63.2,-30.2
-62.7,-30.2
-62.2,-30.2
-61.7,-30.2
-61.2,-30.2
-60.7,-30.2
-60.2,-30.2
-59.7,-30.2
-59.2,-30.2
-58.7,-30.2
-58.2,-30.2
-57.7,-30.2
-57.2,-30.2
-56.7,-30.2
-56.2,-30.2
-55.7,-30.2
-55.2,-30.2
-54.7,-30.2
-54.2,-30.2
-53.7,-30.2
-53.2,-30.2
-52.7,-30.2
-52.2,-30.2
-51.7,-30.2
-50.7,-30.2
-71.2,-29.7
-70.7,-29.7
-70.2,-29.7
-69.7,-29.7
-69.2,-29.7
-68.7,-29.7
-68.2,-29.7
-67.7,-29.7
-67.2,-29.7
-66.7,-29.7
-66.2,-29.7
-65.7,-29.7
-65.2,-29.7
-64.7,-29.7
-64.2,-29.7
-63.7,-29.7
-63.2,-29.7
-62.7,-29.7
-62.2,-29.7
-61.7,-29.7
-61.2,-29.7
-60.7,-29.7
-60.2,-29.7
-59.7,-29.7
-59.2,-29.7
-58.7,-29.7
-58.2,-29.7
-57.7,-29.7
-57.2,-29.7
-56.7,-29.7
-56.2,-29.7
-55.7,-29.7
-55.2,-29.7
-54.7,-29.7
-54.2,-29.7
-53.7,-29.7
-53.2,-29.7
-52.7,-29.7
-52.2,-29.7
-51.7,-29.7
-51.2,-29.7
-50.7,-29.7
-50.2,-29.7
-71.2,-29.2
-70.7,-29.2
-70.2,-29.2
-69.7,-29.2
-69.2,-29.2
-68.7,-29.2
-68.2,-29.2
-67.7,-29.2
-67.2,-29.2
-66.7,-29.2
-66.2,-29.2
-65.7,-29.2
-65.2,-29.2
-64.7,-29.2
-64.2,-29.2
-63.7,-29.2
-63.2,-29.2
-62.7,-29.2
-62.2,-29.2
-61.7,-29.2
-61.2,-29.2
-60.7,-29.2
-60.2,-29.2
-59.7,-29.2
-59.2,-29.2
-58.7,-29.2
-58.2,-29.2
-57.7,-29.2
-57.2,-29.2
-56.7,-29.2
-56.2,-29.2
-55.7,-29.2
-55.2,-29.2
-54.7,-29.2
-54.2,-29.2
-53.7,-29.2
-53.2,-29.2
-52.7,-29.2
-52.2,-29.2
-51.7,-29.2
-51.2,-29.2
-50.7,-29.2
-50.2,-29.2
-49.7,-29.2
-71.2,-28.7
-70.7,-28.7
-70.2,-28.7
-69.7,-28.7
-69.2,-28.7
-68.7,-28.7
-68.2,-28.7
-67.7,-28.7
-67.2,-28.7
-66.7,-28.7
-66.2,-28.7
-65.7,-28.7
-65.2,-28.7
-64.7,-28.7
-64.2,-28.7
-63.7,-28.7
-63.2,-28.7
-62.7,-28.7
-62.2,-28.7
-61.7,-28.7
-61.2,-28.7
-60.7,-28.7
-60.2,-28.7
-59.7,-28.7
-59.2,-28.7
-58.7,-28.7
-58.2,-28.7
-57.7,-28.7
-57.2,-28.7
-56.7,-28.7
-56.2,-28.7
-55.7,-28.7
-55.2,-28.7
-54.7,-28.7
-54.2,-28.7
-53.7,-28.7
-53.2,-28.7
-52.7,-28.7
-52.2,-28.7
-51.7,-28.7
-51.2,-28.7
-50.7,-28.7
-50.2,-28.7
-49.7,-28.7
-49.2,-28.7
-70.7,-28.2
-70.2,-28.2
-69.7,-28.2
-69.2,-28.2
-68.7,-28.2
-68.2,-28.2
-67.7,-28.2
-67.2,-28.2
-66.7,-28.2
-66.2,-28.2
-65.7,-28.2
-65.2,-28.2
-64.7,-28.2
-64.2,-28.2
-63.7,-28.2
-63.2,-28.2
-62.7,-28.2
-62.2,-28.2
-61.7,-28.2
-61.2,-28.2
-60.7,-28.2
-60.2,-28.2
-59.7,-28.2
-59.2,-28.2
-58.7,-28.2
-58.2,-28.2
-57.7,-28.2
-57.2,-28.2
-56.7,-28.2
-56.2,-28.2
-55.7,-28.2
-55.2,-28.2
-54.7,-28.2
-54.2,-28.2
-53.7,-28.2
-53.2,-28.2
-52.7,-28.2
-52.2,-28.2
-51.7,-28.2
-51.2,-28.2
-50.7,-28.2
-50.2,-28.2
-49.7,-28.2
-49.2,-28.2
-48.7,-28.2
-70.7,-27.7
-70.2,-27.7
-69.7,-27.7
-69.2,-27.7
-68.7,-27.7
-68.2,-27.7
-67.7,-27.7
-67.2,-27.7
-66.7,-27.7
-66.2,-27.7
-65.7,-27.7
-65.2,-27.7
-64.7,-27.7
-64.2,-27.7
-63.7,-27.7
-63.2,-27.7
-62.7,-27.7
-62.2,-27.7
-61.7,-27.7
-61.2,-27.7
-60.7,-27.7
-60.2,-27.7
-59.7,-27.7
-59.2,-27.7
-58.7,-27.7
-58.2,-27.7
-57.7,-27.7
-57.2,-27.7
-56.7,-27.7
-56.2,-27.7
-55.7,-27.7
-55.2,-27.7
-54.7,-27.7
-54.2,-27.7
-53.7,-27.7
-53.2,-27.7
-52.7,-27.7
-52.2,-27.7
-51.7,-27.7
-51.2,-27.7
-50.7,-27.7
-50.2,-27.7
-49.7,-27.7
-49.2,-27.7
-48.7,-27.7
-70.7,-27.2
-70.2,-27.2
-69.7,-27.2
-69.2,-27.2
-68.7,-27.2
-68.2,-27.2
-67.7,-27.2
-67.2,-27.2
-66.7,-27.2
-66.2,-27.2
-65.7,-27.2
-65.2,-27.2
-64.7,-27.2
-64.2,-27.2
-63.7,-27.2
-63.2,-27.2
-62.7,-27.2
-62.2,-27.2
-61.7,-27.2
-61.2,-27.2
-60.7,-27.2
-60.2,-27.2
-59.7,-27.2
-59.2,-27.2
-58.7,-27.2
-58.2,-27.2
-57.7,-27.2
-57.2,-27.2
-56.7,-27.2
-56.2,-27.2
-55.7,-27.2
-55.2,-27.2
-54.7,-27.2
-54.2,-27.2
-53.7,-27.2
-53.2,-27.2
-52.7,-27.2
-52.2,-27.2
-51.7,-27.2
-51.2,-27.2
-50.7,-27.2
-50.2,-27.2
-49.7,-27.2
-49.2,-27.2
-48.7,-27.2
-70.7,-26.7
-70.2,-26.7
-69.7,-26.7
-69.2,-26.7
-68.7,-26.7
-68.2,-26.7
-67.7,-26.7
-67.2,-26.7
-66.7,-26.7
-66.2,-26.7
-65.7,-26.7
-65.2,-26.7
-64.7,-26.7
-64.2,-26.7
-63.7,-26.7
-63.2,-26.7
-62.7,-26.7
-62.2,-26.7
-61.7,-26.7
-61.2,-26.7
-60.7,-26.7
-60.2,-26.7
-59.7,-26.7
-59.2,-26.7
-58.7,-26.7
-58.2,-26.7
-57.7,-26.7
-57.2,-26.7
-56.7,-26.7
-56.2,-26.7
-55.7,-26.7
-55.2,-26.7
-54.7,-26.7
-54.2,-26.7
-53.7,-26.7
-53.2,-26.7
-52.7,-26.7
-52.2,-26.7
-51.7,-26.7
-51.2,-26.7
-50.7,-26.7
-50.2,-26.7
-49.7,-26.7
-49.2,-26.7
-48.7,-26.7
-70.2,-26.2
-69.7,-26.2
-69.2,-26.2
-68.7,-26.2
-68.2,-26.2
-67.7,-26.2
-67.2,-26.2
-66.7,-26.2
-66.2,-26.2
-65.7,-26.2
-65.2,-26.2
-64.7,-26.2
-64.2,-26.2
-63.7,-26.2
-63.2,-26.2
-62.7,-26.2
-62.2,-26.2
-61.7,-26.2
-61.2,-26.2
-60.7,-26.2
-60.2,-26.2
-59.7,-26.2
-59.2,-26.2
-58.7,-26.2
-58.2,-26.2
-57.7,-26.2
-57.2,-26.2
-56.7,-26.2
-56.2,-26.2
-55.7,-26.2
-55.2,-26.2
-54.7,-26.2
-54.2,-26.2
-53.7,-26.2
-53.2,-26.2
-52.7,-26.2
-52.2,-26.2
-51.7,-26.2
-51.2,-26.2
-50.7,-26.2
-50.2,-26.2
-49.7,-26.2
-49.2,-26.2
-48.7,-26.2
-70.2,-25.7
-69.7,-25.7
-69.2,-25.7
-68.7,-25.7
-68.2,-25.7
-67.7,-25.7
-67.2,-25.7
-66.7,-25.7
-66.2,-25.7
-65.7,-25.7
-65.2,-25.7
-64.7,-25.7
-64.2,-25.7
-63.7,-25.7
-63.2,-25.7
-62.7,-25.7
-62.2,-25.7
-61.7,-25.7
-61.2,-25.7
-60.7,-25.7
-60.2,-25.7
-59.7,-25.7
-59.2,-25.7
-58.7,-25.7
-58.2,-25.7
-57.7,-25.7
-57.2,-25.7
-56.7,-25.7
-56.2,-25.7
-55.7,-25.7
-55.2,-25.7
-54.7,-25.7
-54.2,-25.7
-53.7,-25.7
-53.2,-25.7
-52.7,-25.7
-52.2,-25.7
-51.7,-25.7
-51.2,-25.7
-50.7,-25.7
-50.2,-25.7
-49.7,-25.7
-49.2,-25.7
-48.7,-25.7
-70.2,-25.2
-69.7,-25.2
-69.2,-25.2
-68.7,-25.2
-68.2,-25.2
-67.7,-25.2
-67.2,-25.2
-66.7,-25.2
-66.2,-25.2
-65.7,-25.2
-65.2,-25.2
-64.7,-25.2
-64.2,-25.2
-63.7,-25.2
-63.2,-25.2
-62.7,-25.2
-62.2,-25.2
-61.7,-25.2
-61.2,-25.2
-60.7,-25.2
-60.2,-25.2
-59.7,-25.2
-59.2,-25.2
-58.7,-25.2
-58.2,-25.2
-57.7,-25.2
-57.2,-25.2
-56.7,-25.2
-56.2,-25.2
-55.7,-25.2
-55.2,-25.2
-54.7,-25.2
-54.2,-25.2
-53.7,-25.2
-53.2,-25.2
-52.7,-25.2
-52.2,-25.2
-51.7,-25.2
-51.2,-25.2
-50.7,-25.2
-50.2,-25.2
-49.7,-25.2
-49.2,-25.2
-48.7,-25.2
-48.2,-25.2
-70.2,-24.7
-69.7,-24.7
-69.2,-24.7
-68.7,-24.7
-68.2,-24.7
-67.7,-24.7
-67.2,-24.7
-66.7,-24.7
-66.2,-24.7
-65.7,-24.7
-65.2,-24.7
-64.7,-24.7
-64.2,-24.7
-63.7,-24.7
-63.2,-24.7
-62.7,-24.7
-62.2,-24.7
-61.7,-24.7
-61.2,-24.7
-60.7,-24.7
-60.2,-24.7
-59.7,-24.7
-59.2,-24.7
-58.7,-24.7
-58.2,-24.7
-57.7,-24.7
-57.2,-24.7
-56.7,-24.7
-56.2,-24.7
-55.7,-24.7
-55.2,-24.7
-54.7,-24.7
-54.2,-24.7
-53.7,-24.7
-53.2,-24.7
-52.7,-24.7
-52.2,-24.7
-51.7,-24.7
-51.2,-24.7
-50.7,-24.7
-50.2,-24.7
-49.7,-24.7
-49.2,-24.7
-48.7,-24.7
-48.2,-24.7
-47.7,-24.7
-70.2,-24.2
-69.7,-24.2
-69.2,-24.2
-68.7,-24.2
-68.2,-24.2
-67.7,-24.2
-67.2,-24.2
-66.7,-24.2
-66.2,-24.2
-65.7,-24.2
-65.2,-24.2
-64.7,-24.2
-64.2,-24.2
-63.7,-24.2
-63.2,-24.2
-62.7,-24.2
-62.2,-24.2
-61.7,-24.2
-61.2,-24.2
-60.7,-24.2
-60.2,-24.2
-59.7,-24.2
-59.2,-24.2
-58.7,-24.2
-58.2,-24.2
-57.7,-24.2
-57.2,-24.2
-56.7,-24.2
-56.2,-24.2
-55.7,-24.2
-55.2,-24.2
-54.7,-24.2
-54.2,-24.2
-53.7,-24.2
-53.2,-24.2
-52.7,-24.2
-52.2,-24.2
-51.7,-24.2
-51.2,-24.2
-50.7,-24.2
-50.2,-24.2
-49.7,-24.2
-49.2,-24.2
-48.7,-24.2
-48.2,-24.2
-47.7,-24.2
-47.2,-24.2
-70.2,-23.7
-69.7,-23.7
-69.2,-23.7
-68.7,-23.7
-68.2,-23.7
-67.7,-23.7
-67.2,-23.7
-66.7,-23.7
-66.2,-23.7
-65.7,-23.7
-65.2,-23.7
-64.7,-23.7
-64.2,-23.7
-63.7,-23.7
-63.2,-23.7
-62.7,-23.7
-62.2,-23.7
-61.7,-23.7
-61.2,-23.7
-60.7,-23.7
-60.2,-23.7
-59.7,-23.7
-59.2,-23.7
-58.7,-23.7
-58.2,-23.7
-57.7,-23.7
-57.2,-23.7
-56.7,-23.7
-56.2,-23.7
-55.7,-23.7
-55.2,-23.7
-54.7,-23.7
-54.2,-23.7
-53.7,-23.7
-53.2,-23.7
-52.7,-23.7
-52.2,-23.7
-51.7,-23.7
-51.2,-23.7
-50.7,-23.7
-50.2,-23.7
-49.7,-23.7
-49.2,-23.7
-48.7,-23.7
-48.2,-23.7
-47.7,-23.7
-47.2,-23.7
-46.7,-23.7
-46.2,-23.7
-45.7,-23.7
-70.2,-23.2
-69.7,-23.2
-69.2,-23.2
-68.7,-23.2
-68.2,-23.2
-67.7,-23.2
-67.2,-23.2
-66.7,-23.2
-66.2,-23.2
-65.7,-23.2
-65.2,-23.2
-64.7,-23.2
-64.2,-23.2
-63.7,-23.2
-63.2,-23.2
-62.7,-23.2
-62.2,-23.2
-61.7,-23.2
-61.2,-23.2
-60.7,-23.2
-60.2,-23.2
-59.7,-23.2
-59.2,-23.2
-58.7,-23.2
-58.2,-23.2
-57.7,-23.2
-57.2,-23.2
-56.7,-23.2
-56.2,-23.2
-55.7,-23.2
-55.2,-23.2
-54.7,-23.2
-54.2,-23.2
-53.7,-23.2
-53.2,-23.2
-52.7,-23.2
-52.2,-23.2
-51.7,-23.2
-51.2,-23.2
-50.7,-23.2
-50.2,-23.2
-49.7,-23.2
-49.2,-23.2
-48.7,-23.2
-48.2,-23.2
-47.7,-23.2
-47.2,-23.2
-46.7,-23.2
-46.2,-23.2
-45.7,-23.2
-45.2,-23.2
-44.7,-23.2
-70.2,-22.7
-69.7,-22.7
-69.2,-22.7
-68.7,-22.7
-68.2,-22.7
-67.7,-22.7
-67.2,-22.7
-66.7,-22.7
-66.2,-22.7
-65.7,-22.7
-65.2,-22.7
-64.7,-22.7
-64.2,-22.7
-63.7,-22.7
-63.2,-22.7
-62.7,-22.7
-62.2,-22.7
-61.7,-22.7
-61.2,-22.7
-60.7,-22.7
-60.2,-22.7
-59.7,-22.7
-59.2,-22.7
-58.7,-22.7
-58.2,-22.7
-57.7,-22.7
-57.2,-22.7
-56.7,-22.7
-56.2,-22.7
-55.7,-22.7
-55.2,-22.7
-54.7,-22.7
-54.2,-22.7
-53.7,-22.7
-53.2,-22.7
-52.7,-22.7
-52.2,-22.7
-51.7,-22.7
-51.2,-22.7
-50.7,-22.7
-50.2,-22.7
-49.7,-22.7
-49.2,-22.7
-48.7,-22.7
-48.2,-22.7
-47.7,-22.7
-47.2,-22.7
-46.7,-22.7
-46.2,-22.7
-45.7,-22.7
-45.2,-22.7
-44.7,-22.7
-44.2,-22.7
-43.7,-22.7
-43.2,-22.7
-42.7,-22.7
-42.2,-22.7
-70.2,-22.2
-69.7,-22.2
-69.2,-22.2
-68.7,-22.2
-68.2,-22.2
-67.7,-22.2
-67.2,-22.2
-66.7,-22.2
-66.2,-22.2
-65.7,-22.2
-65.2,-22.2
-64.7,-22.2
-64.2,-22.2
-63.7,-22.2
-63.2,-22.2
-62.7,-22.2
-62.2,-22.2
-61.7,-22.2
-61.2,-22.2
-60.7,-22.2
-60.2,-22.2
-59.7,-22.2
-59.2,-22.2
-58.7,-22.2
-58.2,-22.2
-57.7,-22.2
-57.2,-22.2
-56.7,-22.2
-56.2,-22.2
-55.7,-22.2
-55.2,-22.2
-54.7,-22.2
-54.2,-22.2
-53.7,-22.2
-53.2,-22.2
-52.7,-22.2
-52.2,-22.2
-51.7,-22.2
-51.2,-22.2
-50.7,-22.2
-50.2,-22.2
-49.7,-22.2
-49.2,-22.2
-48.7,-22.2
-48.2,-22.2
-47.7,-22.2
-47.2,-22.2
-46.7,-22.2
-46.2,-22.2
-45.7,-22.2
-45.2,-22.2
-44.7,-22.2
-44.2,-22.2
-43.7,-22.2
-43.2,-22.2
-42.7,-22.2
-42.2,-22.2
-41.7,-22.2
-69.7,-21.7
-69.2,-21.7
-68.7,-21.7
-68.2,-21.7
-67.7,-21.7
-67.2,-21.7
-66.7,-21.7
-66.2,-21.7
-65.7,-21.7
-65.2,-21.7
-64.7,-21.7
-64.2,-21.7
-63.7,-21.7
-63.2,-21.7
-62.7,-21.7
-62.2,-21.7
-61.7,-21.7
-61.2,-21.7
-60.7,-21.7
-60.2,-21.7
-59.7,-21.7
-59.2,-21.7
-58.7,-21.7
-58.2,-21.7
-57.7,-21.7
-57.2,-21.7
-56.7,-21.7
-56.2,-21.7
-55.7,-21.7
-55.2,-21.7
-54.7,-21.7
-54.2,-21.7
-53.7,-21.7
-53.2,-21.7
-52.7,-21.7
-52.2,-21.7
-51.7,-21.7
-51.2,-21.7
-50.7,-21.7
-50.2,-21.7
-49.7,-21.7
-49.2,-21.7
-48.7,-21.7
-48.2,-21.7
-47.7,-21.7
-47.2,-21.7
-46.7,-21.7
-46.2,-21.7
-45.7,-21.7
-45.2,-21.7
-44.7,-21.7
-44.2,-21.7
-43.7,-21.7
-43.2,-21.7
-42.7,-21.7
-42.2,-21.7
-41.7,-21.7
-41.2,-21.7
-69.7,-21.2
-69.2,-21.2
-68.7,-21.2
-68.2,-21.2
-67.7,-21.2
-67.2,-21.2
-66.7,-21.2
-66.2,-21.2
-65.7,-21.2
-65.2,-21.2
-64.7,-21.2
-64.2,-21.2
-63.7,-21.2
-63.2,-21.2
-62.7,-21.2
-62.2,-21.2
-61.7,-21.2
-61.2,-21.2
-60.7,-21.2
-60.2,-21.2
-59.7,-21.2
-59.2,-21.2
-58.7,-21.2
-58.2,-21.2
-57.7,-21.2
-57.2,-21.2
-56.7,-21.2
-56.2,-21.2
-55.7,-21.2
-55.2,-21.2
-54.7,-21.2
-54.2,-21.2
-53.7,-21.2
-53.2,-21.2
-52.7,-21.2
-52.2,-21.2
-51.7,-21.2
-51.2,-21.2
-50.7,-21.2
-50.2,-21.2
-49.7,-21.2
-49.2,-21.2
-48.7,-21.2
-48.2,-21.2
-47.7,-21.2
-47.2,-21.2
-46.7,-21.2
-46.2,-21.2
-45.7,-21.2
-45.2,-21.2
-44.7,-21.2
-44.2,-21.2
-43.7,-21.2
-43.2,-21.2
-42.7,-21.2
-42.2,-21.2
-41.7,-21.2
-41.2,-21.2
-69.7,-20.7
-69.2,-20.7
-68.7,-20.7
-68.2,-20.7
-67.7,-20.7
-67.2,-20.7
-66.7,-20.7
-66.2,-20.7
-65.7,-20.7
-65.2,-20.7
-64.7,-20.7
-64.2,-20.7
-63.7,-20.7
-63.2,-20.7
-62.7,-20.7
-62.2,-20.7
-61.7,-20.7
-61.2,-20.7
-60.7,-20.7
-60.2,-20.7
-59.7,-20.7
-59.2,-20.7
-58.7,-20.7
-58.2,-20.7
-57.7,-20.7
-57.2,-20.7
-56.7,-20.7
-56.2,-20.7
-55.7,-20.7
-55.2,-20.7
-54.7,-20.7
-54.2,-20.7
-53.7,-20.7
-53.2,-20.7
-52.7,-20.7
-52.2,-20.7
-51.7,-20.7
-51.2,-20.7
-50.7,-20.7
-50.2,-20.7
-49.7,-20.7
-49.2,-20.7
-48.7,-20.7
-48.2,-20.7
-47.7,-20.7
-47.2,-20.7
-46.7,-20.7
-46.2,-20.7
-45.7,-20.7
-45.2,-20.7
-44.7,-20.7
-44.2,-20.7
-43.7,-20.7
-43.2,-20.7
-42.7,-20.7
-42.2,-20.7
-41.7,-20.7
-41.2,-20.7
-40.7,-20.7
-69.7,-20.2
-69.2,-20.2
-68.7,-20.2
-68.2,-20.2
-67.7,-20.2
-67.2,-20.2
-66.7,-20.2
-66.2,-20.2
-65.7,-20.2
-65.2,-20.2
-64.7,-20.2
-64.2,-20.2
-63.7,-20.2
-63.2,-20.2
-62.7,-20.2
-62.2,-20.2
-61.7,-20.2
-61.2,-20.2
-60.7,-20.2
-60.2,-20.2
-59.7,-20.2
-59.2,-20.2
-58.7,-20.2
-58.2,-20.2
-57.7,-20.2
-57.2,-20.2
-56.7,-20.2
-56.2,-20.2
-55.7,-20.2
-55.2,-20.2
-54.7,-20.2
-54.2,-20.2
-53.7,-20.2
-53.2,-20.2
-52.7,-20.2
-52.2,-20.2
-51.7,-20.2
-51.2,-20.2
-50.7,-20.2
-50.2,-20.2
-49.7,-20.2
-49.2,-20.2
-48.7,-20.2
-48.2,-20.2
-47.7,-20.2
-47.2,-20.2
-46.7,-20.2
-46.2,-20.2
-45.7,-20.2
-45.2,-20.2
-44.7,-20.2
-44.2,-20.2
-43.7,-20.2
-43.2,-20.2
-42.7,-20.2
-42.2,-20.2
-41.7,-20.2
-41.2,-20.2
-40.7,-20.2
-69.7,-19.7
-69.2,-19.7
-68.7,-19.7
-68.2,-19.7
-67.7,-19.7
-67.2,-19.7
-66.7,-19.7
-66.2,-19.7
-65.7,-19.7
-65.2,-19.7
-64.7,-19.7
-64.2,-19.7
-63.7,-19.7
-63.2,-19.7
-62.7,-19.7
-62.2,-19.7
-61.7,-19.7
-61.2,-19.7
-60.7,-19.7
-60.2,-19.7
-59.7,-19.7
-59.2,-19.7
-58.7,-19.7
-58.2,-19.7
-57.7,-19.7
-57.2,-19.7
-56.7,-19.7
-56.2,-19.7
-55.7,-19.7
-55.2,-19.7
-54.7,-19.7
-54.2,-19.7
-53.7,-19.7
-53.2,-19.7
-52.7,-19.7
-52.2,-19.7
-51.7,-19.7
-51.2,-19.7
-50.7,-19.7
-50.2,-19.7
-49.7,-19.7
-49.2,-19.7
-48.7,-19.7
-48.2,-19.7
-47.7,-19.7
-47.2,-19.7
-46.7,-19.7
-46.2,-19.7
-45.7,-19.7
-45.2,-19.7
-44.7,-19.7
-44.2,-19.7
-43.7,-19.7
-43.2,-19.7
-42.7,-19.7
-42.2,-19.7
-41.7,-19.7
-41.2,-19.7
-40.7,-19.7
-40.2,-19.7
-70.2,-19.2
-69.7,-19.2
-69.2,-19.2
-68.7,-19.2
-68.2,-19.2
-67.7,-19.2
-67.2,-19.2
-66.7,-19.2
-66.2,-19.2
-65.7,-19.2
-65.2,-19.2
-64.7,-19.2
-64.2,-19.2
-63.7,-19.2
-63.2,-19.2
-62.7,-19.2
-62.2,-19.2
-61.7,-19.2
-61.2,-19.2
-60.7,-19.2
-60.2,-19.2
-59.7,-19.2
-59.2,-19.2
-58.7,-19.2
-58.2,-19.2
-57.7,-19.2
-57.2,-19.2
-56.7,-19.2
-56.2,-19.2
-55.7,-19.2
-55.2,-19.2
-54.7,-19.2
-54.2,-19.2
-53.7,-19.2
-53.2,-19.2
-52.7,-19.2
-52.2,-19.2
-51.7,-19.2
-51.2,-19.2
-50.7,-19.2
-50.2,-19.2
-49.7,-19.2
-49.2,-19.2
-48.7,-19.2
-48.2,-19.2
-47.7,-19.2
-47.2,-19.2
-46.7,-19.2
-46.2,-19.2
-45.7,-19.2
-45.2,-19.2
-44.7,-19.2
-44.2,-19.2
-43.7,-19.2
-43.2,-19.2
-42.7,-19.2
-42.2,-19.2
-41.7,-19.2
-41.2,-19.2
-40.7,-19.2
-40.2,-19.2
-70.2,-18.7
-69.7,-18.7
-69.2,-18.7
-68.7,-18.7
-68.2,-18.7
-67.7,-18.7
-67.2,-18.7
-66.7,-18.7
-66.2,-18.7
-65.7,-18.7
-65.2,-18.7
-64.7,-18.7
-64.2,-18.7
-63.7,-18.7
-63.2,-18.7
-62.7,-18.7
-62.2,-18.7
-61.7,-18.7
-61.2,-18.7
-60.7,-18.7
-60.2,-18.7
-59.7,-18.7
-59.2,-18.7
-58.7,-18.7
-58.2,-18.7
-57.7,-18.7
-57.2,-18.7
-56.7,-18.7
-56.2,-18.7
-55.7,-18.7
-55.2,-18.7
-54.7,-18.7
-54.2,-18.7
-53.7,-18.7
-53.2,-18.7
-52.7,-18.7
-52.2,-18.7
-51.7,-18.7
-51.2,-18.7
-50.7,-18.7
-50.2,-18.7
-49.7,-18.7
-49.2,-18.7
-48.7,-18.7
-48.2,-18.7
-47.7,-18.7
-47.2,-18.7
-46.7,-18.7
-46.2,-18.7
-45.7,-18.7
-45.2,-18.7
-44.7,-18.7
-44.2,-18.7
-43.7,-18.7
-43.2,-18.7
-42.7,-18.7
-42.2,-18.7
-41.7,-18.7
-41.2,-18.7
-40.7,-18.7
-40.2,-18.7
-70.2,-18.2
-69.7,-18.2
-69.2,-18.2
-68.7,-18.2
-68.2,-18.2
-67.7,-18.2
-67.2,-18.2
-66.7,-18.2
-66.2,-18.2
-65.7,-18.2
-65.2,-18.2
-64.7,-18.2
-64.2,-18.2
-63.7,-18.2
-63.2,-18.2
-62.7,-18.2
-62.2,-18.2
-61.7,-18.2
-61.2,-18.2
-60.7,-18.2
-60.2,-18.2
-59.7,-18.2
-59.2,-18.2
-58.7,-18.2
-58.2,-18.2
-57.7,-18.2
-57.2,-18.2
-56.7,-18.2
-56.2,-18.2
-55.7,-18.2
-55.2,-18.2
-54.7,-18.2
-54.2,-18.2
-53.7,-18.2
-53.2,-18.2
-52.7,-18.2
-52.2,-18.2
-51.7,-18.2
-51.2,-18.2
-50.7,-18.2
-50.2,-18.2
-49.7,-18.2
-49.2,-18.2
-48.7,-18.2
-48.2,-18.2
-47.7,-18.2
-47.2,-18.2
-46.7,-18.2
-46.2,-18.2
-45.7,-18.2
-45.2,-18.2
-44.7,-18.2
-44.2,-18.2
-43.7,-18.2
-43.2,-18.2
-42.7,-18.2
-42.2,-18.2
-41.7,-18.2
-41.2,-18.2
-40.7,-18.2
-40.2,-18.2
-39.7,-18.2
-71.2,-17.7
-70.7,-17.7
-70.2,-17.7
-69.7,-17.7
-69.2,-17.7
-68.7,-17.7
-68.2,-17.7
-67.7,-17.7
-67.2,-17.7
-66.7,-17.7
-66.2,-17.7
-65.7,-17.7
-65.2,-17.7
-64.7,-17.7
-64.2,-17.7
-63.7,-17.7
-63.2,-17.7
-62.7,-17.7
-62.2,-17.7
-61.7,-17.7
-61.2,-17.7
-60.7,-17.7
-60.2,-17.7
-59.7,-17.7
-59.2,-17.7
-58.7,-17.7
-58.2,-17.7
-57.7,-17.7
-57.2,-17.7
-56.7,-17.7
-56.2,-17.7
-55.7,-17.7
-55.2,-17.7
-54.7,-17.7
-54.2,-17.7
-53.7,-17.7
-53.2,-17.7
-52.7,-17.7
-52.2,-17.7
-51.7,-17.7
-51.2,-17.7
-50.7,-17.7
-50.2,-17.7
-49.7,-17.7
-49.2,-17.7
-48.7,-17.7
-48.2,-17.7
-47.7,-17.7
-47.2,-17.7
-46.7,-17.7
-46.2,-17.7
-45.7,-17.7
-45.2,-17.7
-44.7,-17.7
-44.2,-17.7
-43.7,-17.7
-43.2,-17.7
-42.7,-17.7
-42.2,-17.7
-41.7,-17.7
-41.2,-17.7
-40.7,-17.7
-40.2,-17.7
-39.7,-17.7
-39.2,-17.7
-71.7,-17.2
-71.2,-17.2
-70.7,-17.2
-70.2,-17.2
-69.7,-17.2
-69.2,-17.2
-68.7,-17.2
-68.2,-17.2
-67.7,-17.2
-67.2,-17.2
-66.7,-17.2
-66.2,-17.2
-65.7,-17.2
-65.2,-17.2
-64.7,-17.2
-64.2,-17.2
-63.7,-17.2
-63.2,-17.2
-62.7,-17.2
-62.2,-17.2
-61.7,-17.2
-61.2,-17.2
-60.7,-17.2
-60.2,-17.2
-59.7,-17.2
-59.2,-17.2
-58.7,-17.2
-58.2,-17.2
-57.7,-17.2
-57.2,-17.2
-56.7,-17.2
-56.2,-17.2
-55.7,-17.2
-55.2,-17.2
-54.7,-17.2
-54.2,-17.2
-53.7,-17.2
-53.2,-17.2
-52.7,-17.2
-52.2,-17.2
-51.7,-17.2
-51.2,-17.2
-50.7,-17.2
-50.2,-17.2
-49.7,-17.2
-49.2,-17.2
-48.7,-17.2
-48.2,-17.2
-47.7,-17.2
-47.2,-17.2
-46.7,-17.2
-46.2,-17.2
-45.7,-17.2
-45.2,-17.2
-44.7,-17.2
-44.2,-17.2
-43.7,-17.2
-43.2,-17.2
-42.7,-17.2
-42.2,-17.2
-41.7,-17.2
-41.2,-17.2
-40.7,-17.2
-40.2,-17.2
-39.7,-17.2
-72.2,-16.7
-71.7,-16.7
-71.2,-16.7
-70.7,-16.7
-70.2,-16.7
-69.7,-16.7
-69.2,-16.7
-68.7,-16.7
-68.2,-16.7
-67.7,-16.7
-67.2,-16.7
-66.7,-16.7
-66.2,-16.7
-65.7,-16.7
-65.2,-16.7
-64.7,-16.7
-64.2,-16.7
-63.7,-16.7
-63.2,-16.7
-62.7,-16.7
-62.2,-16.7
-61.7,-16.7
-61.2,-16.7
-60.7,-16.7
-60.2,-16.7
-59.7,-16.7
-59.2,-16.7
-58.7,-16.7
-58.2,-16.7
-57.7,-16.7
-57.2,-16.7
-56.7,-16.7
-56.2,-16.7
-55.7,-16.7
-55.2,-16.7
-54.7,-16.7
-54.2,-16.7
-53.7,-16.7
-53.2,-16.7
-52.7,-16.7
-52.2,-16.7
-51.7,-16.7
-51.2,-16.7
-50.7,-16.7
-50.2,-16.7
-49.7,-16.7
-49.2,-16.7
-48.7,-16.7
-48.2,-16.7
-47.7,-16.7
-47.2,-16.7
-46.7,-16.7
-46.2,-16.7
-45.7,-16.7
-45.2,-16.7
-44.7,-16.7
-44.2,-16.7
-43.7,-16.7
-43.2,-16.7
-42.7,-16.7
-42.2,-16.7
-41.7,-16.7
-41.2,-16.7
-40.7,-16.7
-40.2,-16.7
-39.7,-16.7
-39.2,-16.7
-73.7,-16.2
-73.2,-16.2
-72.7,-16.2
-72.2,-16.2
-71.7,-16.2
-71.2,-16.2
-70.7,-16.2
-70.2,-16.2
-69.7,-16.2
-69.2,-16.2
-68.7,-16.2
-68.2,-16.2
-67.7,-16.2
-67.2,-16.2
-66.7,-16.2
-66.2,-16.2
-65.7,-16.2
-65.2,-16.2
-64.7,-16.2
-64.2,-16.2
-63.7,-16.2
-63.2,-16.2
-62.7,-16.2
-62.2,-16.2
-61.7,-16.2
-61.2,-16.2
-60.7,-16.2
-60.2,-16.2
-59.7,-16.2
-59.2,-16.2
-58.7,-16.2
-58.2,-16.2
-57.7,-16.2
-57.2,-16.2
-56.7,-16.2
-56.2,-16.2
-55.7,-16.2
-55.2,-16.2
-54.7,-16.2
-54.2,-16.2
-53.7,-16.2
-53.2,-16.2
-52.7,-16.2
-52.2,-16.2
-51.7,-16.2
-51.2,-16.2
-50.7,-16.2
-50.2,-16.2
-49.7,-16.2
-49.2,-16.2
-48.7,-16.2
-48.2,-16.2
-47.7,-16.2
-47.2,-16.2
-46.7,-16.2
-46.2,-16.2
-45.7,-16.2
-45.2,-16.2
-44.7,-16.2
-44.2,-16.2
-43.7,-16.2
-43.2,-16.2
-42.7,-16.2
-42.2,-16.2
-41.7,-16.2
-41.2,-16.2
-40.7,-16.2
-40.2,-16.2
-39.7,-16.2
-39.2,-16.2
-74.2,-15.7
-73.7,-15.7
-73.2,-15.7
-72.7,-15.7
-72.2,-15.7
-71.7,-15.7
-71.2,-15.7
-70.7,-15.7
-70.2,-15.7
-69.7,-15.7
-69.2,-15.7
-68.7,-15.7
-68.2,-15.7
-67.7,-15.7
-67.2,-15.7
-66.7,-15.7
-66.2,-15.7
-65.7,-15.7
-65.2,-15.7
-64.7,-15.7
-64.2,-15.7
-63.7,-15.7
-63.2,-15.7
-62.7,-15.7
-62.2,-15.7
-61.7,-15.7
-61.2,-15.7
-60.7,-15.7
-60.2,-15.7
-59.7,-15.7
-59.2,-15.7
-58.7,-15.7
-58.2,-15.7
-57.7,-15.7
-57.2,-15.7
-56.7,-15.7
-56.2,-15.7
-55.7,-15.7
-55.2,-15.7
-54.7,-15.7
-54.2,-15.7
-53.7,-15.7
-53.2,-15.7
-52.7,-15.7
-52.2,-15.7
-51.7,-15.7
-51.2,-15.7
-50.7,-15.7
-50.2,-15.7
-49.7,-15.7
-49.2,-15.7
-48.7,-15.7
-48.2,-15.7
-47.7,-15.7
-47.2,-15.7
-46.7,-15.7
-46.2,-15.7
-45.7,-15.7
-45.2,-15.7
-44.7,-15.7
-44.2,-15.7
-43.7,-15.7
-43.2,-15.7
-42.7,-15.7
-42.2,-15.7
-41.7,-15.7
-41.2,-15.7
-40.7,-15.7
-40.2,-15.7
-39.7,-15.7
-39.2,-15.7
-75.2,-15.2
-74.7,-15.2
-74.2,-15.2
-73.7,-15.2
-73.2,-15.2
-72.7,-15.2
-72.2,-15.2
-71.7,-15.2
-71.2,-15.2
-70.7,-15.2
-70.2,-15.2
-69.7,-15.2
-69.2,-15.2
-68.7,-15.2
-68.2,-15.2
-67.7,-15.2
-67.2,-15.2
-66.7,-15.2
-66.2,-15.2
-65.7,-15.2
-65.2,-15.2
-64.7,-15.2
-64.2,-15.2
-63.7,-15.2
-63.2,-15.2
-62.7,-15.2
-62.2,-15.2
-61.7,-15.2
-61.2,-15.2
-60.7,-15.2
-60.2,-15.2
-59.7,-15.2
-59.2,-15.2
-58.7,-15.2
-58.2,-15.2
-57.7,-15.2
-57.2,-15.2
-56.7,-15.2
-56.2,-15.2
-55.7,-15.2
-55.2,-15.2
-54.7,-15.2
-54.2,-15.2
-53.7,-15.2
-53.2,-15.2
-52.7,-15.2
-52.2,-15.2
-51.7,-15.2
-51.2,-15.2
-50.7,-15.2
-50.2,-15.2
-49.7,-15.2
-49.2,-15.2
-48.7,-15.2
-48.2,-15.2
-47.7,-15.2
-47.2,-15.2
-46.7,-15.2
-46.2,-15.2
-45.7,-15.2
-45.2,-15.2
-44.7,-15.2
-44.2,-15.2
-43.7,-15.2
-43.2,-15.2
-42.7,-15.2
-42.2,-15.2
-41.7,-15.2
-41.2,-15.2
-40.7,-15.2
-40.2,-15.2
-39.7,-15.2
-39.2,-15.2
-75.7,-14.7
-75.2,-14.7
-74.7,-14.7
-74.2,-14.7
-73.7,-14.7
-73.2,-14.7
-72.7,-14.7
-72.2,-14.7
-71.7,-14.7
-71.2,-14.7
-70.7,-14.7
-70.2,-14.7
-69.7,-14.7
-69.2,-14.7
-68.7,-14.7
-68.2,-14.7
-67.7,-14.7
-67.2,-14.7
-66.7,-14.7
-66.2,-14.7
-65.7,-14.7
-65.2,-14.7
-64.7,-14.7
-64.2,-14.7
-63.7,-14.7
-63.2,-14.7
-62.7,-14.7
-62.2,-14.7
-61.7,-14.7
-61.2,-14.7
-60.7,-14.7
-60.2,-14.7
-59.7,-14.7
-59.2,-14.7
-58.7,-14.7
-58.2,-14.7
-57.7,-14.7
-57.2,-14.7
-56.7,-14.7
-56.2,-14.7
-55.7,-14.7
-55.2,-14.7
-54.7,-14.7
-54.2,-14.7
-53.7,-14.7
-53.2,-14.7
-52.7,-14.7
-52.2,-14.7
-51.7,-14.7
-51.2,-14.7
-50.7,-14.7
-50.2,-14.7
-49.7,-14.7
-49.2,-14.7
-48.7,-14.7
-48.2,-14.7
-47.7,-14.7
-47.2,-14.7
-46.7,-14.7
-46.2,-14.7
-45.7,-14.7
-45.2,-14.7
-44.7,-14.7
-44.2,-14.7
-43.7,-14.7
-43.2,-14.7
-42.7,-14.7
-42.2,-14.7
-41.7,-14.7
-41.2,-14.7
-40.7,-14.7
-40.2,-14.7
-39.7,-14.7
-39.2,-14.7
-76.2,-14.2
-75.7,-14.2
-75.2,-14.2
-74.7,-14.2
-74.2,-14.2
-73.7,-14.2
-73.2,-14.2
-72.7,-14.2
-72.2,-14.2
-71.7,-14.2
-71.2,-14.2
-70.7,-14.2
-70.2,-14.2
-69.7,-14.2
-69.2,-14.2
-68.7,-14.2
-68.2,-14.2
-67.7,-14.2
-67.2,-14.2
-66.7,-14.2
-66.2,-14.2
-65.7,-14.2
-65.2,-14.2
-64.7,-14.2
-64.2,-14.2
-63.7,-14.2
-63.2,-14.2
-62.7,-14.2
-62.2,-14.2
-61.7,-14.2
-61.2,-14.2
-60.7,-14.2
-60.2,-14.2
-59.7,-14.2
-59.2,-14.2
-58.7,-14.2
-58.2,-14.2
-57.7,-14.2
-57.2,-14.2
-56.7,-14.2
-56.2,-14.2
-55.7,-14.2
-55.2,-14.2
-54.7,-14.2
-54.2,-14.2
-53.7,-14.2
-53.2,-14.2
-52.7,-14.2
-52.2,-14.2
-51.7,-14.2
-51.2,-14.2
-50.7,-14.2
-50.2,-14.2
-49.7,-14.2
-49.2,-14.2
-48.7,-14.2
-48.2,-14.2
-47.7,-14.2
-47.2,-14.2
-46.7,-14.2
-46.2,-14.2
-45.7,-14.2
-45.2,-14.2
-44.7,-14.2
-44.2,-14.2
-43.7,-14.2
-43.2,-14.2
-42.7,-14.2
-42.2,-14.2
-41.7,-14.2
-41.2,-14.2
-40.7,-14.2
-40.2,-14.2
-39.7,-14.2
-39.2,-14.2
-76.2,-13.7
-75.7,-13.7
-75.2,-13.7
-74.7,-13.7
-74.2,-13.7
-73.7,-13.7
-73.2,-13.7
-72.7,-13.7
-72.2,-13.7
-71.7,-13.7
-71.2,-13.7
-70.7,-13.7
-70.2,-13.7
-69.7,-13.7
-69.2,-13.7
-68.7,-13.7
-68.2,-13.7
-67.7,-13.7
-67.2,-13.7
-66.7,-13.7
-66.2,-13.7
-65.7,-13.7
-65.2,-13.7
-64.7,-13.7
-64.2,-13.7
-63.7,-13.7
-63.2,-13.7
-62.7,-13.7
-62.2,-13.7
-61.7,-13.7
-61.2,-13.7
-60.7,-13.7
-60.2,-13.7
-59.7,-13.7
-59.2,-13.7
-58.7,-13.7
-58.2,-13.7
-57.7,-13.7
-57.2,-13.7
-56.7,-13.7
-56.2,-13.7
-55.7,-13.7
-55.2,-13.7
-54.7,-13.7
-54.2,-13.7
-53.7,-13.7
-53.2,-13.7
-52.7,-13.7
-52.2,-13.7
-51.7,-13.7
-51.2,-13.7
-50.7,-13.7
-50.2,-13.7
-49.7,-13.7
-49.2,-13.7
-48.7,-13.7
-48.2,-13.7
-47.7,-13.7
-47.2,-13.7
-46.7,-13.7
-46.2,-13.7
-45.7,-13.7
-45.2,-13.7
-44.7,-13.7
-44.2,-13.7
-43.7,-13.7
-43.2,-13.7
-42.7,-13.7
-42.2,-13.7
-41.7,-13.7
-41.2,-13.7
-40.7,-13.7
-40.2,-13.7
-39.7,-13.7
-39.2,-13.7
-76.2,-13.2
-75.7,-13.2
-75.2,-13.2
-74.7,-13.2
-74.2,-13.2
-73.7,-13.2
-73.2,-13.2
-72.7,-13.2
-72.2,-13.2
-71.7,-13.2
-71.2,-13.2
-70.7,-13.2
-70.2,-13.2
-69.7,-13.2
-69.2,-13.2
-68.7,-13.2
-68.2,-13.2
-67.7,-13.2
-67.2,-13.2
-66.7,-13.2
-66.2,-13.2
-65.7,-13.2
-65.2,-13.2
-64.7,-13.2
-64.2,-13.2
-63.7,-13.2
-63.2,-13.2
-62.7,-13.2
-62.2,-13.2
-61.7,-13.2
-61.2,-13.2
-60.7,-13.2
-60.2,-13.2
-59.7,-13.2
-59.2,-13.2
-58.7,-13.2
-58.2,-13.2
-57.7,-13.2
-57.2,-13.2
-56.7,-13.2
-56.2,-13.2
-55.7,-13.2
-55.2,-13.2
-54.7,-13.2
-54.2,-13.2
-53.7,-13.2
-53.2,-13.2
-52.7,-13.2
-52.2,-13.2
-51.7,-13.2
-51.2,-13.2
-50.7,-13.2
-50.2,-13.2
-49.7,-13.2
-49.2,-13.2
-48.7,-13.2
-48.2,-13.2
-47.7,-13.2
-47.2,-13.2
-46.7,-13.2
-46.2,-13.2
-45.7,-13.2
-45.2,-13.2
-44.7,-13.2
-44.2,-13.2
-43.7,-13.2
-43.2,-13.2
-42.7,-13.2
-42.2,-13.2
-41.7,-13.2
-41.2,-13.2
-40.7,-13.2
-40.2,-13.2
-39.7,-13.2
-39.2,-13.2
-76.2,-12.7
-75.7,-12.7
-75.2,-12.7
-74.7,-12.7
-74.2,-12.7
-73.7,-12.7
-73.2,-12.7
-72.7,-12.7
-72.2,-12.7
-71.7,-12.7
-71.2,-12.7
-70.7,-12.7
-70.2,-12.7
-69.7,-12.7
-69.2,-12.7
-68.7,-12.7
-68.2,-12.7
-67.7,-12.7
-67.2,-12.7
-66.7,-12.7
-66.2,-12.7
-65.7,-12.7
-65.2,-12.7
-64.7,-12.7
-64.2,-12.7
-63.7,-12.7
-63.2,-12.7
-62.7,-12.7
-62.2,-12.7
-61.7,-12.7
-61.2,-12.7
-60.7,-12.7
-60.2,-12.7
-59.7,-12.7
-59.2,-12.7
-58.7,-12.7
-58.2,-12.7
-57.7,-12.7
-57.2,-12.7
-56.7,-12.7
-56.2,-12.7
-55.7,-12.7
-55.2,-12.7
-54.7,-12.7
-54.2,-12.7
-53.7,-12.7
-53.2,-12.7
-52.7,-12.7
-52.2,-12.7
-51.7,-12.7
-51.2,-12.7
-50.7,-12.7
-50.2,-12.7
-49.7,-12.7
-49.2,-12.7
-48.7,-12.7
-48.2,-12.7
-47.7,-12.7
-47.2,-12.7
-46.7,-12.7
-46.2,-12.7
-45.7,-12.7
-45.2,-12.7
-44.7,-12.7
-44.2,-12.7
-43.7,-12.7
-43.2,-12.7
-42.7,-12.7
-42.2,-12.7
-41.7,-12.7
-41.2,-12.7
-40.7,-12.7
-40.2,-12.7
-39.7,-12.7
-39.2,-12.7
-38.2,-12.7
-76.7,-12.2
-76.2,-12.2
-75.7,-12.2
-75.2,-12.2
-74.7,-12.2
-74.2,-12.2
-73.7,-12.2
-73.2,-12.2
-72.7,-12.2
-72.2,-12.2
-71.7,-12.2
-71.2,-12.2
-70.7,-12.2
-70.2,-12.2
-69.7,-12.2
-69.2,-12.2
-68.7,-12.2
-68.2,-12.2
-67.7,-12.2
-67.2,-12.2
-66.7,-12.2
-66.2,-12.2
-65.7,-12.2
-65.2,-12.2
-64.7,-12.2
-64.2,-12.2
-63.7,-12.2
-63.2,-12.2
-62.7,-12.2
-62.2,-12.2
-61.7,-12.2
-61.2,-12.2
-60.7,-12.2
-60.2,-12.2
-59.7,-12.2
-59.2,-12.2
-58.7,-12.2
-58.2,-12.2
-57.7,-12.2
-57.2,-12.2
-56.7,-12.2
-56.2,-12.2
-55.7,-12.2
-55.2,-12.2
-54.7,-12.2
-54.2,-12.2
-53.7,-12.2
-53.2,-12.2
-52.7,-12.2
-52.2,-12.2
-51.7,-12.2
-51.2,-12.2
-50.7,-12.2
-50.2,-12.2
-49.7,-12.2
-49.2,-12.2
-48.7,-12.2
-48.2,-12.2
-47.7,-12.2
-47.2,-12.2
-46.7,-12.2
-46.2,-12.2
-45.7,-12.2
-45.2,-12.2
-44.7,-12.2
-44.2,-12.2
-43.7,-12.2
-43.2,-12.2
-42.7,-12.2
-42.2,-12.2
-41.7,-12.2
-41.2,-12.2
-40.7,-12.2
-40.2,-12.2
-39.7,-12.2
-39.2,-12.2
-38.7,-12.2
-38.2,-12.2
-77.2,-11.7
-76.7,-11.7
-76.2,-11.7
-75.7,-11.7
-75.2,-11.7
-74.7,-11.7
-74.2,-11.7
-73.7,-11.7
-73.2,-11.7
-72.7,-11.7
-72.2,-11.7
-71.7,-11.7
-71.2,-11.7
-70.7,-11.7
-70.2,-11.7
-69.7,-11.7
-69.2,-11.7
-68.7,-11.7
-68.2,-11.7
-67.7,-11.7
-67.2,-11.7
-66.7,-11.7
-66.2,-11.7
-65.7,-11.7
-65.2,-11.7
-64.7,-11.7
-64.2,-11.7
-63.7,-11.7
-63.2,-11.7
-62.7,-11.7
-62.2,-11.7
-61.7,-11.7
-61.2,-11.7
-60.7,-11.7
-60.2,-11.7
-59.7,-11.7
-59.2,-11.7
-58.7,-11.7
-58.2,-11.7
-57.7,-11.7
-57.2,-11.7
-56.7,-11.7
-56.2,-11.7
-55.7,-11.7
-55.2,-11.7
-54.7,-11.7
-54.2,-11.7
-53.7,-11.7
-53.2,-11.7
-52.7,-11.7
-52.2,-11.7
-51.7,-11.7
-51.2,-11.7
-50.7,-11.7
-50.2,-11.7
-49.7,-11.7
-49.2,-11.7
-48.7,-11.7
-48.2,-11.7
-47.7,-11.7
-47.2,-11.7
-46.7,-11.7
-46.2,-11.7
-45.7,-11.7
-45.2,-11.7
-44.7,-11.7
-44.2,-11.7
-43.7,-11.7
-43.2,-11.7
-42.7,-11.7
-42.2,-11.7
-41.7,-11.7
-41.2,-11.7
-40.7,-11.7
-40.2,-11.7
-39.7,-11.7
-39.2,-11.7
-38.7,-11.7
-38.2,-11.7
-37.7,-11.7
-77.2,-11.2
-76.7,-11.2
-76.2,-11.2
-75.7,-11.2
-75.2,-11.2
-74.7,-11.2
-74.2,-11.2
-73.7,-11.2
-73.2,-11.2
-72.7,-11.2
-72.2,-11.2
-71.7,-11.2
-71.2,-11.2
-70.7,-11.2
-70.2,-11.2
-69.7,-11.2
-69.2,-11.2
-68.7,-11.2
-68.2,-11.2
-67.7,-11.2
-67.2,-11.2
-66.7,-11.2
-66.2,-11.2
-65.7,-11.2
-65.2,-11.2
-64.7,-11.2
-64.2,-11.2
-63.7,-11.2
-63.2,-11.2
-62.7,-11.2
-62.2,-11.2
-61.7,-11.2
-61.2,-11.2
-60.7,-11.2
-60.2,-11.2
-59.7,-11.2
-59.2,-11.2
-58.7,-11.2
-58.2,-11.2
-57.7,-11.2
-57.2,-11.2
-56.7,-11.2
-56.2,-11.2
-55.7,-11.2
-55.2,-11.2
-54.7,-11.2
-54.2,-11.2
-53.7,-11.2
-53.2,-11.2
-52.7,-11.2
-52.2,-11.2
-51.7,-11.2
-51.2,-11.2
-50.7,-11.2
-50.2,-11.2
-49.7,-11.2
-49.2,-11.2
-48.7,-11.2
-48.2,-11.2
-47.7,-11.2
-47.2,-11.2
-46.7,-11.2
-46.2,-11.2
-45.7,-11.2
-45.2,-11.2
-44.7,-11.2
-44.2,-11.2
-43.7,-11.2
-43.2,-11.2
-42.7,-11.2
-42.2,-11.2
-41.7,-11.2
-41.2,-11.2
-40.7,-11.2
-40.2,-11.2
-39.7,-11.2
-39.2,-11.2
-38.7,-11.2
-38.2,-11.2
-37.7,-11.2
-37.2,-11.2
-77.7,-10.7
-77.2,-10.7
-76.7,-10.7
-76.2,-10.7
-75.7,-10.7
-75.2,-10.7
-74.7,-10.7
-74.2,-10.7
-73.7,-10.7
-73.2,-10.7
-72.7,-10.7
-72.2,-10.7
-71.7,-10.7
-71.2,-10.7
-70.7,-10.7
-70.2,-10.7
-69.7,-10.7
-69.2,-10.7
-68.7,-10.7
-68.2,-10.7
-67.7,-10.7
-67.2,-10.7
-66.7,-10.7
-66.2,-10.7
-65.7,-10.7
-65.2,-10.7
-64.7,-10.7
-64.2,-10.7
-63.7,-10.7
-63.2,-10.7
-62.7,-10.7
-62.2,-10.7
-61.7,-10.7
-61.2,-10.7
-60.7,-10.7
-60.2,-10.7
-59.7,-10.7
-59.2,-10.7
-58.7,-10.7
-58.2,-10.7
-57.7,-10.7
-57.2,-10.7
-56.7,-10.7
-56.2,-10.7
-55.7,-10.7
-55.2,-10.7
-54.7,-10.7
-54.2,-10.7
-53.7,-10.7
-53.2,-10.7
-52.7,-10.7
-52.2,-10.7
-51.7,-10.7
-51.2,-10.7
-50.7,-10.7
-50.2,-10.7
-49.7,-10.7
-49.2,-10.7
-48.7,-10.7
-48.2,-10.7
-47.7,-10.7
-47.2,-10.7
-46.7,-10.7
-46.2,-10.7
-45.7,-10.7
-45.2,-10.7
-44.7,-10.7
-44.2,-10.7
-43.7,-10.7
-43.2,-10.7
-42.7,-10.7
-42.2,-10.7
-41.7,-10.7
-41.2,-10.7
-40.7,-10.7
-40.2,-10.7
-39.7,-10.7
-39.2,-10.7
-38.7,-10.7
-38.2,-10.7
-37.7,-10.7
-37.2,-10.7
-77.7,-10.2
-77.2,-10.2
-76.7,-10.2
-76.2,-10.2
-75.7,-10.2
-75.2,-10.2
-74.7,-10.2
-74.2,-10.2
-73.7,-10.2
-73.2,-10.2
-72.7,-10.2
-72.2,-10.2
-71.7,-10.2
-71.2,-10.2
-70.7,-10.2
-70.2,-10.2
-69.7,-10.2
-69.2,-10.2
-68.7,-10.2
-68.2,-10.2
-67.7,-10.2
-67.2,-10.2
-66.7,-10.2
-66.2,-10.2
-65.7,-10.2
-65.2,-10.2
-64.7,-10.2
-64.2,-10.2
-63.7,-10.2
-63.2,-10.2
-62.7,-10.2
-62.2,-10.2
-61.7,-10.2
-61.2,-10.2
-60.7,-10.2
-60.2,-10.2
-59.7,-10.2
-59.2,-10.2
-58.7,-10.2
-58.2,-10.2
-57.7,-10.2
-57.2,-10.2
-56.7,-10.2
-56.2,-10.2
-55.7,-10.2
-55.2,-10.2
-54.7,-10.2
-54.2,-10.2
-53.7,-10.2
-53.2,-10.2
-52.7,-10.2
-52.2,-10.2
-51.7,-10.2
-51.2,-10.2
-50.7,-10.2
-50.2,-10.2
-49.7,-10.2
-49.2,-10.2
-48.7,-10.2
-48.2,-10.2
-47.7,-10.2
-47.2,-10.2
-46.7,-10.2
-46.2,-10.2
-45.7,-10.2
-45.2,-10.2
-44.7,-10.2
-44.2,-10.2
-43.7,-10.2
-43.2,-10.2
-42.7,-10.2
-42.2,-10.2
-41.7,-10.2
-41.2,-10.2
-40.7,-10.2
-40.2,-10.2
-39.7,-10.2
-39.2,-10.2
-38.7,-10.2
-38.2,-10.2
-37.7,-10.2
-37.2,-10.2
-36.7,-10.2
-36.2,-10.2
-78.2,-9.7
-77.7,-9.7
-77.2,-9.7
-76.7,-9.7
-76.2,-9.7
-75.7,-9.7
-75.2,-9.7
-74.7,-9.7
-74.2,-9.7
-73.7,-9.7
-73.2,-9.7
-72.7,-9.7
-72.2,-9.7
-71.7,-9.7
-71.2,-9.7
-70.7,-9.7
-70.2,-9.7
-69.7,-9.7
-69.2,-9.7
-68.7,-9.7
-68.2,-9.7
-67.7,-9.7
-67.2,-9.7
-66.7,-9.7
-66.2,-9.7
-65.7,-9.7
-65.2,-9.7
-64.7,-9.7
-64.2,-9.7
-63.7,-9.7
-63.2,-9.7
-62.7,-9.7
-62.2,-9.7
-61.7,-9.7
-61.2,-9.7
-60.7,-9.7
-60.2,-9.7
-59.7,-9.7
-59.2,-9.7
-58.7,-9.7
-58.2,-9.7
-57.7,-9.7
-57.2,-9.7
-56.7,-9.7
-56.2,-9.7
-55.7,-9.7
-55.2,-9.7
-54.7,-9.7
-54.2,-9.7
-53.7,-9.7
-53.2,-9.7
-52.7,-9.7
-52.2,-9.7
-51.7,-9.7
-51.2,-9.7
-50.7,-9.7
-50.2,-9.7
-49.7,-9.7
-49.2,-9.7
-48.7,-9.7
-48.2,-9.7
-47.7,-9.7
-47.2,-9.7
-46.7,-9.7
-46.2,-9.7
-45.7,-9.7
-45.2,-9.7
-44.7,-9.7
-44.2,-9.7
-43.7,-9.7
-43.2,-9.7
-42.7,-9.7
-42.2,-9.7
-41.7,-9.7
-41.2,-9.7
-40.7,-9.7
-40.2,-9.7
-39.7,-9.7
-39.2,-9.7
-38.7,-9.7
-38.2,-9.7
-37.7,-9.7
-37.2,-9.7
-36.7,-9.7
-36.2,-9.7
-78.2,-9.2
-77.7,-9.2
-77.2,-9.2
-76.7,-9.2
-76.2,-9.2
-75.7,-9.2
-75.2,-9.2
-74.7,-9.2
-74.2,-9.2
-73.7,-9.2
-73.2,-9.2
-72.7,-9.2
-72.2,-9.2
-71.7,-9.2
-71.2,-9.2
-70.7,-9.2
-70.2,-9.2
-69.7,-9.2
-69.2,-9.2
-68.7,-9.2
-68.2,-9.2
-67.7,-9.2
-67.2,-9.2
-66.7,-9.2
-66.2,-9.2
-65.7,-9.2
-65.2,-9.2
-64.7,-9.2
-64.2,-9.2
-63.7,-9.2
-63.2,-9.2
-62.7,-9.2
-62.2,-9.2
-61.7,-9.2
-61.2,-9.2
-60.7,-9.2
-60.2,-9.2
-59.7,-9.2
-59.2,-9.2
-58.7,-9.2
-58.2,-9.2
-57.7,-9.2
-57.2,-9.2
-56.7,-9.2
-56.2,-9.2
-55.7,-9.2
-55.2,-9.2
-54.7,-9.2
-54.2,-9.2
-53.7,-9.2
-53.2,-9.2
-52.7,-9.2
-52.2,-9.2
-51.7,-9.2
-51.2,-9.2
-50.7,-9.2
-50.2,-9.2
-49.7,-9.2
-49.2,-9.2
-48.7,-9.2
-48.2,-9.2
-47.7,-9.2
-47.2,-9.2
-46.7,-9.2
-46.2,-9.2
-45.7,-9.2
-45.2,-9.2
-44.7,-9.2
-44.2,-9.2
-43.7,-9.2
-43.2,-9.2
-42.7,-9.2
-42.2,-9.2
-41.7,-9.2
-41.2,-9.2
-40.7,-9.2
-40.2,-9.2
-39.7,-9.2
-39.2,-9.2
-38.7,-9.2
-38.2,-9.2
-37.7,-9.2
-37.2,-9.2
-36.7,-9.2
-36.2,-9.2
-35.7,-9.2
-78.7,-8.7
-78.2,-8.7
-77.7,-8.7
-77.2,-8.7
-76.7,-8.7
-76.2,-8.7
-75.7,-8.7
-75.2,-8.7
-74.7,-8.7
-74.2,-8.7
-73.7,-8.7
-73.2,-8.7
-72.7,-8.7
-72.2,-8.7
-71.7,-8.7
-71.2,-8.7
-70.7,-8.7
-70.2,-8.7
-69.7,-8.7
-69.2,-8.7
-68.7,-8.7
-68.2,-8.7
-67.7,-8.7
-67.2,-8.7
-66.7,-8.7
-66.2,-8.7
-65.7,-8.7
-65.2,-8.7
-64.7,-8.7
-64.2,-8.7
-63.7,-8.7
-63.2,-8.7
-62.7,-8.7
-62.2,-8.7
-61.7,-8.7
-61.2,-8.7
-60.7,-8.7
-60.2,-8.7
-59.7,-8.7
-59.2,-8.7
-58.7,-8.7
-58.2,-8.7
-57.7,-8.7
-57.2,-8.7
-56.7,-8.7
-56.2,-8.7
-55.7,-8.7
-55.2,-8.7
-54.7,-8.7
-54.2,-8.7
-53.7,-8.7
-53.2,-8.7
-52.7,-8.7
-52.2,-8.7
-51.7,-8.7
-51.2,-8.7
-50.7,-8.7
-50.2,-8.7
-49.7,-8.7
-49.2,-8.7
-48.7,-8.7
-48.2,-8.7
-47.7,-8.7
-47.2,-8.7
-46.7,-8.7
-46.2,-8.7
-45.7,-8.7
-45.2,-8.7
-44.7,-8.7
-44.2,-8.7
-43.7,-8.7
-43.2,-8.7
-42.7,-8.7
-42.2,-8.7
-41.7,-8.7
-41.2,-8.7
-40.7,-8.7
-40.2,-8.7
-39.7,-8.7
-39.2,-8.7
-38.7,-8.7
-38.2,-8.7
-37.7,-8.7
-37.2,-8.7
-36.7,-8.7
-36.2,-8.7
-35.7,-8.7
-35.2,-8.7
-78.7,-8.2
-78.2,-8.2
-77.7,-8.2
-77.2,-8.2
-76.7,-8.2
-76.2,-8.2
-75.7,-8.2
-75.2,-8.2
-74.7,-8.2
-74.2,-8.2
-73.7,-8.2
-73.2,-8.2
-72.7,-8.2
-72.2,-8.2
-71.7,-8.2
-71.2,-8.2
-70.7,-8.2
-70.2,-8.2
-69.7,-8.2
-69.2,-8.2
-68.7,-8.2
-68.2,-8.2
-67.7,-8.2
-67.2,-8.2
-66.7,-8.2
-66.2,-8.2
-65.7,-8.2
-65.2,-8.2
-64.7,-8.2
-64.2,-8.2
-63.7,-8.2
-63.2,-8.2
-62.7,-8.2
-62.2,-8.2
-61.7,-8.2
-61.2,-8.2
-60.7,-8.2
-60.2,-8.2
-59.7,-8.2
-59.2,-8.2
-58.7,-8.2
-58.2,-8.2
-57.7,-8.2
-57.2,-8.2
-56.7,-8.2
-56.2,-8.2
-55.7,-8.2
-55.2,-8.2
-54.7,-8.2
-54.2,-8.2
-53.7,-8.2
-53.2,-8.2
-52.7,-8.2
-52.2,-8.2
-51.7,-8.2
-51.2,-8.2
-50.7,-8.2
-50.2,-8.2
-49.7,-8.2
-49.2,-8.2
-48.7,-8.2
-48.2,-8.2
-47.7,-8.2
-47.2,-8.2
-46.7,-8.2
-46.2,-8.2
-45.7,-8.2
-45.2,-8.2
-44.7,-8.2
-44.2,-8.2
-43.7,-8.2
-43.2,-8.2
-42.7,-8.2
-42.2,-8.2
-41.7,-8.2
-41.2,-8.2
-40.7,-8.2
-40.2,-8.2
-39.7,-8.2
-39.2,-8.2
-38.7,-8.2
-38.2,-8.2
-37.7,-8.2
-37.2,-8.2
-36.7,-8.2
-36.2,-8.2
-35.7,-8.2
-35.2,-8.2
-79.2,-7.7
-78.7,-7.7
-78.2,-7.7
-77.7,-7.7
-77.2,-7.7
-76.7,-7.7
-76.2,-7.7
-75.7,-7.7
-75.2,-7.7
-74.7,-7.7
-74.2,-7.7
-73.7,-7.7
-73.2,-7.7
-72.7,-7.7
-72.2,-7.7
-71.7,-7.7
-71.2,-7.7
-70.7,-7.7
-70.2,-7.7
-69.7,-7.7
-69.2,-7.7
-68.7,-7.7
-68.2,-7.7
-67.7,-7.7
-67.2,-7.7
-66.7,-7.7
-66.2,-7.7
-65.7,-7.7
-65.2,-7.7
-64.7,-7.7
-64.2,-7.7
-63.7,-7.7
-63.2,-7.7
-62.7,-7.7
-62.2,-7.7
-61.7,-7.7
-61.2,-7.7
-60.7,-7.7
-60.2,-7.7
-59.7,-7.7
-59.2,-7.7
-58.7,-7.7
-58.2,-7.7
-57.7,-7.7
-57.2,-7.7
-56.7,-7.7
-56.2,-7.7
-55.7,-7.7
-55.2,-7.7
-54.7,-7.7
-54.2,-7.7
-53.7,-7.7
-53.2,-7.7
-52.7,-7.7
-52.2,-7.7
-51.7,-7.7
-51.2,-7.7
-50.7,-7.7
-50.2,-7.7
-49.7,-7.7
-49.2,-7.7
-48.7,-7.7
-48.2,-7.7
-47.7,-7.7
-47.2,-7.7
-46.7,-7.7
-46.2,-7.7
-45.7,-7.7
-45.2,-7.7
-44.7,-7.7
-44.2,-7.7
-43.7,-7.7
-43.2,-7.7
-42.7,-7.7
-42.2,-7.7
-41.7,-7.7
-41.2,-7.7
-40.7,-7.7
-40.2,-7.7
-39.7,-7.7
-39.2,-7.7
-38.7,-7.7
-38.2,-7.7
-37.7,-7.7
-37.2,-7.7
-36.7,-7.7
-36.2,-7.7
-35.7,-7.7
-35.2,-7.7
-79.2,-7.2
-78.7,-7.2
-78.2,-7.2
-77.7,-7.2
-77.2,-7.2
-76.7,-7.2
-76.2,-7.2
-75.7,-7.2
-75.2,-7.2
-74.7,-7.2
-74.2,-7.2
-73.7,-7.2
-73.2,-7.2
-72.7,-7.2
-72.2,-7.2
-71.7,-7.2
-71.2,-7.2
-70.7,-7.2
-70.2,-7.2
-69.7,-7.2
-69.2,-7.2
-68.7,-7.2
-68.2,-7.2
-67.7,-7.2
-67.2,-7.2
-66.7,-7.2
-66.2,-7.2
-65.7,-7.2
-65.2,-7.2
-64.7,-7.2
-64.2,-7.2
-63.7,-7.2
-63.2,-7.2
-62.7,-7.2
-62.2,-7.2
-61.7,-7.2
-61.2,-7.2
-60.7,-7.2
-60.2,-7.2
-59.7,-7.2
-59.2,-7.2
-58.7,-7.2
-58.2,-7.2
-57.7,-7.2
-57.2,-7.2
-56.7,-7.2
-56.2,-7.2
-55.7,-7.2
-55.2,-7.2
-54.7,-7.2
-54.2,-7.2
-53.7,-7.2
-53.2,-7.2
-52.7,-7.2
-52.2,-7.2
-51.7,-7.2
-51.2,-7.2
-50.7,-7.2
-50.2,-7.2
-49.7,-7.2
-49.2,-7.2
-48.7,-7.2
-48.2,-7.2
-47.7,-7.2
-47.2,-7.2
-46.7,-7.2
-46.2,-7.2
-45.7,-7.2
-45.2,-7.2
-44.7,-7.2
-44.2,-7.2
-43.7,-7.2
-43.2,-7.2
-42.7,-7.2
-42.2,-7.2
-41.7,-7.2
-41.2,-7.2
-40.7,-7.2
-40.2,-7.2
-39.7,-7.2
-39.2,-7.2
-38.7,-7.2
-38.2,-7.2
-37.7,-7.2
-37.2,-7.2
-36.7,-7.2
-36.2,-7.2
-35.7,-7.2
-35.2,-7.2
-79.7,-6.7
-79.2,-6.7
-78.7,-6.7
-78.2,-6.7
-77.7,-6.7
-77.2,-6.7
-76.7,-6.7
-76.2,-6.7
-75.7,-6.7
-75.2,-6.7
-74.7,-6.7
-74.2,-6.7
-73.7,-6.7
-73.2,-6.7
-72.7,-6.7
-72.2,-6.7
-71.7,-6.7
-71.2,-6.7
-70.7,-6.7
-70.2,-6.7
-69.7,-6.7
-69.2,-6.7
-68.7,-6.7
-68.2,-6.7
-67.7,-6.7
-67.2,-6.7
-66.7,-6.7
-66.2,-6.7
-65.7,-6.7
-65.2,-6.7
-64.7,-6.7
-64.2,-6.7
-63.7,-6.7
-63.2,-6.7
-62.7,-6.7
-62.2,-6.7
-61.7,-6.7
-61.2,-6.7
-60.7,-6.7
-60.2,-6.7
-59.7,-6.7
-59.2,-6.7
-58.7,-6.7
-58.2,-6.7
-57.7,-6.7
-57.2,-6.7
-56.7,-6.7
-56.2,-6.7
-55.7,-6.7
-55.2,-6.7
-54.7,-6.7
-54.2,-6.7
-53.7,-6.7
-53.2,-6.7
-52.7,-6.7
-52.2,-6.7
-51.7,-6.7
-51.2,-6.7
-50.7,-6.7
-50.2,-6.7
-49.7,-6.7
-49.2,-6.7
-48.7,-6.7
-48.2,-6.7
-47.7,-6.7
-47.2,-6.7
-46.7,-6.7
-46.2,-6.7
-45.7,-6.7
-45.2,-6.7
-44.7,-6.7
-44.2,-6.7
-43.7,-6.7
-43.2,-6.7
-42.7,-6.7
-42.2,-6.7
-41.7,-6.7
-41.2,-6.7
-40.7,-6.7
-40.2,-6.7
-39.7,-6.7
-39.2,-6.7
-38.7,-6.7
-38.2,-6.7
-37.7,-6.7
-37.2,-6.7
-36.7,-6.7
-36.2,-6.7
-35.7,-6.7
-35.2,-6.7
-80.7,-6.2
-80.2,-6.2
-79.7,-6.2
-79.2,-6.2
-78.7,-6.2
-78.2,-6.2
-77.7,-6.2
-77.2,-6.2
-76.7,-6.2
-76.2,-6.2
-75.7,-6.2
-75.2,-6.2
-74.7,-6.2
-74.2,-6.2
-73.7,-6.2
-73.2,-6.2
-72.7,-6.2
-72.2,-6.2
-71.7,-6.2
-71.2,-6.2
-70.7,-6.2
-70.2,-6.2
-69.7,-6.2
-69.2,-6.2
-68.7,-6.2
-68.2,-6.2
-67.7,-6.2
-67.2,-6.2
-66.7,-6.2
-66.2,-6.2
-65.7,-6.2
-65.2,-6.2
-64.7,-6.2
-64.2,-6.2
-63.7,-6.2
-63.2,-6.2
-62.7,-6.2
-62.2,-6.2
-61.7,-6.2
-61.2,-6.2
-60.7,-6.2
-60.2,-6.2
-59.7,-6.2
-59.2,-6.2
-58.7,-6.2
-58.2,-6.2
-57.7,-6.2
-57.2,-6.2
-56.7,-6.2
-56.2,-6.2
-55.7,-6.2
-55.2,-6.2
-54.7,-6.2
-54.2,-6.2
-53.7,-6.2
-53.2,-6.2
-52.7,-6.2
-52.2,-6.2
-51.7,-6.2
-51.2,-6.2
-50.7,-6.2
-50.2,-6.2
-49.7,-6.2
-49.2,-6.2
-48.7,-6.2
-48.2,-6.2
-47.7,-6.2
-47.2,-6.2
-46.7,-6.2
-46.2,-6.2
-45.7,-6.2
-45.2,-6.2
-44.7,-6.2
-44.2,-6.2
-43.7,-6.2
-43.2,-6.2
-42.7,-6.2
-42.2,-6.2
-41.7,-6.2
-41.2,-6.2
-40.7,-6.2
-40.2,-6.2
-39.7,-6.2
-39.2,-6.2
-38.7,-6.2
-38.2,-6.2
-37.7,-6.2
-37.2,-6.2
-36.7,-6.2
-36.2,-6.2
-35.7,-6.2
-35.2,-6.2
-80.7,-5.7
-80.2,-5.7
-79.7,-5.7
-79.2,-5.7
-78.7,-5.7
-78.2,-5.7
-77.7,-5.7
-77.2,-5.7
-76.7,-5.7
-76.2,-5.7
-75.7,-5.7
-75.2,-5.7
-74.7,-5.7
-74.2,-5.7
-73.7,-5.7
-73.2,-5.7
-72.7,-5.7
-72.2,-5.7
-71.7,-5.7
-71.2,-5.7
-70.7,-5.7
-70.2,-5.7
-69.7,-5.7
-69.2,-5.7
-68.7,-5.7
-68.2,-5.7
-67.7,-5.7
-67.2,-5.7
-66.7,-5.7
-66.2,-5.7
-65.7,-5.7
-65.2,-5.7
-64.7,-5.7
-64.2,-5.7
-63.7,-5.7
-63.2,-5.7
-62.7,-5.7
-62.2,-5.7
-61.7,-5.7
-61.2,-5.7
-60.7,-5.7
-60.2,-5.7
-59.7,-5.7
-59.2,-5.7
-58.7,-5.7
-58.2,-5.7
-57.7,-5.7
-57.2,-5.7
-56.7,-5.7
-56.2,-5.7
-55.7,-5.7
-55.2,-5.7
-54.7,-5.7
-54.2,-5.7
-53.7,-5.7
-53.2,-5.7
-52.7,-5.7
-52.2,-5.7
-51.7,-5.7
-51.2,-5.7
-50.7,-5.7
-50.2,-5.7
-49.7,-5.7
-49.2,-5.7
-48.7,-5.7
-48.2,-5.7
-47.7,-5.7
-47.2,-5.7
-46.7,-5.7
-46.2,-5.7
-45.7,-5.7
-45.2,-5.7
-44.7,-5.7
-44.2,-5.7
-43.7,-5.7
-43.2,-5.7
-42.7,-5.7
-42.2,-5.7
-41.7,-5.7
-41.2,-5.7
-40.7,-5.7
-40.2,-5.7
-39.7,-5.7
-39.2,-5.7
-38.7,-5.7
-38.2,-5.7
-37.7,-5.7
-37.2,-5.7
-36.7,-5.7
-36.2,-5.7
-35.7,-5.7
-35.2,-5.7
-80.7,-5.2
-80.2,-5.2
-79.7,-5.2
-79.2,-5.2
-78.7,-5.2
-78.2,-5.2
-77.7,-5.2
-77.2,-5.2
-76.7,-5.2
-76.2,-5.2
-75.7,-5.2
-75.2,-5.2
-74.7,-5.2
-74.2,-5.2
-73.7,-5.2
-73.2,-5.2
-72.7,-5.2
-72.2,-5.2
-71.7,-5.2
-71.2,-5.2
-70.7,-5.2
-70.2,-5.2
-69.7,-5.2
-69.2,-5.2
-68.7,-5.2
-68.2,-5.2
-67.7,-5.2
-67.2,-5.2
-66.7,-5.2
-66.2,-5.2
-65.7,-5.2
-65.2,-5.2
-64.7,-5.2
-64.2,-5.2
-63.7,-5.2
-63.2,-5.2
-62.7,-5.2
-62.2,-5.2
-61.7,-5.2
-61.2,-5.2
-60.7,-5.2
-60.2,-5.2
-59.7,-5.2
-59.2,-5.2
-58.7,-5.2
-58.2,-5.2
-57.7,-5.2
-57.2,-5.2
-56.7,-5.2
-56.2,-5.2
-55.7,-5.2
-55.2,-5.2
-54.7,-5.2
-54.2,-5.2
-53.7,-5.2
-53.2,-5.2
-52.7,-5.2
-52.2,-5.2
-51.7,-5.2
-51.2,-5.2
-50.7,-5.2
-50.2,-5.2
-49.7,-5.2
-49.2,-5.2
-48.7,-5.2
-48.2,-5.2
-47.7,-5.2
-47.2,-5.2
-46.7,-5.2
-46.2,-5.2
-45.7,-5.2
-45.2,-5.2
-44.7,-5.2
-44.2,-5.2
-43.7,-5.2
-43.2,-5.2
-42.7,-5.2
-42.2,-5.2
-41.7,-5.2
-41.2,-5.2
-40.7,-5.2
-40.2,-5.2
-39.7,-5.2
-39.2,-5.2
-38.7,-5.2
-38.2,-5.2
-37.7,-5.2
-37.2,-5.2
-36.7,-5.2
-36.2,-5.2
-35.7,-5.2
-81.2,-4.7
-80.7,-4.7
-80.2,-4.7
-79.7,-4.7
-79.2,-4.7
-78.7,-4.7
-78.2,-4.7
-77.7,-4.7
-77.2,-4.7
-76.7,-4.7
-76.2,-4.7
-75.7,-4.7
-75.2,-4.7
-74.7,-4.7
-74.2,-4.7
-73.7,-4.7
-73.2,-4.7
-72.7,-4.7
-72.2,-4.7
-71.7,-4.7
-71.2,-4.7
-70.7,-4.7
-70.2,-4.7
-69.7,-4.7
-69.2,-4.7
-68.7,-4.7
-68.2,-4.7
-67.7,-4.7
-67.2,-4.7
-66.7,-4.7
-66.2,-4.7
-65.7,-4.7
-65.2,-4.7
-64.7,-4.7
-64.2,-4.7
-63.7,-4.7
-63.2,-4.7
-62.7,-4.7
-62.2,-4.7
-61.7,-4.7
-61.2,-4.7
-60.7,-4.7
-60.2,-4.7
-59.7,-4.7
-59.2,-4.7
-58.7,-4.7
-58.2,-4.7
-57.7,-4.7
-57.2,-4.7
-56.7,-4.7
-56.2,-4.7
-55.7,-4.7
-55.2,-4.7
-54.7,-4.7
-54.2,-4.7
-53.7,-4.7
-53.2,-4.7
-52.7,-4.7
-52.2,-4.7
-51.7,-4.7
-51.2,-4.7
-50.7,-4.7
-50.2,-4.7
-49.7,-4.7
-49.2,-4.7
-48.7,-4.7
-48.2,-4.7
-47.7,-4.7
-47.2,-4.7
-46.7,-4.7
-46.2,-4.7
-45.7,-4.7
-45.2,-4.7
-44.7,-4.7
-44.2,-4.7
-43.7,-4.7
-43.2,-4.7
-42.7,-4.7
-42.2,-4.7
-41.7,-4.7
-41.2,-4.7
-40.7,-4.7
-40.2,-4.7
-39.7,-4.7
-39.2,-4.7
-38.7,-4.7
-38.2,-4.7
-37.7,-4.7
-80.7,-4.2
-80.2,-4.2
-79.7,-4.2
-79.2,-4.2
-78.7,-4.2
-78.2,-4.2
-77.7,-4.2
-77.2,-4.2
-76.7,-4.2
-76.2,-4.2
-75.7,-4.2
-75.2,-4.2
-74.7,-4.2
-74.2,-4.2
-73.7,-4.2
-73.2,-4.2
-72.7,-4.2
-72.2,-4.2
-71.7,-4.2
-71.2,-4.2
-70.7,-4.2
-70.2,-4.2
-69.7,-4.2
-69.2,-4.2
-68.7,-4.2
-68.2,-4.2
-67.7,-4.2
-67.2,-4.2
-66.7,-4.2
-66.2,-4.2
-65.7,-4.2
-65.2,-4.2
-64.7,-4.2
-64.2,-4.2
-63.7,-4.2
-63.2,-4.2
-62.7,-4.2
-62.2,-4.2
-61.7,-4.2
-61.2,-4.2
-60.7,-4.2
-60.2,-4.2
-59.7,-4.2
-59.2,-4.2
-58.7,-4.2
-58.2,-4.2
-57.7,-4.2
-57.2,-4.2
-56.7,-4.2
-56.2,-4.2
-55.7,-4.2
-55.2,-4.2
-54.7,-4.2
-54.2,-4.2
-53.7,-4.2
-53.2,-4.2
-52.7,-4.2
-52.2,-4.2
-51.7,-4.2
-51.2,-4.2
-50.7,-4.2
-50.2,-4.2
-49.7,-4.2
-49.2,-4.2
-48.7,-4.2
-48.2,-4.2
-47.7,-4.2
-47.2,-4.2
-46.7,-4.2
-46.2,-4.2
-45.7,-4.2
-45.2,-4.2
-44.7,-4.2
-44.2,-4.2
-43.7,-4.2
-43.2,-4.2
-42.7,-4.2
-42.2,-4.2
-41.7,-4.2
-41.2,-4.2
-40.7,-4.2
-40.2,-4.2
-39.7,-4.2
-39.2,-4.2
-38.7,-4.2
-38.2,-4.2
-80.7,-3.7
-80.2,-3.7
-79.7,-3.7
-79.2,-3.7
-78.7,-3.7
-78.2,-3.7
-77.7,-3.7
-77.2,-3.7
-76.7,-3.7
-76.2,-3.7
-75.7,-3.7
-75.2,-3.7
-74.7,-3.7
-74.2,-3.7
-73.7,-3.7
-73.2,-3.7
-72.7,-3.7
-72.2,-3.7
-71.7,-3.7
-71.2,-3.7
-70.7,-3.7
-70.2,-3.7
-69.7,-3.7
-69.2,-3.7
-68.7,-3.7
-68.2,-3.7
-67.7,-3.7
-67.2,-3.7
-66.7,-3.7
-66.2,-3.7
-65.7,-3.7
-65.2,-3.7
-64.7,-3.7
-64.2,-3.7
-63.7,-3.7
-63.2,-3.7
-62.7,-3.7
-62.2,-3.7
-61.7,-3.7
-61.2,-3.7
-60.7,-3.7
-60.2,-3.7
-59.7,-3.7
-59.2,-3.7
-58.7,-3.7
-58.2,-3.7
-57.7,-3.7
-57.2,-3.7
-56.7,-3.7
-56.2,-3.7
-55.7,-3.7
-55.2,-3.7
-54.7,-3.7
-54.2,-3.7
-53.7,-3.7
-53.2,-3.7
-52.7,-3.7
-52.2,-3.7
-51.7,-3.7
-51.2,-3.7
-50.7,-3.7
-50.2,-3.7
-49.7,-3.7
-49.2,-3.7
-48.7,-3.7
-48.2,-3.7
-47.7,-3.7
-47.2,-3.7
-46.7,-3.7
-46.2,-3.7
-45.7,-3.7
-45.2,-3.7
-44.7,-3.7
-44.2,-3.7
-43.7,-3.7
-43.2,-3.7
-42.7,-3.7
-42.2,-3.7
-41.7,-3.7
-41.2,-3.7
-40.7,-3.7
-40.2,-3.7
-39.7,-3.7
-39.2,-3.7
-38.7,-3.7
-79.7,-3.2
-79.2,-3.2
-78.7,-3.2
-78.2,-3.2
-77.7,-3.2
-77.2,-3.2
-76.7,-3.2
-76.2,-3.2
-75.7,-3.2
-75.2,-3.2
-74.7,-3.2
-74.2,-3.2
-73.7,-3.2
-73.2,-3.2
-72.7,-3.2
-72.2,-3.2
-71.7,-3.2
-71.2,-3.2
-70.7,-3.2
-70.2,-3.2
-69.7,-3.2
-69.2,-3.2
-68.7,-3.2
-68.2,-3.2
-67.7,-3.2
-67.2,-3.2
-66.7,-3.2
-66.2,-3.2
-65.7,-3.2
-65.2,-3.2
-64.7,-3.2
-64.2,-3.2
-63.7,-3.2
-63.2,-3.2
-62.7,-3.2
-62.2,-3.2
-61.7,-3.2
-61.2,-3.2
-60.7,-3.2
-60.2,-3.2
-59.7,-3.2
-59.2,-3.2
-58.7,-3.2
-58.2,-3.2
-57.7,-3.2
-57.2,-3.2
-56.7,-3.2
-56.2,-3.2
-55.7,-3.2
-55.2,-3.2
-54.7,-3.2
-54.2,-3.2
-53.7,-3.2
-53.2,-3.2
-52.7,-3.2
-52.2,-3.2
-51.7,-3.2
-51.2,-3.2
-50.7,-3.2
-50.2,-3.2
-49.7,-3.2
-49.2,-3.2
-48.7,-3.2
-48.2,-3.2
-47.7,-3.2
-47.2,-3.2
-46.7,-3.2
-46.2,-3.2
-45.7,-3.2
-45.2,-3.2
-44.7,-3.2
-44.2,-3.2
-43.7,-3.2
-43.2,-3.2
-42.7,-3.2
-42.2,-3.2
-41.7,-3.2
-41.2,-3.2
-40.7,-3.2
-40.2,-3.2
-39.7,-3.2
-79.7,-2.7
-79.2,-2.7
-78.7,-2.7
-78.2,-2.7
-77.7,-2.7
-77.2,-2.7
-76.7,-2.7
-76.2,-2.7
-75.7,-2.7
-75.2,-2.7
-74.7,-2.7
-74.2,-2.7
-73.7,-2.7
-73.2,-2.7
-72.7,-2.7
-72.2,-2.7
-71.7,-2.7
-71.2,-2.7
-70.7,-2.7
-70.2,-2.7
-69.7,-2.7
-69.2,-2.7
-68.7,-2.7
-68.2,-2.7
-67.7,-2.7
-67.2,-2.7
-66.7,-2.7
-66.2,-2.7
-65.7,-2.7
-65.2,-2.7
-64.7,-2.7
-64.2,-2.7
-63.7,-2.7
-63.2,-2.7
-62.7,-2.7
-62.2,-2.7
-61.7,-2.7
-61.2,-2.7
-60.7,-2.7
-60.2,-2.7
-59.7,-2.7
-59.2,-2.7
-58.7,-2.7
-58.2,-2.7
-57.7,-2.7
-57.2,-2.7
-56.7,-2.7
-56.2,-2.7
-55.7,-2.7
-55.2,-2.7
-54.7,-2.7
-54.2,-2.7
-53.7,-2.7
-53.2,-2.7
-52.7,-2.7
-52.2,-2.7
-51.7,-2.7
-51.2,-2.7
-50.7,-2.7
-50.2,-2.7
-49.7,-2.7
-49.2,-2.7
-48.7,-2.7
-48.2,-2.7
-47.7,-2.7
-47.2,-2.7
-46.7,-2.7
-46.2,-2.7
-45.7,-2.7
-45.2,-2.7
-44.7,-2.7
-44.2,-2.7
-43.7,-2.7
-43.2,-2.7
-42.7,-2.7
-80.7,-2.2
-80.2,-2.2
-79.7,-2.2
-79.2,-2.2
-78.7,-2.2
-78.2,-2.2
-77.7,-2.2
-77.2,-2.2
-76.7,-2.2
-76.2,-2.2
-75.7,-2.2
-75.2,-2.2
-74.7,-2.2
-74.2,-2.2
-73.7,-2.2
-73.2,-2.2
-72.7,-2.2
-72.2,-2.2
-71.7,-2.2
-71.2,-2.2
-70.7,-2.2
-70.2,-2.2
-69.7,-2.2
-69.2,-2.2
-68.7,-2.2
-68.2,-2.2
-67.7,-2.2
-67.2,-2.2
-66.7,-2.2
-66.2,-2.2
-65.7,-2.2
-65.2,-2.2
-64.7,-2.2
-64.2,-2.2
-63.7,-2.2
-63.2,-2.2
-62.7,-2.2
-62.2,-2.2
-61.7,-2.2
-61.2,-2.2
-60.7,-2.2
-60.2,-2.2
-59.7,-2.2
-59.2,-2.2
-58.7,-2.2
-58.2,-2.2
-57.7,-2.2
-57.2,-2.2
-56.7,-2.2
-56.2,-2.2
-55.7,-2.2
-55.2,-2.2
-54.7,-2.2
-54.2,-2.2
-53.7,-2.2
-53.2,-2.2
-52.7,-2.2
-52.2,-2.2
-51.7,-2.2
-51.2,-2.2
-50.7,-2.2
-50.2,-2.2
-49.7,-2.2
-49.2,-2.2
-48.7,-2.2
-48.2,-2.2
-47.7,-2.2
-47.2,-2.2
-46.7,-2.2
-46.2,-2.2
-45.7,-2.2
-45.2,-2.2
-44.7,-2.2
-80.7,-1.7
-80.2,-1.7
-79.7,-1.7
-79.2,-1.7
-78.7,-1.7
-78.2,-1.7
-77.7,-1.7
-77.2,-1.7
-76.7,-1.7
-76.2,-1.7
-75.7,-1.7
-75.2,-1.7
-74.7,-1.7
-74.2,-1.7
-73.7,-1.7
-73.2,-1.7
-72.7,-1.7
-72.2,-1.7
-71.7,-1.7
-71.2,-1.7
-70.7,-1.7
-70.2,-1.7
-69.7,-1.7
-69.2,-1.7
-68.7,-1.7
-68.2,-1.7
-67.7,-1.7
-67.2,-1.7
-66.7,-1.7
-66.2,-1.7
-65.7,-1.7
-65.2,-1.7
-64.7,-1.7
-64.2,-1.7
-63.7,-1.7
-63.2,-1.7
-62.7,-1.7
-62.2,-1.7
-61.7,-1.7
-61.2,-1.7
-60.7,-1.7
-60.2,-1.7
-59.7,-1.7
-59.2,-1.7
-58.7,-1.7
-58.2,-1.7
-57.7,-1.7
-57.2,-1.7
-56.7,-1.7
-56.2,-1.7
-55.7,-1.7
-55.2,-1.7
-54.7,-1.7
-54.2,-1.7
-53.7,-1.7
-53.2,-1.7
-52.7,-1.7
-52.2,-1.7
-51.7,-1.7
-51.2,-1.7
-50.7,-1.7
-50.2,-1.7
-49.7,-1.7
-48.7,-1.7
-48.2,-1.7
-47.7,-1.7
-47.2,-1.7
-46.7,-1.7
-46.2,-1.7
-45.7,-1.7
-45.2,-1.7
-80.7,-1.2
-80.2,-1.2
-79.7,-1.2
-79.2,-1.2
-78.7,-1.2
-78.2,-1.2
-77.7,-1.2
-77.2,-1.2
-76.7,-1.2
-76.2,-1.2
-75.7,-1.2
-75.2,-1.2
-74.7,-1.2
-74.2,-1.2
-73.7,-1.2
-73.2,-1.2
-72.7,-1.2
-72.2,-1.2
-71.7,-1.2
-71.2,-1.2
-70.7,-1.2
-70.2,-1.2
-69.7,-1.2
-69.2,-1.2
-68.7,-1.2
-68.2,-1.2
-67.7,-1.2
-67.2,-1.2
-66.7,-1.2
-66.2,-1.2
-65.7,-1.2
-65.2,-1.2
-64.7,-1.2
-64.2,-1.2
-63.7,-1.2
-63.2,-1.2
-62.7,-1.2
-62.2,-1.2
-61.7,-1.2
-61.2,-1.2
-60.7,-1.2
-60.2,-1.2
-59.7,-1.2
-59.2,-1.2
-58.7,-1.2
-58.2,-1.2
-57.7,-1.2
-57.2,-1.2
-56.7,-1.2
-56.2,-1.2
-55.7,-1.2
-55.2,-1.2
-54.7,-1.2
-54.2,-1.2
-53.7,-1.2
-53.2,-1.2
-52.7,-1.2
-52.2,-1.2
-51.7,-1.2
-51.2,-1.2
-50.7,-1.2
-50.2,-1.2
-49.7,-1.2
-49.2,-1.2
-48.2,-1.2
-47.7,-1.2
-47.2,-1.2
-46.7,-1.2
-46.2,-1.2
-80.2,-0.700000000000003
-79.7,-0.700000000000003
-79.2,-0.700000000000003
-78.7,-0.700000000000003
-78.2,-0.700000000000003
-77.7,-0.700000000000003
-77.2,-0.700000000000003
-76.7,-0.700000000000003
-76.2,-0.700000000000003
-75.7,-0.700000000000003
-75.2,-0.700000000000003
-74.7,-0.700000000000003
-74.2,-0.700000000000003
-73.7,-0.700000000000003
-73.2,-0.700000000000003
-72.7,-0.700000000000003
-72.2,-0.700000000000003
-71.7,-0.700000000000003
-71.2,-0.700000000000003
-70.7,-0.700000000000003
-70.2,-0.700000000000003
-69.7,-0.700000000000003
-69.2,-0.700000000000003
-68.7,-0.700000000000003
-68.2,-0.700000000000003
-67.7,-0.700000000000003
-67.2,-0.700000000000003
-66.7,-0.700000000000003
-66.2,-0.700000000000003
-65.7,-0.700000000000003
-65.2,-0.700000000000003
-64.7,-0.700000000000003
-64.2,-0.700000000000003
-63.7,-0.700000000000003
-63.2,-0.700000000000003
-62.7,-0.700000000000003
-62.2,-0.700000000000003
-61.7,-0.700000000000003
-61.2,-0.700000000000003
-60.7,-0.700000000000003
-60.2,-0.700000000000003
-59.7,-0.700000000000003
-59.2,-0.700000000000003
-58.7,-0.700000000000003
-58.2,-0.700000000000003
-57.7,-0.700000000000003
-57.2,-0.700000000000003
-56.7,-0.700000000000003
-56.2,-0.700000000000003
-55.7,-0.700000000000003
-55.2,-0.700000000000003
-54.7,-0.700000000000003
-54.2,-0.700000000000003
-53.7,-0.700000000000003
-53.2,-0.700000000000003
-52.7,-0.700000000000003
-52.2,-0.700000000000003
-51.7,-0.700000000000003
-51.2,-0.700000000000003
-50.7,-0.700000000000003
-50.2,-0.700000000000003
-49.7,-0.700000000000003
-49.2,-0.700000000000003
-48.7,-0.700000000000003
-47.2,-0.700000000000003
-80.2,-0.200000000000003
-79.7,-0.200000000000003
-79.2,-0.200000000000003
-78.7,-0.200000000000003
-78.2,-0.200000000000003
-77.7,-0.200000000000003
-77.2,-0.200000000000003
-76.7,-0.200000000000003
-76.2,-0.200000000000003
-75.7,-0.200000000000003
-75.2,-0.200000000000003
-74.7,-0.200000000000003
-74.2,-0.200000000000003
-73.7,-0.200000000000003
-73.2,-0.200000000000003
-72.7,-0.200000000000003
-72.2,-0.200000000000003
-71.7,-0.200000000000003
-71.2,-0.200000000000003
-70.7,-0.200000000000003
-70.2,-0.200000000000003
-69.7,-0.200000000000003
-69.2,-0.200000000000003
-68.7,-0.200000000000003
-68.2,-0.200000000000003
-67.7,-0.200000000000003
-67.2,-0.200000000000003
-66.7,-0.200000000000003
-66.2,-0.200000000000003
-65.7,-0.200000000000003
-65.2,-0.200000000000003
-64.7,-0.200000000000003
-64.2,-0.200000000000003
-63.7,-0.200000000000003
-63.2,-0.200000000000003
-62.7,-0.200000000000003
-62.2,-0.200000000000003
-61.7,-0.200000000000003
-61.2,-0.200000000000003
-60.7,-0.200000000000003
-60.2,-0.200000000000003
-59.7,-0.200000000000003
-59.2,-0.200000000000003
-58.7,-0.200000000000003
-58.2,-0.200000000000003
-57.7,-0.200000000000003
-57.2,-0.200000000000003
-56.7,-0.200000000000003
-56.2,-0.200000000000003
-55.7,-0.200000000000003
-55.2,-0.200000000000003
-54.7,-0.200000000000003
-54.2,-0.200000000000003
-53.7,-0.200000000000003
-53.2,-0.200000000000003
-52.7,-0.200000000000003
-52.2,-0.200000000000003
-51.7,-0.200000000000003
-50.2,-0.200000000000003
-49.2,-0.200000000000003
-79.7,0.299999999999997
-79.2,0.299999999999997
-78.7,0.299999999999997
-78.2,0.299999999999997
-77.7,0.299999999999997
-77.2,0.299999999999997
-76.7,0.299999999999997
-76.2,0.299999999999997
-75.7,0.299999999999997
-75.2,0.299999999999997
-74.7,0.299999999999997
-74.2,0.299999999999997
-73.7,0.299999999999997
-73.2,0.299999999999997
-72.7,0.299999999999997
-72.2,0.299999999999997
-71.7,0.299999999999997
-71.2,0.299999999999997
-70.7,0.299999999999997
-70.2,0.299999999999997
-69.7,0.299999999999997
-69.2,0.299999999999997
-68.7,0.299999999999997
-68.2,0.299999999999997
-67.7,0.299999999999997
-67.2,0.299999999999997
-66.7,0.299999999999997
-66.2,0.299999999999997
-65.7,0.299999999999997
-65.2,0.299999999999997
-64.7,0.299999999999997
-64.2,0.299999999999997
-63.7,0.299999999999997
-63.2,0.299999999999997
-62.7,0.299999999999997
-62.2,0.299999999999997
-61.7,0.299999999999997
-61.2,0.299999999999997
-60.7,0.299999999999997
-60.2,0.299999999999997
-59.7,0.299999999999997
-59.2,0.299999999999997
-58.7,0.299999999999997
-58.2,0.299999999999997
-57.7,0.299999999999997
-57.2,0.299999999999997
-56.7,0.299999999999997
-56.2,0.299999999999997
-55.7,0.299999999999997
-55.2,0.299999999999997
-54.7,0.299999999999997
-54.2,0.299999999999997
-53.7,0.299999999999997
-53.2,0.299999999999997
-52.7,0.299999999999997
-52.2,0.299999999999997
-51.7,0.299999999999997
-51.2,0.299999999999997
-50.7,0.299999999999997
-79.7,0.799999999999997
-79.2,0.799999999999997
-78.7,0.799999999999997
-78.2,0.799999999999997
-77.7,0.799999999999997
-77.2,0.799999999999997
-76.7,0.799999999999997
-76.2,0.799999999999997
-75.7,0.799999999999997
-75.2,0.799999999999997
-74.7,0.799999999999997
-74.2,0.799999999999997
-73.7,0.799999999999997
-73.2,0.799999999999997
-72.7,0.799999999999997
-72.2,0.799999999999997
-71.7,0.799999999999997
-71.2,0.799999999999997
-70.7,0.799999999999997
-70.2,0.799999999999997
-69.7,0.799999999999997
-69.2,0.799999999999997
-68.7,0.799999999999997
-68.2,0.799999999999997
-67.7,0.799999999999997
-67.2,0.799999999999997
-66.7,0.799999999999997
-66.2,0.799999999999997
-65.7,0.799999999999997
-65.2,0.799999999999997
-64.7,0.799999999999997
-64.2,0.799999999999997
-63.7,0.799999999999997
-63.2,0.799999999999997
-62.7,0.799999999999997
-62.2,0.799999999999997
-61.7,0.799999999999997
-61.2,0.799999999999997
-60.7,0.799999999999997
-60.2,0.799999999999997
-59.7,0.799999999999997
-59.2,0.799999999999997
-58.7,0.799999999999997
-58.2,0.799999999999997
-57.7,0.799999999999997
-57.2,0.799999999999997
-56.7,0.799999999999997
-56.2,0.799999999999997
-55.7,0.799999999999997
-55.2,0.799999999999997
-54.7,0.799999999999997
-54.2,0.799999999999997
-53.7,0.799999999999997
-53.2,0.799999999999997
-52.7,0.799999999999997
-52.2,0.799999999999997
-51.7,0.799999999999997
-51.2,0.799999999999997
-50.7,0.799999999999997
-78.7,1.3
-78.2,1.3
-77.7,1.3
-77.2,1.3
-76.7,1.3
-76.2,1.3
-75.7,1.3
-75.2,1.3
-74.7,1.3
-74.2,1.3
-73.7,1.3
-73.2,1.3
-72.7,1.3
-72.2,1.3
-71.7,1.3
-71.2,1.3
-70.7,1.3
-70.2,1.3
-69.7,1.3
-69.2,1.3
-68.7,1.3
-68.2,1.3
-67.7,1.3
-67.2,1.3
-66.7,1.3
-66.2,1.3
-65.7,1.3
-65.2,1.3
-64.7,1.3
-64.2,1.3
-63.7,1.3
-63.2,1.3
-62.7,1.3
-62.2,1.3
-61.7,1.3
-61.2,1.3
-60.7,1.3
-60.2,1.3
-59.7,1.3
-59.2,1.3
-58.7,1.3
-58.2,1.3
-57.7,1.3
-57.2,1.3
-56.7,1.3
-56.2,1.3
-55.7,1.3
-55.2,1.3
-54.7,1.3
-54.2,1.3
-53.7,1.3
-53.2,1.3
-52.7,1.3
-52.2,1.3
-51.7,1.3
-51.2,1.3
-50.7,1.3
-50.2,1.3
-78.7,1.8
-78.2,1.8
-77.7,1.8
-77.2,1.8
-76.7,1.8
-76.2,1.8
-75.7,1.8
-75.2,1.8
-74.7,1.8
-74.2,1.8
-73.7,1.8
-73.2,1.8
-72.7,1.8
-72.2,1.8
-71.7,1.8
-71.2,1.8
-70.7,1.8
-70.2,1.8
-69.7,1.8
-69.2,1.8
-68.7,1.8
-68.2,1.8
-67.7,1.8
-67.2,1.8
-66.7,1.8
-66.2,1.8
-65.7,1.8
-65.2,1.8
-64.7,1.8
-64.2,1.8
-63.7,1.8
-63.2,1.8
-62.7,1.8
-62.2,1.8
-61.7,1.8
-61.2,1.8
-60.7,1.8
-60.2,1.8
-59.7,1.8
-59.2,1.8
-58.7,1.8
-58.2,1.8
-57.7,1.8
-57.2,1.8
-56.7,1.8
-56.2,1.8
-55.7,1.8
-55.2,1.8
-54.7,1.8
-54.2,1.8
-53.7,1.8
-53.2,1.8
-52.7,1.8
-52.2,1.8
-51.7,1.8
-51.2,1.8
-50.7,1.8
-78.2,2.3
-77.7,2.3
-77.2,2.3
-76.7,2.3
-76.2,2.3
-75.7,2.3
-75.2,2.3
-74.7,2.3
-74.2,2.3
-73.7,2.3
-73.2,2.3
-72.7,2.3
-72.2,2.3
-71.7,2.3
-71.2,2.3
-70.7,2.3
-70.2,2.3
-69.7,2.3
-69.2,2.3
-68.7,2.3
-68.2,2.3
-67.7,2.3
-67.2,2.3
-66.7,2.3
-66.2,2.3
-65.7,2.3
-65.2,2.3
-64.7,2.3
-64.2,2.3
-63.7,2.3
-63.2,2.3
-62.7,2.3
-62.2,2.3
-61.7,2.3
-61.2,2.3
-60.7,2.3
-60.2,2.3
-59.7,2.3
-59.2,2.3
-58.7,2.3
-58.2,2.3
-57.7,2.3
-57.2,2.3
-56.7,2.3
-56.2,2.3
-55.7,2.3
-55.2,2.3
-54.7,2.3
-54.2,2.3
-53.7,2.3
-53.2,2.3
-52.7,2.3
-52.2,2.3
-51.7,2.3
-51.2,2.3
-77.7,2.8
-77.2,2.8
-76.7,2.8
-76.2,2.8
-75.7,2.8
-75.2,2.8
-74.7,2.8
-74.2,2.8
-73.7,2.8
-73.2,2.8
-72.7,2.8
-72.2,2.8
-71.7,2.8
-71.2,2.8
-70.7,2.8
-70.2,2.8
-69.7,2.8
-69.2,2.8
-68.7,2.8
-68.2,2.8
-67.7,2.8
-67.2,2.8
-66.7,2.8
-66.2,2.8
-65.7,2.8
-65.2,2.8
-64.7,2.8
-64.2,2.8
-63.7,2.8
-63.2,2.8
-62.7,2.8
-62.2,2.8
-61.7,2.8
-61.2,2.8
-60.7,2.8
-60.2,2.8
-59.7,2.8
-59.2,2.8
-58.7,2.8
-58.2,2.8
-57.7,2.8
-57.2,2.8
-56.7,2.8
-56.2,2.8
-55.7,2.8
-55.2,2.8
-54.7,2.8
-54.2,2.8
-53.7,2.8
-53.2,2.8
-52.7,2.8
-52.2,2.8
-51.7,2.8
-51.2,2.8
-77.2,3.3
-76.7,3.3
-76.2,3.3
-75.7,3.3
-75.2,3.3
-74.7,3.3
-74.2,3.3
-73.7,3.3
-73.2,3.3
-72.7,3.3
-72.2,3.3
-71.7,3.3
-71.2,3.3
-70.7,3.3
-70.2,3.3
-69.7,3.3
-69.2,3.3
-68.7,3.3
-68.2,3.3
-67.7,3.3
-67.2,3.3
-66.7,3.3
-66.2,3.3
-65.7,3.3
-65.2,3.3
-64.7,3.3
-64.2,3.3
-63.7,3.3
-63.2,3.3
-62.7,3.3
-62.2,3.3
-61.7,3.3
-61.2,3.3
-60.7,3.3
-60.2,3.3
-59.7,3.3
-59.2,3.3
-58.7,3.3
-58.2,3.3
-57.7,3.3
-57.2,3.3
-56.7,3.3
-56.2,3.3
-55.7,3.3
-55.2,3.3
-54.7,3.3
-54.2,3.3
-53.7,3.3
-53.2,3.3
-52.7,3.3
-52.2,3.3
-51.7,3.3
-51.2,3.3
-76.7,3.8
-76.2,3.8
-75.7,3.8
-75.2,3.8
-74.7,3.8
-74.2,3.8
-73.7,3.8
-73.2,3.8
-72.7,3.8
-72.2,3.8
-71.7,3.8
-71.2,3.8
-70.7,3.8
-70.2,3.8
-69.7,3.8
-69.2,3.8
-68.7,3.8
-68.2,3.8
-67.7,3.8
-67.2,3.8
-66.7,3.8
-66.2,3.8
-65.7,3.8
-65.2,3.8
-64.7,3.8
-64.2,3.8
-63.7,3.8
-63.2,3.8
-62.7,3.8
-62.2,3.8
-61.7,3.8
-61.2,3.8
-60.7,3.8
-60.2,3.8
-59.7,3.8
-59.2,3.8
-58.7,3.8
-58.2,3.8
-57.7,3.8
-57.2,3.8
-56.7,3.8
-56.2,3.8
-55.7,3.8
-55.2,3.8
-54.7,3.8
-54.2,3.8
-53.7,3.8
-53.2,3.8
-52.7,3.8
-52.2,3.8
-51.7,3.8
-51.2,3.8
-77.2,4.3
-76.7,4.3
-76.2,4.3
-75.7,4.3
-75.2,4.3
-74.7,4.3
-74.2,4.3
-73.7,4.3
-73.2,4.3
-72.7,4.3
-72.2,4.3
-71.7,4.3
-71.2,4.3
-70.7,4.3
-70.2,4.3
-69.7,4.3
-69.2,4.3
-68.7,4.3
-68.2,4.3
-67.7,4.3
-67.2,4.3
-66.7,4.3
-66.2,4.3
-65.7,4.3
-65.2,4.3
-64.7,4.3
-64.2,4.3
-63.7,4.3
-63.2,4.3
-62.7,4.3
-62.2,4.3
-61.7,4.3
-61.2,4.3
-60.7,4.3
-60.2,4.3
-59.7,4.3
-59.2,4.3
-58.7,4.3
-58.2,4.3
-57.7,4.3
-57.2,4.3
-56.7,4.3
-56.2,4.3
-55.7,4.3
-55.2,4.3
-54.7,4.3
-54.2,4.3
-53.7,4.3
-53.2,4.3
-52.7,4.3
-52.2,4.3
-77.2,4.8
-76.7,4.8
-76.2,4.8
-75.7,4.8
-75.2,4.8
-74.7,4.8
-74.2,4.8
-73.7,4.8
-73.2,4.8
-72.7,4.8
-72.2,4.8
-71.7,4.8
-71.2,4.8
-70.7,4.8
-70.2,4.8
-69.7,4.8
-69.2,4.8
-68.7,4.8
-68.2,4.8
-67.7,4.8
-67.2,4.8
-66.7,4.8
-66.2,4.8
-65.7,4.8
-65.2,4.8
-64.7,4.8
-64.2,4.8
-63.7,4.8
-63.2,4.8
-62.7,4.8
-62.2,4.8
-61.7,4.8
-61.2,4.8
-60.7,4.8
-60.2,4.8
-59.7,4.8
-59.2,4.8
-58.7,4.8
-58.2,4.8
-57.7,4.8
-57.2,4.8
-56.7,4.8
-56.2,4.8
-55.7,4.8
-55.2,4.8
-54.7,4.8
-54.2,4.8
-53.7,4.8
-53.2,4.8
-52.7,4.8
-52.2,4.8
-77.2,5.3
-76.7,5.3
-76.2,5.3
-75.7,5.3
-75.2,5.3
-74.7,5.3
-74.2,5.3
-73.7,5.3
-73.2,5.3
-72.7,5.3
-72.2,5.3
-71.7,5.3
-71.2,5.3
-70.7,5.3
-70.2,5.3
-69.7,5.3
-69.2,5.3
-68.7,5.3
-68.2,5.3
-67.7,5.3
-67.2,5.3
-66.7,5.3
-66.2,5.3
-65.7,5.3
-65.2,5.3
-64.7,5.3
-64.2,5.3
-63.7,5.3
-63.2,5.3
-62.7,5.3
-62.2,5.3
-61.7,5.3
-61.2,5.3
-60.7,5.3
-60.2,5.3
-59.7,5.3
-59.2,5.3
-58.7,5.3
-58.2,5.3
-57.7,5.3
-57.2,5.3
-56.7,5.3
-56.2,5.3
-55.7,5.3
-55.2,5.3
-54.7,5.3
-54.2,5.3
-53.7,5.3
-53.2,5.3
-77.2,5.8
-76.7,5.8
-76.2,5.8
-75.7,5.8
-75.2,5.8
-74.7,5.8
-74.2,5.8
-73.7,5.8
-73.2,5.8
-72.7,5.8
-72.2,5.8
-71.7,5.8
-71.2,5.8
-70.7,5.8
-70.2,5.8
-69.7,5.8
-69.2,5.8
-68.7,5.8
-68.2,5.8
-67.7,5.8
-67.2,5.8
-66.7,5.8
-66.2,5.8
-65.7,5.8
-65.2,5.8
-64.7,5.8
-64.2,5.8
-63.7,5.8
-63.2,5.8
-62.7,5.8
-62.2,5.8
-61.7,5.8
-61.2,5.8
-60.7,5.8
-60.2,5.8
-59.7,5.8
-59.2,5.8
-58.7,5.8
-58.2,5.8
-57.7,5.8
-57.2,5.8
-56.7,5.8
-56.2,5.8
-55.7,5.8
-55.2,5.8
-54.7,5.8
-54.2,5.8
-77.2,6.3
-76.7,6.3
-76.2,6.3
-75.7,6.3
-75.2,6.3
-74.7,6.3
-74.2,6.3
-73.7,6.3
-73.2,6.3
-72.7,6.3
-72.2,6.3
-71.7,6.3
-71.2,6.3
-70.7,6.3
-70.2,6.3
-69.7,6.3
-69.2,6.3
-68.7,6.3
-68.2,6.3
-67.7,6.3
-67.2,6.3
-66.7,6.3
-66.2,6.3
-65.7,6.3
-65.2,6.3
-64.7,6.3
-64.2,6.3
-63.7,6.3
-63.2,6.3
-62.7,6.3
-62.2,6.3
-61.7,6.3
-61.2,6.3
-60.7,6.3
-60.2,6.3
-59.7,6.3
-59.2,6.3
-58.7,6.3
-58.2,6.3
-57.7,6.3
-77.2,6.8
-76.7,6.8
-76.2,6.8
-75.7,6.8
-75.2,6.8
-74.7,6.8
-74.2,6.8
-73.7,6.8
-73.2,6.8
-72.7,6.8
-72.2,6.8
-71.7,6.8
-71.2,6.8
-70.7,6.8
-70.2,6.8
-69.7,6.8
-69.2,6.8
-68.7,6.8
-68.2,6.8
-67.7,6.8
-67.2,6.8
-66.7,6.8
-66.2,6.8
-65.7,6.8
-65.2,6.8
-64.7,6.8
-64.2,6.8
-63.7,6.8
-63.2,6.8
-62.7,6.8
-62.2,6.8
-61.7,6.8
-61.2,6.8
-60.7,6.8
-60.2,6.8
-59.7,6.8
-59.2,6.8
-58.7,6.8
-58.2,6.8
-80.7,7.3
-77.7,7.3
-77.2,7.3
-76.7,7.3
-76.2,7.3
-75.7,7.3
-75.2,7.3
-74.7,7.3
-74.2,7.3
-73.7,7.3
-73.2,7.3
-72.7,7.3
-72.2,7.3
-71.7,7.3
-71.2,7.3
-70.7,7.3
-70.2,7.3
-69.7,7.3
-69.2,7.3
-68.7,7.3
-68.2,7.3
-67.7,7.3
-67.2,7.3
-66.7,7.3
-66.2,7.3
-65.7,7.3
-65.2,7.3
-64.7,7.3
-64.2,7.3
-63.7,7.3
-63.2,7.3
-62.7,7.3
-62.2,7.3
-61.7,7.3
-61.2,7.3
-60.7,7.3
-60.2,7.3
-59.7,7.3
-59.2,7.3
-58.7,7.3
-81.2,7.8
-80.7,7.8
-78.2,7.8
-77.7,7.8
-77.2,7.8
-76.7,7.8
-76.2,7.8
-75.7,7.8
-75.2,7.8
-74.7,7.8
-74.2,7.8
-73.7,7.8
-73.2,7.8
-72.7,7.8
-72.2,7.8
-71.7,7.8
-71.2,7.8
-70.7,7.8
-70.2,7.8
-69.7,7.8
-69.2,7.8
-68.7,7.8
-68.2,7.8
-67.7,7.8
-67.2,7.8
-66.7,7.8
-66.2,7.8
-65.7,7.8
-65.2,7.8
-64.7,7.8
-64.2,7.8
-63.7,7.8
-63.2,7.8
-62.7,7.8
-62.2,7.8
-61.7,7.8
-61.2,7.8
-60.7,7.8
-60.2,7.8
-59.7,7.8
-59.2,7.8
-81.2,8.3
-80.7,8.3
-78.2,8.3
-77.7,8.3
-77.2,8.3
-76.7,8.3
-76.2,8.3
-75.7,8.3
-75.2,8.3
-74.7,8.3
-74.2,8.3
-73.7,8.3
-73.2,8.3
-72.7,8.3
-72.2,8.3
-71.7,8.3
-71.2,8.3
-70.7,8.3
-70.2,8.3
-69.7,8.3
-69.2,8.3
-68.7,8.3
-68.2,8.3
-67.7,8.3
-67.2,8.3
-66.7,8.3
-66.2,8.3
-65.7,8.3
-65.2,8.3
-64.7,8.3
-64.2,8.3
-63.7,8.3
-63.2,8.3
-62.7,8.3
-62.2,8.3
-61.7,8.3
-61.2,8.3
-60.7,8.3
-60.2,8.3
-59.7,8.3
-80.7,8.8
-80.2,8.8
-78.7,8.8
-78.2,8.8
-77.7,8.8
-76.2,8.8
-75.7,8.8
-75.2,8.8
-74.7,8.8
-74.2,8.8
-73.7,8.8
-73.2,8.8
-72.7,8.8
-72.2,8.8
-71.7,8.8
-71.2,8.8
-70.7,8.8
-70.2,8.8
-69.7,8.8
-69.2,8.8
-68.7,8.8
-68.2,8.8
-67.7,8.8
-67.2,8.8
-66.7,8.8
-66.2,8.8
-65.7,8.8
-65.2,8.8
-64.7,8.8
-64.2,8.8
-63.7,8.8
-63.2,8.8
-62.7,8.8
-62.2,8.8
-61.7,8.8
-61.2,8.8
-79.7,9.3
-79.2,9.3
-78.7,9.3
-75.7,9.3
-75.2,9.3
-74.7,9.3
-74.2,9.3
-73.7,9.3
-73.2,9.3
-72.7,9.3
-72.2,9.3
-70.7,9.3
-70.2,9.3
-69.7,9.3
-69.2,9.3
-68.7,9.3
-68.2,9.3
-67.7,9.3
-67.2,9.3
-66.7,9.3
-66.2,9.3
-65.7,9.3
-65.2,9.3
-64.7,9.3
-64.2,9.3
-63.7,9.3
-63.2,9.3
-62.7,9.3
-62.2,9.3
-61.7,9.3
-61.2,9.3
-75.2,9.8
-74.7,9.8
-74.2,9.8
-73.7,9.8
-73.2,9.8
-72.7,9.8
-72.2,9.8
-70.7,9.8
-70.2,9.8
-69.7,9.8
-69.2,9.8
-68.7,9.8
-68.2,9.8
-67.7,9.8
-67.2,9.8
-66.7,9.8
-66.2,9.8
-65.7,9.8
-65.2,9.8
-64.7,9.8
-64.2,9.8
-63.7,9.8
-63.2,9.8
-62.7,9.8
-62.2,9.8
-61.7,9.8
-75.2,10.3
-74.7,10.3
-74.2,10.3
-73.7,10.3
-73.2,10.3
-72.7,10.3
-72.2,10.3
-71.2,10.3
-70.7,10.3
-70.2,10.3
-69.7,10.3
-69.2,10.3
-68.7,10.3
-68.2,10.3
-67.7,10.3
-67.2,10.3
-66.7,10.3
-66.2,10.3
-64.2,10.3
-63.7,10.3
-63.2,10.3
-62.7,10.3
-61.2,10.3
-75.2,10.8
-74.7,10.8
-74.2,10.8
-73.7,10.8
-73.2,10.8
-72.7,10.8
-72.2,10.8
-71.7,10.8
-71.2,10.8
-70.7,10.8
-70.2,10.8
-69.7,10.8
-69.2,10.8
-68.7,10.8
-61.2,10.8
-73.2,11.3
-72.7,11.3
-72.2,11.3
-70.2,11.3
-69.7,11.3
-69.2,11.3
-68.7,11.3
-72.2,11.8
-71.7,11.8
-70.2,11.8
-71.7,12.3
