lat,lon,status,host
37.4220406,-122.0840092,Present,Platanus x acerifolia
23.29,72.69,Present,Acer sp.
23.29,72.64,Present,Acer buergerianum
23.29,72.64,Present,Combretum erythrophyllum
23.29,72.64,Present,Platanus x acerifolia
23.28,72.64,Present,Acer buergerianum
23.28,72.64,Present,Combretum erythrophyllum
23.27,72.64,Present,Acer buergerianum
23.27,72.64,Present,Combretum erythrophyllum
23.0418658,72.6619059,Present,Platanus x acerifolia
-34.080756,23.063263,Present,Unknown tree species
-34.079253,23.061677,Present,Unknown
-34.079253,23.061677,Present,Virgilia divaricata
-34.066736,18.8453,Present,Unknown
-34.04755,23.23102,Present,Unknown
-34.032763,23.045209,Present,Grewia occidentalis
-34.0321,23.051542,Present,Acacia mearnsii
-34.0321,23.051542,Present,Unknown tree species
-34.03075,23.04333,Present,Unknown
-34.016013,22.802059,Present,Quercus robur
-34.016013,22.802059,Present,Unknown
-34.01014,23.28681,Present,Unknown
-33.99254,18.46523,Present,Acer negundo
-33.98439,22.60823,Present,Unknown
-33.983048,24.02145,Present,Afrocarpus falcatus
-33.983048,24.02145,Present,Unknown
-33.97308,18.45563,Present,Acer negundo
-33.968302,23.930695,Present,Virgilia divaricata
-33.968302,23.930695,Present,Unknown
-33.96603,23.89533,Present,Unknown
-33.95943,18.46889,Present,Acer negundo
-33.95692,22.49811,Present,Unknown
-33.947283,22.463777,Present,Calodendron capense
-33.947283,22.463777,Present,Podalyria calyptrata
-33.947283,22.463777,Present,Prunus africana
-33.947282,22.463574,Present,Unknown
-33.947113,22.463449,Present,Salix mucronata
-33.94634,22.463518,Present,Psoralea pinata
-33.94310297,20.07717528,Present,Liquidambar styraciflua
-33.94310297,20.07717528,Present,Diospyros dichrophylla
-33.94310297,20.07717528,Present,Acer negundo
-33.94308,22.46075,Present,Unknown
-33.940962,22.462223,Present,Rapanea melanophloeos
-33.94047352,18.83126312,Present,Liquidambar styraciflua
-33.9404516,18.83114542,Present,Acer negundo
-33.94044791,18.8309913,Present,Acer negundo
-33.93851,18.82824,Present,Unknown
-33.93562,18.86574,Present,Ficus macrophylla
-33.88797,22.96581,Present,Unknown
-33.84494212,22.46020694,Present,Halleria lucida
-33.84494212,22.46020694,Present,Taxodium distichum
-33.78373209,23.04946885,Present,Podocarpus falcatus
-33.78373209,23.04946885,Present,Gymnosporia buxifolia
-33.78373209,23.04946885,Present,Ekebergia capensis
-33.75644329,23.01315932,Present,Vachellia karroo
-33.75644329,23.01315932,Present,Quercus robur
-33.73193963,23.01315719,Present,Quercus robur
-33.73193963,23.01315719,Present,Acacia melanoxylon
-33.71134904,23.10274312,Present,Erythrina caffra
-33.70379756,22.41224705,Present,Ulmus minor
-33.70379756,22.41224705,Present,Acer palmatum
-33.70379756,22.41224705,Present,Erythrina caffra
-33.69432947,22.93960625,Present,Schotia brachypetala
-33.591667,26.8875,Present,Unknown
-33.31,26.526667,Present,Unknown
-32.983333,27.866667,Present,Unknown
-30.62918,30.53091,Present,Unknown
-30.341426,30.748077,Present,Unknown
-30.273679,30.750728,Present,Unknown
-29.882079,30.962844,Present,Unknown
-29.882079,30.962844,Present,Ricinus communis
-29.84811,31.005992,Present,Monoon longifolium
-29.847598,31.007848,Present,Cananga odorata
-29.847551,31.007941,Present,Unknown tree species
-29.847379,31.00658,Present,Cordia myxa
-29.847248,31.006843,Present,Unknown tree species
-29.846632,31.007976,Present,Ficus sp.
-29.846284,31.015516,Present,Unknown
-29.816708,31.016197,Present,Unknown
-29.798967,30.785313,Present,Liquidambar styraciflua
-29.798967,30.785313,Present,Unknown
-29.78997465,30.8299748,Present,Erythrina livinstoniana
-29.770675,31.053953,Present,Unknown
-29.759245,30.824023,Present,Unknown
-29.75911015,30.8240289,Present,Erythrina livinstoniana
-29.71276,31.092587,Present,Unknown
-29.6966798,30.97692266,Present,Ricinus communis
-29.648045,30.973377,Present,Unknown
-29.61011733,30.82008765,Present,Liquidambar styraciflua
-29.60767901,30.34774691,Present,Platanus x acerifolia
-29.60710923,30.3473202,Present,Platanus x acerifolia
-29.607051,30.3468499,Present,Unknown
-29.606727,30.346871,Present,Platanus x acerifolia
-29.605866,30.348295,Present,Commiphora harveyi
-29.604865,30.34712,Present,Metasequoia glyptostroboides
-29.5763247,31.1792611,Present,Unknown
-29.54687622,31.2076822,Present,Unknown
-29.54687012,31.20776129,Present,Unknown
-29.54674262,31.20728391,Present,Unknown
-29.5466806,31.2078134,Present,Unknown
-29.5453519,30.2470649,Present,Acer negundo
-29.54355667,31.20421,Present,Unknown
-29.54350167,31.20434,Present,Unknown
-29.5327915,31.2070066,Present,Unknown
-29.51453828,31.22740854,Present,Albizia adianthifolia
-29.513971,31.216651,Present,Unknown
-29.513758,31.219627,Present,Albizia adianthifolia
-29.4951094,30.3026916,Present,Platanus x acerifolia
-29.3221,31.331622,Present,Bauhinia purpurea
-29.3221,31.331622,Present,Unknown
-29.116667,26.216667,Present,Unknown
-29.032,31.506778,Present,Unknown
-29.00303821,29.42198759,Present,Platanus x acerifolia
-29.0023162,29.47122748,Present,Platanus x acerifolia
-28.90354,31.44901,Present,Senna multijuga
-28.814735,31.892659,Present,Unknown
-28.814735,31.892659,Present,Adansonia digitata
-27.942422,24.837794,Present,Unknown
-27.9146668,24.8335658,Present,Carya illinoinensis
-27.910529,24.848938,Present,Unknown
-26.767541,26.433667,Present,Unknown
-26.30341127,28.01213649,Present,Combretum erythrophyllum
-26.30340815,28.01220517,Present,Combretum erythrophyllum
-26.30338719,28.01214002,Present,Combretum erythrophyllum
-26.266111,27.865833,Present,Unknown
-26.2172222,28.20138889,Present,Unknown
-26.19077667,28.03105333,Present,Platanus x acerifolia
-26.18919333,28.02985167,Present,Platanus x acerifolia
-26.179444,28.136111,Present,Unknown
-26.17434415,28.12985382,Present,Liquidamber
-26.17434415,28.12985382,Present,Podocarpus henkelii
-26.17434415,28.12985382,Present,Salix alba
-26.17434415,28.12985382,Present,Vibernum sinensis
-26.17434415,28.12985382,Present,Combretum erythrophyllum
-26.17434415,28.12985382,Present,Combretum sp.
-26.16776,28.07214,Present,Platanus x acerifolia
-26.1677,28.07437,Present,Acer buergerianum
-26.16767,28.07433,Present,Acer buergerianum
-26.16766,28.07359,Present,Platanus x acerifolia
-26.16766,28.07157,Present,Platanus x acerifolia
-26.16765,28.07447,Present,Acer buergerianum
-26.16764,28.07374,Present,Platanus x acerifolia
-26.16764,28.07123,Present,Platanus x acerifolia
-26.16764,28.07071,Present,Platanus x acerifolia
-26.16764,28.07039,Present,Platanus x acerifolia
-26.16764,28.069,Present,Platanus x acerifolia
-26.16764,28.06765,Present,Platanus x acerifolia
-26.16763,28.07273,Present,Platanus x acerifolia
-26.16763,28.07248,Present,Platanus x acerifolia
-26.16763,28.07231,Present,Platanus x acerifolia
-26.16763,28.07165,Present,Platanus x acerifolia
-26.16763,28.07118,Present,Platanus x acerifolia
-26.16763,28.07005,Present,Platanus x acerifolia
-26.16762,28.07226,Present,Platanus x acerifolia
-26.16762,28.07089,Present,Platanus x acerifolia
-26.16762,28.06913,Present,Platanus x acerifolia
-26.16761,28.06929,Present,Platanus x acerifolia
-26.16761,28.0687,Present,Platanus x acerifolia
-26.16761,28.06868,Present,Platanus x acerifolia
-26.1676,28.06819,Present,Platanus x acerifolia
-26.16758,28.0668,Present,Platanus x acerifolia
-26.16757,28.06791,Present,Platanus x acerifolia
-26.16757,28.06707,Present,Platanus x acerifolia
-26.16757,28.06663,Present,Platanus x acerifolia
-26.16757,28.06639,Present,Platanus x acerifolia
-26.16722,28.07294,Present,Platanus x acerifolia
-26.16447,28.05338,Present,Quercus robur
-26.16446,28.0534,Present,Quercus robur
-26.16429,28.05217,Present,Cussonia spicata
-26.16424,28.0534,Present,Platanus x acerifolia
-26.16363,28.06408,Present,Acer Negundo
-26.16362,28.06494,Present,Platanus x acerifolia
-26.16361,28.06377,Present,Platanus x acerifolia
-26.16361,28.06366,Present,Platanus x acerifolia
-26.16361,28.06315,Present,Platanus x acerifolia
-26.16361,28.0629,Present,Platanus x acerifolia
-26.16361,28.06281,Present,Platanus x acerifolia
-26.16360334,28.114099,Present,Combretum erythrophyllum
-26.1636,28.06484,Present,Platanus x acerifolia
-26.1636,28.06469,Present,Platanus x acerifolia
-26.1636,28.0634,Present,Platanus x acerifolia
-26.1636,28.06303,Present,Platanus x acerifolia
-26.16359075,28.1141083,Present,Combretum erythrophyllum
-26.16359,28.06355,Present,Platanus x acerifolia
-26.16359,28.06264,Present,Platanus x acerifolia
-26.16359,28.06122,Present,Platanus x acerifolia
-26.16358385,28.11409588,Present,Combretum erythrophyllum
-26.16358,28.06328,Present,Platanus x acerifolia
-26.16358,28.06255,Present,Platanus x acerifolia
-26.16358,28.06141,Present,Platanus x acerifolia
-26.16358,28.06107,Present,Platanus x acerifolia
-26.16357,28.06155,Present,Platanus x acerifolia
-26.16357,28.06082,Present,Platanus x acerifolia
-26.16357,28.05929,Present,Platanus x acerifolia
-26.16356,28.06224,Present,Platanus x acerifolia
-26.16356,28.06203,Present,Platanus x acerifolia
-26.16356,28.06059,Present,Platanus x acerifolia
-26.16356,28.05954,Present,Platanus x acerifolia
-26.16356,28.05947,Present,Platanus x acerifolia
-26.16356,28.059,Present,Platanus x acerifolia
-26.16355,28.06092,Present,Platanus x acerifolia
-26.16355,28.06008,Present,Platanus x acerifolia
-26.16355,28.0589,Present,Platanus x acerifolia
-26.16355,28.05878,Present,Platanus x acerifolia
-26.16355,28.05867,Present,Platanus x acerifolia
-26.16354,28.05968,Present,Platanus x acerifolia
-26.16354,28.05852,Present,Platanus x acerifolia
-26.16353,28.0592,Present,Platanus x acerifolia
-26.16352,28.0614,Present,Platanus x acerifolia
-26.16247,28.06417,Present,Betula pendula
-26.16247,28.06413,Present,Betula pendula
-26.16247,28.06409,Present,Betula pendula
-26.16247,28.06396,Present,Betula pendula
-26.16246,28.06424,Present,Betula pendula
-26.16246,28.06422,Present,Betula pendula
-26.16245,28.06428,Present,Betula pendula
-26.16245,28.06393,Present,Betula pendula
-26.16245,28.06388,Present,Betula pendula
-26.16245,28.06378,Present,Betula pendula
-26.16244,28.0643,Present,Betula pendula
-26.16244,28.06384,Present,Betula pendula
-26.16244,28.06381,Present,Betula pendula
-26.16243,28.06471,Present,Tipuana tipu
-26.16243,28.06467,Present,Tipuana tipu
-26.16243,28.06455,Present,Tipuana tipu
-26.16243,28.06454,Present,Tipuana tipu
-26.16242,28.06436,Present,Betula pendula
-26.16225,28.06111,Present,Betula pendula
-26.16225,28.06109,Present,Betula pendula
-26.1609264,28.1124507,Present,Combretum erythrophyllum
-26.1607835,28.0122521,Present,Quercus sp.
-26.16061,28.05345,Present,Platanus x acerifolia
-26.16054351,28.01260295,Present,Quercus robur
-26.16051,28.05346,Present,Platanus x acerifolia
-26.16039,28.05486,Present,Celtis africana
-26.16038,28.05472,Present,Celtis africana
-26.16037,28.05554,Present,Celtis africana
-26.16036,28.05553,Present,Celtis africana
-26.16036,28.05546,Present,Celtis africana
-26.16035,28.05487,Present,Celtis africana
-26.16034,28.05485,Present,Celtis africana
-26.16033,28.05455,Present,Celtis africana
-26.16033,28.05447,Present,Celtis africana
-26.16033,28.05439,Present,Celtis africana
-26.16032,28.05428,Present,Jacaranda mimosifolia
-26.16032,28.05415,Present,Cedrus
-26.16032,28.05325,Present,Jacaranda mimosifolia
-26.16032,28.05301,Present,Jacaranda mimosifolia
-26.16031,28.05373,Present,Jacaranda mimosifolia
-26.16031,28.05248,Present,Jacaranda mimosifolia
-26.16029,28.05184,Present,Pinophyta sp.
-26.16028,28.05197,Present,Pinophyta sp.
-26.16028,28.05188,Present,Pinophyta sp.
-26.16028,28.05085,Present,Celtis africana
-26.16027,28.05221,Present,Acer buergerianum
-26.16027,28.05145,Present,Platanus x acerifolia
-26.16027,28.05132,Present,Platanus x acerifolia
-26.16026,28.05246,Present,Jacaranda mimosifolia
-26.16026,28.05109,Present,Platanus x acerifolia
-26.16025,28.05202,Present,Pinophyta sp.
-26.16013,28.05348,Present,Platanus x acerifolia
-26.15985,28.05347,Present,Platanus x acerifolia
-26.15963,28.0473,Present,Celtis africana
-26.15914,28.04735,Present,Acer buergerianum
-26.15903,28.05349,Present,Platanus x acerifolia
-26.15874,28.0535,Present,Platanus x acerifolia
-26.15873,28.04733,Present,Fraxinus excelsior
-26.15866,28.05351,Present,Platanus x acerifolia
-26.15859,28.05351,Present,Platanus x acerifolia
-26.15848,28.0535,Present,Platanus x acerifolia
-26.15807,28.05353,Present,Platanus x acerifolia
-26.15795,28.05352,Present,Platanus x acerifolia
-26.157512,28.0183908,Present,Platanus x acerifolia
-26.15741,28.05352,Present,Platanus x acerifolia
-26.15736405,28.01856124,Present,Platanus racemosa
-26.15732,28.04737,Present,Acer buergerianum
-26.15704296,27.99910901,Present,Vachellia galpinii
-26.15684131,28.01867612,Present,Platanus racemosa
-26.15680098,27.998734,Present,Vachellia sieberiana var. woodii
-26.15673761,28.01870604,Present,Platanus x acerifolia
-26.15673,28.05346,Present,Platanus x acerifolia
-26.1566803,28.0184878,Present,Platanus racemosa
-26.15665051,28.01874398,Present,Platanus x acerifolia
-26.15658,28.05349,Present,Platanus x acerifolia
-26.15655604,28.01874485,Present,Platanus x acerifolia
-26.15647,28.05348,Present,Platanus x acerifolia
-26.15644,28.04746,Present,Liquidambar styraciflua
-26.15643557,28.03293307,Present,Platanus x acerifolia
-26.15643,28.04742,Present,Liquidambar styraciflua
-26.15631,28.05341,Present,Platanus x acerifolia
-26.1563,28.0474,Present,Olea europaea subsp. cuspidata
-26.15629719,28.01880703,Present,Platanus racemosa
-26.1562512,28.0185258,Present,Platanus racemosa
-26.156,28.05359,Present,Platanus x acerifolia
-26.156,28.04747,Present,Fraxinus excelsior
-26.15599,28.04739,Present,Liquidambar styraciflua
-26.15593,28.05363,Present,Platanus x acerifolia
-26.1559,28.04748,Present,Liquidambar styraciflua
-26.15586,28.05359,Present,Platanus x acerifolia
-26.15579,28.05366,Present,Platanus x acerifolia
-26.15572,28.04739,Present,Liquidambar styraciflua
-26.15479296,28.01909533,Present,Platanus racemosa
-26.15465182,28.01915073,Present,Platanus sp.
-26.15419525,28.00133851,Present,Platanus x acerifolia
-26.15417854,28.00119256,Present,Platanus x acerifolia
-26.15413333,28.001195,Present,Platanus x acerifolia
-26.15411167,28.00125573,Present,Platanus x acerifolia
-26.15406542,28.00229924,Present,Platanus x acerifolia
-26.1539722,28.0166008,Present,Platanus x acerifolia
-26.15391031,28.00181625,Present,Platanus x acerifolia
-26.15367211,28.03215861,Present,Acer buergerianum
-26.1535677,28.0322618,Present,Quercus sp.
-26.1504516,28.0015911,Present,Eucalyptus sp.
-26.14902,28.0019571,Present,Platanus x acerifolia
-26.14810533,28.03751254,Present,Platanus racemosa
-26.1479384,28.0371105,Present,Platanus racemosa
-26.1476477,28.0393217,Present,Platanus racemosa
-26.1476325,28.039326,Present,Platanus racemosa
-26.14632494,28.03711782,Present,Platanus racemosa
-26.14625053,28.03874884,Present,Platanus x acerifolia
-26.1462422,28.03703471,Present,Platanus racemosa
-26.1461478,28.0389373,Present,Platanus x acerifolia
-26.14596396,28.03874508,Present,Platanus x acerifolia
-26.1458231,28.0387437,Present,Platanus x acerifolia
-26.1456916,28.0387105,Present,Platanus x acerifolia
-26.14484243,28.03415626,Present,Platanus x acerifolia
-26.14472575,28.03418627,Present,Platanus x acerifolia
-26.14468854,28.0259227,Present,Platanus x acerifolia
-26.14241451,28.03629359,Present,Platanus racemosa
-26.14172805,28.03557817,Present,Platanus x acerifolia
-26.14153045,28.03551455,Present,Platanus x acerifolia
-26.14152546,28.03562989,Present,Platanus x acerifolia
-26.14143309,28.0356127,Present,Platanus x acerifolia
-26.14131738,28.03559259,Present,Platanus x acerifolia
-26.14119312,28.03557607,Present,Platanus x acerifolia
-26.14115624,28.03551857,Present,Platanus x acerifolia
-26.14105771,28.03548949,Present,Platanus x acerifolia
-26.14094677,28.03544129,Present,Platanus x acerifolia
-26.14086907,28.03522185,Present,Platanus x acerifolia
-26.1408446,28.03525832,Present,Platanus x acerifolia
-26.14083756,28.035491,Present,Platanus x acerifolia
-26.14076996,28.03541346,Present,Platanus x acerifolia
-26.140511,28.03532654,Present,Platanus x acerifolia
-26.1404865,28.0351818,Present,Platanus x acerifolia
-26.14041146,28.03524138,Present,Platanus x acerifolia
-26.14033489,28.03528145,Present,Platanus x acerifolia
-26.1403277,28.0358948,Present,Platanus racemosa
-26.140243,28.035074,Present,Platanus x acerifolia
-26.14015347,28.03518933,Present,Platanus racemosa
-26.14014739,28.03509085,Present,Platanus x acerifolia
-26.14010951,28.03519,Present,Platanus racemosa
-26.14004534,28.03503603,Present,Platanus x acerifolia
-26.13981065,28.03514533,Present,Platanus racemosa
-26.13970602,28.03572714,Present,Platanus x acerifolia
-26.13934206,28.03482397,Present,Platanus x acerifolia
-26.13915937,28.03472053,Present,Platanus x acerifolia
-26.13912715,28.03485624,Present,Platanus x acerifolia
-26.1390466,28.0346984,Present,Platanus x acerifolia
-26.13904593,28.03486814,Present,Platanus x acerifolia
-26.13894254,28.03468038,Present,Platanus x acerifolia
-26.1384861,28.0346957,Present,Platanus x acerifolia
-26.13820899,28.05034197,Present,Platanus x acerifolia
-26.13780825,28.03451668,Present,Platanus x acerifolia
-26.13766497,28.03447469,Present,Platanus x acerifolia
-26.13686286,28.03473143,Present,Unknown
-26.13670042,28.03473679,Present,Platanus x acerifolia
-26.13663852,28.03465113,Present,Platanus x acerifolia
-26.13652771,28.03478993,Present,Platanus x acerifolia
-26.13642767,28.03467787,Present,Platanus x acerifolia
-26.13636648,28.03471408,Present,Platanus x acerifolia
-26.13625199,28.03472347,Present,Platanus x acerifolia
-26.1362519,28.03483327,Present,Platanus x acerifolia
-26.13617307,28.03487945,Present,Platanus x acerifolia
-26.13606863,28.03491424,Present,Platanus x acerifolia
-26.1360289,28.0349155,Present,Platanus x acerifolia
-26.13593549,28.03493259,Present,Platanus x acerifolia
-26.13582748,28.03492899,Present,Platanus x acerifolia
-26.1356867,27.8862677,Present,Combretum erythrophyllum
-26.1355267,28.0350339,Present,Platanus x acerifolia
-26.13545889,28.03494274,Present,Platanus x acerifolia
-26.13535495,28.03506671,Present,Platanus x acerifolia
-26.1347383,28.03510551,Present,Platanus x acerifolia
-26.13423027,28.03527215,Present,Platanus x acerifolia
-26.13413627,28.03540483,Present,Platanus x acerifolia
-26.13412328,28.03522554,Present,Platanus x acerifolia
-26.13406205,28.03523652,Present,Platanus x acerifolia
-26.13404822,28.03540994,Present,Platanus x acerifolia
-26.13395836,28.03542905,Present,Platanus x acerifolia
-26.13387911,28.03545361,Present,Platanus x acerifolia
-26.13374081,28.03546526,Present,Platanus x acerifolia
-26.12866174,28.02351746,Present,Acer buergerianum
-26.126011,28.021336,Present,Unknown
-26.10668329,28.02911464,Present,Harpephyllum caffrum
-26.10593973,28.02495637,Present,Platanus x acerifolia
-26.10593973,28.02495637,Present,Vachellia sieberiana var. woodii 
-26.1057115,28.02476686,Present,Betula pendula
-26.1057115,28.02476686,Present,Morus
-26.1057115,28.02476686,Present,Acer buergerianum
-26.105021,28.030278,Present,Unknown
-26.1049046,28.02525154,Present,Ceiba pentandra
-26.10383003,28.02507117,Present,Combretum kraussi
-26.10383003,28.02507117,Present,Vachellia sieberiana var. woodii
-26.10383003,28.02507117,Present,Schotia brachypetala
-26.10372806,28.03296832,Present,Ulmus parvifolia
-26.10372806,28.03296832,Present,Combretum erythrophyllum
-26.1027928,28.0272795,Present,Calodendrum capense
-26.10243507,28.02438587,Present,Acer buergerianum
-26.1024118,28.02792813,Present,Fraxinus excelsior
-26.10215293,28.02751753,Present,Quercus rugosa
-26.10215293,28.02751753,Present,Prunus nigra
-26.10113,28.027624,Present,Vachellia sieberiana var. woodii
-26.10113,28.027624,Present,Combretum erythrophyllum
-26.096622,28.028357,Present,Olea europea subsp. africana
-26.09043198,26.09043198,Present,Cordia caffra
-26.09043197,27.842544,Present,Unknown
-26.07684218,28.04317206,Present,Persea americana
-26.03844,27.89506333,Present,Platanus x acerifolia
-25.980833,28.158373,Present,Unknown
-25.94577863,27.9350399,Present,Acer negundo
-25.931484,27.942296,Present,Unknown
-25.87787912,28.30096602,Present,Quercus sp.
-25.79516731,28.29733592,Present,Acer buergerianum
-25.79506394,28.29748273,Present,Acer buergerianum
-25.79501875,28.29741915,Present,Acer buergerianum
-25.79492876,28.29385103,Present,Acer sp.
-25.79378388,28.29338409,Present,Liquidambar styraciflua
-25.7937613,28.2936016,Present,Liquidambar styraciflua
-25.79316667,28.29262167,Present,Unknown
-25.79262304,28.29276894,Present,Acer buergerianum
-25.7914914,28.2958403,Present,Acer buergerianum
-25.7914099,28.2905908,Present,Acer buergerianum
-25.7913884,28.2954035,Present,Acer buergerianum
-25.79114017,28.2958643,Present,Acer buergerianum
-25.7910991,28.29598987,Present,Acer buergerianum
-25.79050627,28.29596001,Present,Acer buergerianum
-25.77995568,28.29289819,Present,Platanus x acerifolia
-25.77977912,28.29273941,Present,Platanus x acerifolia
-25.77925094,28.29747083,Present,Platanus x acerifolia
-25.77923574,28.29718989,Present,Platanus x acerifolia
-25.7792212,28.22080019,Present,Unknown
-25.77833,28.22054167,Present,Unknown
-25.77792,28.21965667,Present,Unknown
-25.77783,28.22369667,Present,Unknown
-25.777695,28.220235,Present,Unknown
-25.77760833,28.22016167,Present,Unknown
-25.77233792,28.2371266,Present,Platanus racemosa
-25.7721215,28.2295002,Present,Combretum krausii
-25.77185908,28.23037942,Present,Combretum krausii
-25.77121762,28.22897643,Present,Salix alba
-25.77121371,28.22906398,Present,Salix alba
-25.7705534,28.2306966,Present,Salix alba
-25.77034365,28.22966606,Present,Salix alba
-25.7693934,28.22760856,Present,Acer sp.
-25.76935866,28.22741159,Present,Acer sp.
-25.76934278,28.22747946,Present,Acer buergerianum
-25.7689165,28.2316869,Present,Acer sp.
-25.76887367,28.23155924,Present,Acer sp.
-25.7688656,28.2317145,Present,Acer sp.
-25.76861111,28.23138889,Present,Acer negundo
-25.76676232,28.23344549,Present,Erythrina lysistemon
-25.7667021,28.2335764,Present,Erythrina lysistemon
-25.7665968,28.2334408,Present,Erythrina lysistemon
-25.7665508,28.2335337,Present,Erythrina lysistemon
-25.76648705,28.23345317,Present,Erythrina lysistemon
-25.76644745,28.23353027,Present,Erythrina lysistemon
-25.76644158,28.23342561,Present,Erythrina lysistemon
-25.76638409,28.23364824,Present,Erythrina caffra
-25.7663804,28.2335764,Present,Erythrina lysistemon
-25.76466805,28.22142501,Present,Quercus sp.
-25.7599085,28.2307983,Present,Quercus sp.
-25.7598892,28.2308708,Present,Quercus sp.
-25.75776018,28.23806547,Present,Unknown
-25.75643678,28.22613342,Present,Ceiba pentandra
-25.7559215,28.23518114,Present,Unknown
-25.7558108,28.2282258,Present,Other
-25.75564531,28.23568286,Present,Erythrina caffra
-25.7555157,28.2352752,Present,Acer buergerianum
-25.75444444,28.21722222,Present,Platanus x acerifolia
-25.7535067,28.231568,Present,Platanus x acerifolia
-25.75333333,28.19472222,Present,Platanus x acerifolia
-25.75305556,28.21888889,Present,Platanus x acerifolia
-25.75305556,28.20083333,Present,Quercus ilex
-25.7524423,28.2163829,Present,Acer sp.
-25.75221337,28.21823421,Present,Platanus x acerifolia
-25.75210187,28.22870263,Present,Unknown
-25.75207201,28.2287426,Present,Ceiba pentandra
-25.75186152,28.22925393,Present,Bauhinia galpinii
-25.75168547,28.23029375,Present,Liquidambar styraciflua
-25.7516093,28.2318802,Present,Bauhinia purpurea
-25.7515659,28.2315491,Present,Erythrina caffra
-25.75142753,28.22358126,Present,Liquidambar styraciflua
-25.7511471,28.2311335,Present,Other
-25.75111111,28.21027778,Present,Quercus sp.
-25.75109799,28.231106,Present,Other
-25.75107413,28.23073819,Present,Ekebergia capensis
-25.75106018,28.23109949,Present,Other
-25.75094392,28.26108788,Present,Prunus persica
-25.7504381,28.2312667,Present,Liquidambar styraciflua
-25.7500731,28.2449456,Present,Platanus x acerifolia
-25.75,28.24305556,Present,Platanus x acerifolia
-25.7498416,28.2722133,Present,Combretum erythrophyllum
-25.74980435,28.24519531,Present,Platanus x acerifolia
-25.74888889,28.215,Present,Platanus x acerifolia
-25.74861111,28.21833333,Present,Platanus x acerifolia
-25.74839203,28.30116151,Present,Acer buergerianum
-25.74835089,28.30122068,Present,Acer buergerianum
-25.74833333,28.22333333,Present,Platanus x acerifolia
-25.74833333,28.22055556,Present,Platanus x acerifolia
-25.74825081,28.30136099,Present,Platanus x acerifolia
-25.74824396,28.3014825,Present,Acer buergerianum
-25.7480821,28.2270111,Present,Platanus x acerifolia
-25.74805556,28.22833333,Present,Platanus x acerifolia
-25.74805556,28.22666667,Present,Platanus x acerifolia
-25.74805556,28.225,Present,Platanus x acerifolia
-25.74800541,28.30263719,Present,Acer buergerianum
-25.74796153,28.22672665,Present,Acer sp.
-25.74416667,28.20833333,Present,Platanus x acerifolia
-25.74333333,28.2125,Present,Combretum sp.
-25.7393963,28.1912642,Present,Platanus sp.
-25.73916667,28.19194444,Present,Platanus x acerifolia
-25.73916333,28.19048,Present,Platanus sp.
-25.73914667,28.19023167,Present,Platanus sp.
-25.739095,28.19033833,Present,Platanus sp.
-25.7389242,28.1892686,Present,Unknown
-25.73861111,28.19527778,Present,Acacia sp.
-25.73861111,28.18916667,Present,Unknown
-25.7383,28.187974,Present,Senegalia galpinii
-25.7382997,28.1879737,Present,Unknown
-25.7382807,28.1888637,Present,Unknown
-25.73823167,28.18968167,Present,Platanus sp.
-25.7382172,28.1891368,Present,Platanus occidentalis
-25.73815333,28.19075,Present,Unknown
-25.73803667,28.19,Present,Platanus x acerifolia
-25.73776833,28.19017167,Present,Unknown
-25.737768,28.190172,Present,Ceiba speciosa
-25.73771333,28.18987833,Present,Platanus x acerifolia
-25.73737,28.19072167,Present,Unknown
-25.7370798,28.1908018,Present,Unknown
-25.73619833,28.19097333,Present,Liquidambar styraciflua
-25.736058,28.1896368,Present,Unknown
-25.735775,28.18979,Present,Unknown
-25.73556833,28.18998667,Present,Unknown
-25.73519833,28.18981167,Present,Unknown
-25.7351939,28.2219403,Present,Erythrina caffra
-25.7351768,28.2220623,Present,Acer sp.
-25.735,28.22194444,Present,Erythrina sp.
-25.73497654,28.22204348,Present,Acer sp.
-25.73472222,28.22194444,Present,Acer sp.
-25.73423627,28.20162033,Present,Platanus x acerifolia
-25.7342114,28.2215039,Present,Acer negundo
-25.73388889,28.215,Present,Platanus x acerifolia
-25.73367333,28.22084167,Present,Acer sp.
-25.73361111,28.21972222,Present,Acer sp.
-25.73358,28.2213,Present,Acer sp.
-25.73339333,28.22002,Present,Acer sp.
-25.73306,28.22527167,Present,Unknown
-25.73282333,28.22653167,Present,Erythrina lysistemon
-25.73273542,28.2201287,Present,Acer negundo
-25.732725,28.220186,Present,Acer negundo
-25.7327144,28.22008182,Present,Acer negundo
-25.732694,28.219883,Present,Unknown
-25.7325,28.22,Present,Acer negundo
-25.73164,28.22594667,Present,Combretum erythrophyllum
-25.73154333,28.22550667,Present,Combretum erythrophyllum
-25.73123423,28.22094774,Present,Combretum erythrophyllum
-25.7310716,28.2212887,Present,Platanus x acerifolia
-25.7310261,28.2262202,Present,Erythrina lysistemon
-25.730777,28.2260384,Present,Combretum erythrophyllum
-25.7306376,28.2263414,Present,Combretum erythrophyllum
-25.7225,28.21666667,Present,Quercus sp.
-25.72222222,28.21583333,Present,Platanus x acerifolia
-25.7219494,28.2155871,Present,Quercus sp.
-25.7217708,28.2159274,Present,Platanus x acerifolia
-25.71066174,28.21353186,Present,Platanus x acerifolia
-25.710623,28.2147862,Present,Platanus x acerifolia
-25.496129,30.998001,Present,Unknown
-25.45126129,31.9550519,Present,Quercus sp.
-25.45123121,31.95503539,Present,Platanus x acerifolia
-25.45058855,31.95402174,Present,Combretum erythrophyllum
-25.45042065,31.95373604,Present,Liquidambar styraciflua
